record_key,doi,openalex_id,title,authors,year,type,source,cited_by_count,query_ids,title_screen_candidate
10.1002/0471224294,10.1002/0471224294,https://openalex.org/W2498765091,Building Electro‐Optical Systems,Philip C. D. Hobbs,2000,book,,42,Q08,no
10.1002/047134608x.w8298,10.1002/047134608x.w8298,https://openalex.org/W2781525095,Structured Light Techniques and Applications,Tyler Bell; Beiwen Li; Song Zhang,2016,reference-entry,Wiley Encyclopedia of Electrical and Electronics Engineering,82,Q05;Q08,no
10.1002/14651858.cd014911.pub2,10.1002/14651858.cd014911.pub2,https://openalex.org/W4388688503,Artificial intelligence for detecting keratoconus,Magali M.S. Vandevenne; Eleonora Favuzza; Mitko Veta; Ersilia Lucenteforte; Tos T. J. M. Berendschot; Rita Mencucci; Rudy M.M.A. Nuijts; Gianni Virgili; Mor M. Dickman,2023,article,Cochrane Database of Systematic Reviews,25,Q10,no
10.1002/2014gl060906,10.1002/2014gl060906,https://openalex.org/W2145352299,Effect of bed permeability and hyporheic flow on turbulent flow over bed forms,Gianluca Blois; Jim Best; Gregory H. Sambrook Smith; R. J. Hardy,2014,article,Geophysical Research Letters,70,Q08,no
10.1002/2014jf003334,10.1002/2014jf003334,https://openalex.org/W1903016552,Flow structure caused by a local cross‐sectional area increase and curvature in a sharp river bend,Bart Vermeulen; A.J.F. Hoitink; Robert Jan Labeur,2015,article,Journal of Geophysical Research Earth Surface,66,Q02,no
10.1002/2015wr017191,10.1002/2015wr017191,https://openalex.org/W903696315,"The relative importance of head, flux, and prior information in hydraulic tomography analysis",Chak‐Hau Michael Tso; Yuanyuan Zha; Tian‐Chyi Jim Yeh; Jet‐Chau Wen,2015,article,Water Resources Research,54,Q08,no
10.1002/9781394179275.ch3,10.1002/9781394179275.ch3,https://openalex.org/W4399794311,A Microwave Photonics Optical Fiber Method for Measuring Distributed Strain for Hydrologic Applications in the Vadose and Saturated Zones,Liwei Hua; Lawrence C. Murdoch; Xuran Zhu; L. N. Germanovich; Yongji Wu; Jing Guo; R. Blais; Grant Plunkett; Olivia Costantino; Scott DeWolf; Rob Moak; Hai Xiao,2024,other,Geophysical monograph,1,Q10,no
10.1002/9781394271252.ch1,10.1002/9781394271252.ch1,https://openalex.org/W4405099558,Background,Mark K. Hinders,2024,other,,0,Q10,no
10.1002/adfm.201910004,10.1002/adfm.201910004,https://openalex.org/W3010811756,Shining Light on the Photoluminescence Properties of Metal Halide Perovskites,Katelyn P. Goetz; Alexander D. Taylor; Fabian Paulus; Yana Vaynzof,2020,article,Advanced Functional Materials,166,Q09,no
10.1002/adhm.202301961,10.1002/adhm.202301961,https://openalex.org/W4385407129,Mechanism of Action of Oxazoline‐Based Antimicrobial Polymers Against <i>Staphylococcus aureus</i>: In Vivo Antimicrobial Activity Evaluation,Matilde Concilio; Ramón Garcia Maset; Laia Pasquina-Lemonche; Vito Kontrimas; Ji‐Inn Song; Santhosh Kalash Rajendrakumar; Freya Harrison; C. Remzi Becer; Sébastien Perrier,2023,article,Advanced Healthcare Materials,26,Q09,no
10.1002/adma.202001267,10.1002/adma.202001267,https://openalex.org/W3022664721,A Generalized Surface Chalcogenation Strategy for Boosting the Electrochemical N<sub>2</sub> Fixation of Metal Nanocrystals,Chengyong Yang; Bolong Huang; Shuxing Bai; Yonggang Feng; Qi Shao; Xiaoqing Huang,2020,article,Advanced Materials,132,Q02,no
10.1002/adma.202210206,10.1002/adma.202210206,https://openalex.org/W4313453626,4D‐Printed Soft and Stretchable Self‐Folding Cuff Electrodes for Small‐Nerve Interfacing,Lukas Hiendlmeier; Francisco Zurita; Jonas Vogel; Fulvia Del Duca; George Al Boustani; Peng Hu; Inola Kopic; Marta Nikić; Tetsuhiko Teshima; Bernhard Wolfrum,2023,article,Advanced Materials,66,Q05,no
10.1002/admi.202202212,10.1002/admi.202202212,https://openalex.org/W4321099930,Multifunction of Biomimetic Liquid Infused Systems Derived from SLIPS Theory: A Review,Liye Xia; Siyu Zhang; Zhiguang Guo,2023,article,Advanced Materials Interfaces,28,Q09,no
10.1002/adom.201600417,10.1002/adom.201600417,https://openalex.org/W2511850274,Independent Tailoring of Super‐Radiant and Sub‐Radiant Modes in High‐<i>Q</i> Plasmonic Fano Resonant Metasurfaces,Govind Dayal; Xin Yu Chin; Cesare Soci; Ranjan Singh,2016,article,Advanced Optical Materials,20,Q09,no
10.1002/advs.202410595,10.1002/advs.202410595,https://openalex.org/W4406377745,Enhancing the Implant Osteointegration via Supramolecular Co‐Assembly Coating with Early Immunomodulation and Cell Colonization,Chenglong Wang; Zeyu Shou; Chengwei Xu; Kaiyuan Huo; Wenjie Liu; Hao Liu; Xingjie Zan; Qing Wang; Lianxin Li,2025,article,Advanced Science,11,Q09,no
10.1002/aic.16186,10.1002/aic.16186,https://openalex.org/W2800592011,Borescopy in pressurized gas‐solid fluidized beds,M. Banaei; R. A. Dellaert; N.G. Deen; M. van Sint Annaland; J.A.M. Kuipers,2018,article,AIChE Journal,5,Q08,no
10.1002/aisy.201900160,10.1002/aisy.201900160,https://openalex.org/W2999090676,Recent Progress in Optical‐Resonance‐Assisted Movement Control of Nanomotors,Jiapeng Zheng; Shiu Hei Lam; He Huang; Lei Shao,2020,article,Advanced Intelligent Systems,7,Q05,no
10.1002/aisy.202200367,10.1002/aisy.202200367,https://openalex.org/W4360619340,Continuum Robots: An Overview,Matteo Russo; Seyed Mohammad Hadi Sadati; Xin Dong; Abdelkhalick Mohammad; Ian D. Walker; Christos Bergeles; Kai Xu; Dragoş Axinte,2023,article,Advanced Intelligent Systems,238,Q08,no
10.1002/aisy.202400290,10.1002/aisy.202400290,https://openalex.org/W4402781768,Force Measurement Technology of Vision‐Based Tactile Sensor,Bin Fang; Jie Zhao; Nailong Liu; Yuhao Sun; Shixin Zhang; Fuchun Sun; Jianhua Shan; Yiyong Yang,2024,article,Advanced Intelligent Systems,30,Q05,no
10.1002/ajpa.24897,10.1002/ajpa.24897,https://openalex.org/W4390585146,Technical note: A volumetric method for measuring the longitudinal arch of human tracks and feet,Kevin G. Hatala; Stephen M. Gatesy; Armita R. Manafzadeh; Elizabeth M. Lusardi; Peter Falkingham,2024,article,American Journal of Biological Anthropology,1,Q05,no
10.1002/btpr.2710,10.1002/btpr.2710,https://openalex.org/W2896912070,A micro‐jet array for economic intensification of gas transfer in bioreactors,Damon E. Turney; Mohammad Owais Ansari; Dinesh V. Kalaga; Roman Yakobov; S. Banerjee; Jyeshtharaj B. Joshi,2018,article,Biotechnology Progress,18,Q08,no
10.1002/cepa.2065,10.1002/cepa.2065,https://openalex.org/W4387025897,Assessment of bridge Post‐Tensioning systems using non‐destructive (ND) inspection methods,Virginio Quaglini; Carlo Pettorruso; Sara Cattaneo; Dalila Rossi,2023,article,ce/papers,7,Q08,no
10.1002/cite.202100170,10.1002/cite.202100170,https://openalex.org/W4200037096,µCT‐Based Topography Analysis of Inaccessible Surfaces Exemplified by a Biofouling‐Covered Plastic,Florian Bittner; Hans‐Josef Endres,2021,article,Chemie Ingenieur Technik,3,Q11,no
10.1002/cjce.24615,10.1002/cjce.24615,https://openalex.org/W4293309900,On the fluidization of cohesive powders: Differences and similarities between micro‐ and nano‐sized particle gas–solid fluidization,Rens Kamphorst; Kaiqiao Wu; Samir Salameh; Gabrie M.H. Meesters; J. Ruud van Ommen,2022,article,The Canadian Journal of Chemical Engineering,26,Q08,no
10.1002/cnma.201800569,10.1002/cnma.201800569,https://openalex.org/W2910012247,Mechanistic Insights into Photochemical Reactions on CH<sub>3</sub>NH<sub>3</sub>PbBr<sub>3</sub> Perovskite Nanoparticles from Single‐Particle Photoluminescence Spectroscopy,Yuki Kimura; Izuru Karimata; Yasuhiro Kobori; Takashi Tachikawa,2019,article,ChemNanoMat,7,Q09,no
10.1002/cpz1.587,10.1002/cpz1.587,https://openalex.org/W4308999944,Spectrally Resolved Fiber Photometry for <i>In Vivo</i> Multi‐Color Fluorescence Measurements,Jingheng Zhou; Alan Yeh; Chengbo Meng; Amy B. Papaneri; Teja Peddada; Nicholas P. Kobzar; Guohong Cui,2022,article,Current Protocols,4,Q04,no
10.1002/cyto.990060404,10.1002/cyto.990060404,https://openalex.org/W2033733282,"The LLNL high‐speed sorter: Design features, operational characteristics, and biological utility",Donald C. Peters; Elbert Branscomb; P. N. Dean; Tom Merrill; Daniel Pinkel; M. Van Dilla; J. W. Gray,1985,article,Cytometry,73,Q08,no
10.1002/ente.202301502,10.1002/ente.202301502,https://openalex.org/W4394784168,Comparative Evaluation of Graphite Anode Structuring for Lithium‐Ion Batteries Using Laser Ablation and Mechanical Embossing,Lucas Hille; Josef Keilhofer; Roman Mazur; Rüdiger Daub; Michael F. Zaeh,2024,article,Energy Technology,9,Q09,no
10.1002/eom2.12493,10.1002/eom2.12493,https://openalex.org/W4403567858,Optimization strategy of triboelectric nanogenerators for high humidity environment service performance,Xichen Yin; Zhou Chen; Hui Chen; Qing Wang; Qian Chen; Cheng Wang; Chaoyue Ye,2024,article,EcoMat,20,Q05,no
10.1002/ese3.1004,10.1002/ese3.1004,https://openalex.org/W3208286909,An acoustic wave method for evaluating the effectiveness of blast to enhance fragmentation in longwall top coal caving,Tielin Zhao; Yuliang Zhou; Shengyuan Gao,2021,article,Energy Science & Engineering,5,Q02,no
10.1002/ese3.423,10.1002/ese3.423,https://openalex.org/W2967794154,Measurement of quality test of aerodynamic profiles in wind turbine blades using laser triangulation technique,Víctor Iván Moreno‐Oliva; Edwin Román‐Hernández; Eduardo Torres‐Moreno; José Rafael Dorrego Portela; Maximino Avendaño‐Alejo; Manuel Campos‐García; Sergio Sánchez‐Sánchez,2019,article,Energy Science & Engineering,14,Q11,no
10.1002/esp.2139,10.1002/esp.2139,https://openalex.org/W1875840277,Investigation of three‐dimensional wind flow behaviour over coastal dune morphology under offshore winds using computational fluid dynamics (CFD) and ultrasonic anemometry,Derek Jackson; J. H. M. Beyers; Kevin Lynch; Andrew Cooper; Andreas Baas; Irene Delgado‐Fernández,2011,article,Earth Surface Processes and Landforms,114,Q02,no
10.1002/hbm.70148,10.1002/hbm.70148,https://openalex.org/W4407138602,Pseudo‐<scp>MRI</scp> Engine for <scp>MRI</scp>‐Free Electromagnetic Source Imaging,Amit Jaiswal; Jukka Nenonen; Lauri Parkkonen,2025,article,Human Brain Mapping,4,Q05,no
10.1002/jbio.202500181,10.1002/jbio.202500181,https://openalex.org/W4412654996,Deep Learning for Autonomous Surgical Guidance Using 3‐Dimensional Images From Forward‐Viewing Endoscopic Optical Coherence Tomography,S. Ly; Adrien Badré; Parker Brandt; Chen Wang; Paul P. Calle; Justin Reynolds; Qinghao Zhang; Kar‐Ming Fung; Haoyang Cui; Zhongxin Yu; Sanjay G. Patel; Yunlong Liu; Nathan A. Bradley; Qinggong Tang; Chongle Pan,2025,article,Journal of Biophotonics,2,Q10,no
10.1002/jemt.20099,10.1002/jemt.20099,https://openalex.org/W1967089363,Light emission induced by tunneling electrons from surface nanostructures observed by novel conductive and transparent probes,Daisuke Fujita; Keiko Onishi; Noriko Niori,2004,article,Microscopy Research and Technique,18,Q04,no
10.1002/lpor.201000025,10.1002/lpor.201000025,https://openalex.org/W2048252305,"WGM microresonators: sensing, lasing and fundamental optics with microspheres",Jonathan M. Ward; Oliver Benson,2011,article,Laser & Photonics Review,341,Q04,no
10.1002/lpor.201500045,10.1002/lpor.201500045,https://openalex.org/W2116070749,Chemical and biochemical sensing applications of microstructured optical fiber‐based systems,Matías Calcerrada; Carmen García‐Ruiz; Miguel González‐Herráez,2015,article,Laser & Photonics Review,83,Q04;Q05,no
10.1002/lpor.202000588,10.1002/lpor.202000588,https://openalex.org/W3166551432,Optical Vernier Effect: Recent Advances and Developments,André D. Gomes; Hartmut Bartelt; Orlando Frazão,2021,article,Laser & Photonics Review,328,Q04,no
10.1002/lsm.20418,10.1002/lsm.20418,https://openalex.org/W2011408605,In vitro and in vivo tissue repair with laser‐activated chitosan adhesive,Antonio Lauto; Marcus A. Stoodley; H. Tempelaars Marcel; Alberto Avolio; Maria Sarris; Gavin McKenzie; David D. Sampson; L. John R. Foster,2006,article,Lasers in Surgery and Medicine,71,Q04,no
10.1002/lsm.22288,10.1002/lsm.22288,https://openalex.org/W1505413079,Raman spectroscopy differentiates squamous cell carcinoma (SCC) from normal skin following treatment with a high‐powered CO<sub>2</sub> laser,Sara Fox; Ashley A. Shanblatt; Hugh Beckman; John Strasswimmer; Andrew C. Terentis,2014,article,Lasers in Surgery and Medicine,23,Q09,no
10.1002/mop.70210,10.1002/mop.70210,https://openalex.org/W4409937210,Fiber Optic Device for the Detection of Adulteration of Olive Oil With Palm Oil,Pushpanjali Pal; Josin Stephen; Jinesh Mathew,2025,article,Microwave and Optical Technology Letters,2,Q04,no
10.1002/pat.70008,10.1002/pat.70008,https://openalex.org/W4404885412,Recent Advances in Potential Biomedical Applications of <scp>MXene</scp>‐Based Hydrogels,Ali Hamzehlouy; Masoud Tavakoli Dare; Farangis Shahi; Elmuez A. Dawi; Hossein Ali Khonakdar,2024,article,Polymers for Advanced Technologies,19,Q12,no
10.1002/pmic.202300121,10.1002/pmic.202300121,https://openalex.org/W4384923229,Effects of pejus and pessimum zone salinity stress on gill proteome networks and energy homeostasis in <i>Oreochromis mossambicus</i>,Larken Root; Dietmar Kültz,2023,article,PROTEOMICS,14,Q09,no
10.1002/pssa.202400215,10.1002/pssa.202400215,https://openalex.org/W4400839919,Defect Engineering for Enhanced Silicon Radiofrequency Substrates,M. Perrosé; Yoann Baron; Baptiste Lefaucher; Pablo Acosta-Alba; Jean‐Pierre Raskin,2024,article,physica status solidi (a),3,Q09,no
10.1002/smll.202207585,10.1002/smll.202207585,https://openalex.org/W4399385711,Lipidated DNA Nanostructures Target and Rupture Bacterial Membranes,Isabel Bennett; Jonathan R. Burns; Maxim G. Ryadnov; Stefan Howorka; Alice L. B. Pyne,2024,article,Small,7,Q09,no
10.1002/smll.202511095,10.1002/smll.202511095,https://openalex.org/W4415956442,Ultra‐Stable Aqueous Zinc‐Metal Batteries Achieved via Bio‐Inspired Buffer Additive Engineering,Chengjun Liu; Dongming Xu; Kuhang Liu; Yue Liu; Lishun Bai; Keli Bu; Siqiang Shen; Sijie Li; Zhi Chang,2025,article,Small,1,Q09,no
10.1002/we.2290,10.1002/we.2290,https://openalex.org/W2900063678,Wind turbine gearbox failure and remaining useful life prediction using machine learning techniques,James Carroll; Sofia Koukoura; Alasdair McDonald; Anastasis Charalambous; S. Weiss; S.D.J. McArthur,2018,article,Wind Energy,115,Q08,no
10.1007/978-1-4615-5339-7,10.1007/978-1-4615-5339-7,https://openalex.org/W4251879889,Review of Progress in Quantitative Nondestructive Evaluation,Donald O. Thompson; Dale E. Chimenti,1998,book,,143,Q08,no
10.1007/978-3-030-61902-2_11,10.1007/978-3-030-61902-2_11,https://openalex.org/W3095642283,"A 3D Measuring Endoscope for Use in Sheet-Bulk Metal Forming: Design, Algorithms, Applications and Results",Lennart Hinz; Markus Kästner; Eduard Reithmeier,2020,conference-paper,Lecture notes in production engineering,3,Q07,no
10.1007/978-3-031-03925-6_12,10.1007/978-3-031-03925-6_12,https://openalex.org/W4225541607,Comparison of Measurements Realized on Computed Tomograph and Optical Scanners for Elements Manufactured by Wire Arc Additive Manufacturing,Michał Wieczorowski; I. P. Yago; Alejandro Pereira; Bartosz Gapiński; Grzegorz Budzik; Magdalena Diering,2022,conference-paper,Lecture notes in mechanical engineering,9,Q05;Q11,no
10.1007/978-3-031-04536-3_2,10.1007/978-3-031-04536-3_2,https://openalex.org/W4308260159,Haptics as an Interaction Modality,Christian Hatzfeld; Thorsten A. Kern,2022,book-chapter,Springer series on touch and haptic systems,2,Q07,no
10.1007/978-3-031-51395-4_14,10.1007/978-3-031-51395-4_14,https://openalex.org/W4402448079,Fast Measurement of Complex Geometries Using Inverse Fringe Projection,Philipp Middendorf; Markus Kästner; Eduard Reithmeier,2024,book-chapter,,1,Q07;Q08,no
10.1007/978-3-031-53032-6,10.1007/978-3-031-53032-6,https://openalex.org/W4392667831,The 3 Dimensions of Digitalised Archaeology,Marco Hostettler; Anja Buhlke; Clara Drummer; Lea Emmenegger; Johannes Reich; Corinne Stäheli,2024,book,,7,Q05,no
10.1007/978-3-031-53032-6_3,10.1007/978-3-031-53032-6_3,https://openalex.org/W4392667838,More Than Just Documenting the Past: 15 Years of 3D Scanning at the Archaeological Heritage Office of Saxony,Florian Innerhofer; Thomas Reuter; Conny Coburger,2024,book-chapter,,2,Q05,no
10.1007/978-3-031-53032-6_7,10.1007/978-3-031-53032-6_7,https://openalex.org/W4392667745,Cross-Modal Search and Exploration of Greek Painted Pottery,Elisabeth Trinkl; Stephan Karl; Stefan Lengauer; Reinhold Preiner; Tobias Schreck,2024,book-chapter,,2,Q05,no
10.1007/978-3-032-19524-1_34,10.1007/978-3-032-19524-1_34,https://openalex.org/W7166707357,Technological Investigations Into Single-Lip Deep Hole Drilling with Large Diameters,Lucas Brause; Sebastian Michel; Mathis Commandeur; Dirk Biermann,2026,conference-paper,Lecture notes in production engineering,0,Q02,no
10.1007/978-3-662-61755-7_19,10.1007/978-3-662-61755-7_19,https://openalex.org/W3044351633,Circular Path Generation for Toroidal Cavity Inspection,Lukas Bath; Maik Dammann; Thorsten Schüppstuhl,2020,book-chapter,,1,Q08,yes
10.1007/978-981-92-2440-1_4,10.1007/978-981-92-2440-1_4,https://openalex.org/W7166703776,Design of Wire Guide Device for Horizontal Cylinder Displacement Gauge of Miter Gate in a Ship Lock,Yan Li; Chenglin Hu; Zhaonong Zhang,2026,conference-paper,Lecture notes in mechanical engineering,0,Q05,no
10.1007/978-981-99-7593-8_1,10.1007/978-981-99-7593-8_1,https://openalex.org/W4388011384,Pipe Alignment with the Image Based Visual Servo Control,Ivan Kholodilin; Н.В. Савостеенко; Н. М. Максимов; Dmitry Khriukin; Maksim Grigorev,2023,conference-paper,Communications in computer and information science,0,Q05,no
10.1007/s00170-015-7317-6,10.1007/s00170-015-7317-6,https://openalex.org/W1904550445,Tool wear predictability estimation in milling based on multi-sensorial data,Panos Stavropoulos; Alexios Papacharalampopoulos; E. Vasiliadis; George Chryssolouris,2015,article,The International Journal of Advanced Manufacturing Technology,157,Q02,no
10.1007/s00170-016-8339-4,10.1007/s00170-016-8339-4,https://openalex.org/W2272346335,Influence of electrode size and geometry in electro-discharge drilling of Inconel 718,Elena Bassoli; Lucia Denti; Andrea Gatto; Luca Iuliano,2016,article,The International Journal of Advanced Manufacturing Technology,26,Q09,no
10.1007/s00170-016-9949-6,10.1007/s00170-016-9949-6,https://openalex.org/W2573868376,Experimental investigation on camera calibration for 3D photogrammetric scanning of micro-features for micrometric resolution,Gianluca Percoco; Maria Grazia Guerra; Antonio-José Sánchez-Salmerón; Luigi Maria Galantucci,2017,article,The International Journal of Advanced Manufacturing Technology,21,Q02,no
10.1007/s00170-020-05767-z,10.1007/s00170-020-05767-z,https://openalex.org/W3046417370,On-machine focus variation measurement for micro-scale hybrid surface texture machining,Teguh Santoso; Wahyudin P. Syam; Subbareddy Darukumalli; Yukui Cai; Franz Helmli; Xichun Luo; Richard Leach,2020,article,The International Journal of Advanced Manufacturing Technology,18,Q03,no
10.1007/s00170-022-09549-7,10.1007/s00170-022-09549-7,https://openalex.org/W4283778538,The state of the art of electrical discharge drilling: a review,Xuanyu Mao; Sergio Almeida; John P.T. Mo; Songlin Ding,2022,article,The International Journal of Advanced Manufacturing Technology,58,Q02,no
10.1007/s00170-023-11423-z,10.1007/s00170-023-11423-z,https://openalex.org/W4367316477,A study on the EDM drilling of reaction-bonded silicon carbide using different electrode materials,Alexia Torres; C.J. Luis Pérez; I. Puertas; Jesús María Corres-Sanz,2023,article,The International Journal of Advanced Manufacturing Technology,14,Q09,no
10.1007/s00170-023-11864-6,10.1007/s00170-023-11864-6,https://openalex.org/W4384204578,A layerwise monitoring methodology based on blue laser line profilometer for Material Extrusion processes,Marco Lafirenza; Maria Grazia Guerra; Fulvio Lavecchia,2023,article,The International Journal of Advanced Manufacturing Technology,15,Q08,no
10.1007/s00170-026-18336-7,10.1007/s00170-026-18336-7,https://openalex.org/W7162288905,3D finite element model for simulating the BTA deep hole drilling process,Andreas Zabel; Tim Rödder,2026,article,The International Journal of Advanced Manufacturing Technology,0,Q02,yes
10.1007/s00216-014-8233-6,10.1007/s00216-014-8233-6,https://openalex.org/W2008236351,Modeling RP-1 fuel advanced distillation data using comprehensive two-dimensional gas chromatography coupled with time-of-flight mass spectrometry and partial least squares analysis,Benjamin Kehimkar; Brendon A. Parsons; Jamin C. Hoggard; Matthew C. Billingsley; Thomas J. Bruno; Robert E. Synovec,2014,article,Analytical and Bioanalytical Chemistry,21,Q08,no
10.1007/s00216-016-9824-1,10.1007/s00216-016-9824-1,https://openalex.org/W2497039129,Raman spectroscopy as a process analytical technology for pharmaceutical manufacturing and bioprocessing,Karen A. Esmonde‐White; Maryann Cuellar; Carsten Uerpmann; Bruno Lenain; Ian R. Lewis,2016,article,Analytical and Bioanalytical Chemistry,316,Q04,no
10.1007/s00223-013-9786-7,10.1007/s00223-013-9786-7,https://openalex.org/W2005576117,Osteoclasts on Bone and Dentin In Vitro: Mechanism of Trail Formation and Comparison of Resorption Behavior,M. Rumpler; Tanja Würger; Paul Roschger; Elisabeth Zwettler; Ines Sturmlechner; P. Altmann; Peter Fratzl; Michael J. Rogers; K. Klaushofer,2013,article,Calcified Tissue International,69,Q09,no
10.1007/s00339-018-1928-3,10.1007/s00339-018-1928-3,https://openalex.org/W2810200358,Ablation morphology and ablation threshold of Ti-6Al-4V alloy during femtosecond laser processing,Niroj Maharjan; Wei Zhou; Yu Zhou; Yingchun Guan,2018,article,Applied Physics A,48,Q09,no
10.1007/s00339-024-08158-3,10.1007/s00339-024-08158-3,https://openalex.org/W4405231759,Direct laser micro-drilling of high-quality photonic nanojet achieved by optical fiber probe with microcone-shaped tip,Lieber Po‐Hung Li; Ting-Yuan Hung; Wei-Yu Chen; Hung-Ju Chung; Chia‐Hsiung Cheng; Tien-Li Chang; Yu‐Bin Chen; Oleg V. Minin; Igor V. Minin; Cheng‐Yang Liu,2024,article,Applied Physics A,4,Q04,no
10.1007/s00348-009-0801-8,10.1007/s00348-009-0801-8,https://openalex.org/W1997643799,An insitu borescopic quantitative imaging profiler for the measurement of high concentration sediment velocity,Edwin A. Cowen; Russell David Dudley; Qian Liao; Evan Variano; Philip L.‐F. Liu,2009,article,Experiments in Fluids,27,Q08,yes
10.1007/s00348-020-03055-w,10.1007/s00348-020-03055-w,https://openalex.org/W3089450008,Endoscopic high-speed particle image velocimetry (eHS-PIV) in a high tumble production engine,Dongchan Kim; Lingzhe Rao; Heechang Oh; Sanghoon Kook,2020,article,Experiments in Fluids,15,Q08,no
10.1007/s00348-023-03609-8,10.1007/s00348-023-03609-8,https://openalex.org/W4327814604,Vortex ring state of a shrouded rotor: an experimental survey,David Pickles; Daniele Zagaglia; Angela Busse; Richard B. Green,2023,article,Experiments in Fluids,6,Q12,no
10.1007/s00348-024-03879-w,10.1007/s00348-024-03879-w,https://openalex.org/W4402309888,Profilometry: a non-intrusive active stereo-vision technique for wave-profile measurements in large hydrodynamic laboratories,Luca Savio; Alireza Ahani; Marilena Greco; Bjørn Christian Abrahamsen,2024,article,Experiments in Fluids,2,Q08,no
10.1007/s00542-009-0951-x,10.1007/s00542-009-0951-x,https://openalex.org/W2108873071,MEMS cantilever sensor for non-destructive metrology within high-aspect-ratio micro holes,Erwin Peiner; Lutz Doering,2009,article,Microsystem Technologies,11,Q03,yes
10.1007/s00542-022-05350-4,10.1007/s00542-022-05350-4,https://openalex.org/W4289549969,Injection moulding of micropillar arrays: a comparison of poly(methyl methacrylate) and cyclic olefin copolymer,Bin Guan; Jing‐Hong Pai; Mark Cherrill; Billy Michalatos; Craig Priest,2022,article,Microsystem Technologies,11,Q09,no
10.1007/s00603-025-04391-1,10.1007/s00603-025-04391-1,https://openalex.org/W4406915431,Experimental Investigation of Burst Failure Mechanism Under Polyaxial Loading Conditions,Selahattin Akdag; Murat Karakus; Giang D. Nguyen,2025,article,Rock Mechanics and Rock Engineering,7,Q08,no
10.1007/s10040-020-02278-9,10.1007/s10040-020-02278-9,https://openalex.org/W3123594731,Review: Advances in the methodology and application of tracing in karst aquifers,Ralf Benischke,2021,article,Hydrogeology Journal,71,Q08,no
10.1007/s10462-024-10867-3,10.1007/s10462-024-10867-3,https://openalex.org/W4401375515,Application of artificial intelligence in turbomachinery aerodynamics: progresses and challenges,Zhengping Zou; Pengcheng Xu; Yiming Chen; Lichao Yao; Chao Fu,2024,article,Artificial Intelligence Review,38,Q08;Q12,no
10.1007/s10548-018-0656-5,10.1007/s10548-018-0656-5,https://openalex.org/W2949224319,Requirements for Coregistration Accuracy in On-Scalp MEG,Rasmus Zetter; Joonas Iivanainen; Matti Stenroos; Lauri Parkkonen,2018,article,Brain Topography,59,Q05,no
10.1007/s10620-021-07372-w,10.1007/s10620-021-07372-w,https://openalex.org/W4210335011,Esophageal OCT Imaging Using a Paddle Probe Externally Attached to Endoscope,Kengyeh K. Chu; Yang Zhao; Evan T. Jelly; Zachary A. Steelman; Michael Crose; Brian Cox; Yaa Ofori-Marfoh; Lama Moussa; Holly Cirri; Ariel E. Watts; Nicholas J. Shaheen; Adam Wax,2022,article,Digestive Diseases and Sciences,4,Q10,no
10.1007/s10762-020-00759-2,10.1007/s10762-020-00759-2,https://openalex.org/W3118448118,Selective Laser Melting Process of Al–Based Pyramidal Horns for the W-Band: Fabrication and Testing,L. Lamagna; A. Paiella; S. Masi; Luana Bottini; Alberto Boschetto; F. Veniali,2021,article,Journal of Infrared Millimeter and Terahertz Waves,4,Q11,no
10.1007/s10853-019-03703-5,10.1007/s10853-019-03703-5,https://openalex.org/W2949463552,Copper/graphene composites: a review,P. Hidalgo-Manrique; Xianzhang Lei; Ruoyu Xu; Mingyu Zhou; Ian A. Kinloch; Robert J. Young,2019,article,Journal of Materials Science,391,Q02,no
10.1007/s10999-023-09692-3,10.1007/s10999-023-09692-3,https://openalex.org/W4390675291,"Towards vibration-based damage detection of civil engineering structures: overview, challenges, and future prospects",Ali Zar; Zahoor Hussain; Muhammad Akbar; Timon Rabczuk; Zhibin Lin; Shuang Li; Bilal Ahmed,2024,article,International Journal of Mechanics and Materials in Design,104,Q08,no
10.1007/s11042-016-4219-z,10.1007/s11042-016-4219-z,https://openalex.org/W2571807506,Content-based processing and analysis of endoscopic images and videos: A survey,Bernd Münzer; Klaus Schoeffmann; László Böszörményi,2017,book-chapter,Multimedia Tools and Applications,142,Q05,no
10.1007/s11071-023-09231-x,10.1007/s11071-023-09231-x,https://openalex.org/W4391227271,Research on dynamic characteristics of three-dimensional tip clearance with regard to blade crack depth and location of rotary blade-disk-shaft coupling system,Xiaodong Zhang; Yiwei Xiong; Bochao Fan; Zhen Zhao; Xin Huang; Fei Dai,2024,article,Nonlinear Dynamics,13,Q12,yes
10.1007/s11340-010-9424-5,10.1007/s11340-010-9424-5,https://openalex.org/W1994844509,Measuring Inaccessible Residual Stresses Using Multiple Methods and Superposition,Pierluigi Pagliaro; Michael B. Prime; J. S. Robinson; B. Clausen; Hunter Swenson; M. Steinzig; B. Zuccarello,2010,article,Experimental Mechanics,113,Q02;Q09,no
10.1007/s11340-024-01033-5,10.1007/s11340-024-01033-5,https://openalex.org/W4391991615,Residual Stress Determination of Cast Aluminium Benchmark Components Using Strain Relief Techniques,Z. Cai; Peter Mayr; Ricardo Fernández; Simon Robbe; Eric Usmial; Fabien Lefèbvre; L.C. To; G. S. Schajer; Philip J. Withers; M.J. Roy,2024,article,Experimental Mechanics,5,Q02,no
10.1007/s11431-023-2557-x,10.1007/s11431-023-2557-x,https://openalex.org/W4390367233,Process in laser drilling of deep microholes without taper on metal materials,RunZe Fan; Xuesong Mei; Jianlei Cui,2023,article,Science China Technological Sciences,17,Q02;Q09,no
10.1007/s11666-020-01132-4,10.1007/s11666-020-01132-4,https://openalex.org/W3120263809,Development of Highly Durable Superhydrophobic Coatings by One-Step Plasma Spray Methodology,Biswajit Swain; A.R. Pati; Priyabrata Mallick; Soumya Sanjeeb Mohapatra; Ajit Behera,2021,article,Journal of Thermal Spray Technology,33,Q12,no
10.1007/s11740-015-0647-2,10.1007/s11740-015-0647-2,https://openalex.org/W2195265479,Metrological solutions for an adapted inspection of parts and tools of a sheet-bulk metal forming process,Steffen Matthias; Andreas Loderer; Sergej Koch; Michael Gröne; Markus Kästner; Sven Hübner; Richard Krimm; Eduard Reithmeier; Tino Hausotte; Bernd‐Arno Behrens,2015,article,Production Engineering,22,Q07,no
10.1007/s11740-024-01265-3,10.1007/s11740-024-01265-3,https://openalex.org/W4391925973,In-process approach for editing the subsurface properties during single-lip deep hole drilling using a sensor-integrated tool,Robert Wegert; Vinzenz Guski; Siegfried Schmauder; Hans‐Christian Möhring,2024,article,Production Engineering,6,Q02,yes
10.1007/s11740-024-01268-0,10.1007/s11740-024-01268-0,https://openalex.org/W4392380748,Surface conditioning in machining: optimizing component performance through advanced process modeling and control,Germán González; Volker Schulze,2024,article,Production Engineering,1,Q09,no
10.1007/s11837-021-05028-8,10.1007/s11837-021-05028-8,https://openalex.org/W3217746790,Friction and Wear Behavior of Deep Drawing Tools Using Volatile Lubricants Injected Through Laser-Drilled Micro-Holes,G. Reichardt; Manuel Henn; Paul Reichle; Georg Umlauf; Kim Rouven Riedmüller; Rudolf Weber; Jakob Barz; Mathias Liewald; Thomas Graf; Günter E. M. Tovar,2021,article,JOM,8,Q09,no
10.1007/s12008-022-00865-6,10.1007/s12008-022-00865-6,https://openalex.org/W4225986624,Assessment of close-range photogrammetry for the low cost development of 3D models of car bodywork components,Andrea Petruccioli; Francesco Gherardini; Francesco Leali,2022,article,International Journal on Interactive Design and Manufacturing (IJIDeM),10,Q05,no
10.1007/s12289-023-01743-6,10.1007/s12289-023-01743-6,https://openalex.org/W4321611200,Hydraulic bulge testing to compare formability of continuous and stretch broken carbon fiber reinforced polymer composites,Yoni Shchemelinin; Jared Nelson; Cecily Ryan; Dilpreet S. Bajwa; Doug S. Cairns; Roberta Amendola,2023,article,International Journal of Material Forming,4,Q05,no
10.1007/s13272-024-00717-x,10.1007/s13272-024-00717-x,https://openalex.org/W4392807511,"Experimental investigation on a lightweight, efficient, counter-rotating fan with and without boundary layer ingestion",Timea Lengyel-Kampmann; Jirair Karboujian; Küçük Hüseyin Koç; Rainer Schnell; Peter Winkelmann,2024,article,CEAS Aeronautical Journal,3,Q12,no
10.1007/s13320-017-0451-z,10.1007/s13320-017-0451-z,https://openalex.org/W2771930271,Study on influence of crack on the blade status using FBGs,Gang Xu; Lei Liang; Jianzhi Li; Huaping Mei; Hongli Li; Yijun Liu,2017,article,Photonic Sensors,1,Q12,no
10.1007/s13320-021-0625-6,10.1007/s13320-021-0625-6,https://openalex.org/W3197239569,A Miniature Fiber Tip Polystyrene Microsphere Temperature Sensor With High Sensitivity,Haibin Chen; Tianchong Xie; Jiashuang Feng; Xiongxing Zhang; Wei Wang; Yanping Li; Zilong Guo,2021,article,Photonic Sensors,11,Q04,no
10.1007/s13320-024-0709-1,10.1007/s13320-024-0709-1,https://openalex.org/W4392818423,"Review of Fiber-Optic Localized Surface Plasmon Resonance Sensors: Geometries, Fabrication Technologies, and Bio-Applications",Mengdi Lu; Chen Wang; Ruizhi Fan; Ming Lin; Jianye Guang; Wei Peng,2024,article,Photonic Sensors,32,Q04,no
10.1007/s40123-025-01120-3,10.1007/s40123-025-01120-3,https://openalex.org/W4409054285,"Evaluation of a New Fully Automatic OLCR Biometer: Repeatability, Reproducibility, and Agreement with an SS-OCT Biometer",Chak Seng Lei; Xinning Yang; Rui Ning; Jinxuan Xiahou; Xinyu Jiang; Giacomo Savini; Domenico Schiano‐Lomoriello; Xingtao Zhou; Kexin Li; Jinhai Huang,2025,article,Ophthalmology and Therapy,0,Q10,no
10.1007/s40436-021-00383-w,10.1007/s40436-021-00383-w,https://openalex.org/W4213283393,Experimental and computational analysis of the coolant distribution considering the viscosity of the cutting fluid during machining with helical deep hole drills,Ekrem Oezkaya; Sebastian Michel; Dirk Biermann,2022,article,Advances in Manufacturing,18,Q02,no
10.1007/s40684-014-0012-5,10.1007/s40684-014-0012-5,https://openalex.org/W2052013114,Hybrid manufacturing in micro/nano scale: A Review,Won‐Shik Chu; Chung-Soo Kim; Hyun‐Taek Lee; Jung-Oh Choi; Jae‐Il Park; Ji‐Hyeon Song; Ki-Hwan Jang; Sung‐Hoon Ahn,2014,article,International Journal of Precision Engineering and Manufacturing-Green Technology,178,Q02,no
10.1007/s40684-021-00343-6,10.1007/s40684-021-00343-6,https://openalex.org/W3164104137,State of the Art in Defect Detection Based on Machine Vision,Zhonghe Ren; Fengzhou Fang; Ning Yan; You Wu,2021,article,International Journal of Precision Engineering and Manufacturing-Green Technology,761,Q02;Q09,no
10.1007/s40735-022-00648-2,10.1007/s40735-022-00648-2,https://openalex.org/W4220744323,Analytical Characterisation of Material Corrosion by Biofilms,Yen Dang; Aoife Power; Daniel Cozzolino; Khuong Ba Dinh; Binh Son Ha; Adam Kolobaric; Jitraporn Vongsvivut; Vi Khanh Truong; James Chapman,2022,article,Journal of Bio- and Tribo-Corrosion,31,Q08,no
10.1007/s40799-017-0193-2,10.1007/s40799-017-0193-2,https://openalex.org/W2735709188,Application of multiple analysis methods in optimising complex residual stress characterisation,S. Hossain; Gang Zheng; C. E. Truman; D. J. Smith,2017,article,Experimental Techniques,11,Q02,no
10.1007/s40948-022-00455-6,10.1007/s40948-022-00455-6,https://openalex.org/W4293124671,Stability assessment of long gateroad pillar in ultra-thick coal seam: an extensive field and numerical study,Zhijie Zhu; Danqi Li,2022,article,Geomechanics and Geophysics for Geo-Energy and Geo-Resources,15,Q08,no
10.1007/s40948-024-00735-3,10.1007/s40948-024-00735-3,https://openalex.org/W4391035121,Research on the bearing characteristics of brackets in thick hard roof mining sites and the effect of blasting on roof control,Jiaxin Dang; Min Tu; Xiangyang Zhang; Qingwei Bu,2024,article,Geomechanics and Geophysics for Geo-Energy and Geo-Resources,26,Q02,no
10.1007/s40948-025-01053-y,10.1007/s40948-025-01053-y,https://openalex.org/W4415157743,Research process and hotspot prediction of deep-hole presplitting blasting technology in China’s mines,Dongyin Li; Mingliang Li; Shen Wang; Hongwei Cui; Guoyan Li; Zhenhua Li; Hongbin Li; Shuai Liu; Zebing Xing; Feng Du,2025,article,Geomechanics and Geophysics for Geo-Energy and Geo-Resources,3,Q02,no
10.1007/s40964-019-00089-3,10.1007/s40964-019-00089-3,https://openalex.org/W2954715556,A dynamic model for current-based nozzle condition monitoring in fused deposition modelling,Yedige Tlegenov; Wen Feng Lu; Geok Soon Hong,2019,article,Progress in Additive Manufacturing,81,Q08,no
10.1007/s41614-022-00084-2,10.1007/s41614-022-00084-2,https://openalex.org/W4309081234,Radical-controlled plasma processes,Masaru Hori,2022,article,Reviews of Modern Plasma Physics,79,Q09,no
10.1007/s41871-020-00056-5,10.1007/s41871-020-00056-5,https://openalex.org/W3007951394,"Femtosecond Laser Micro/Nano-manufacturing: Theories, Measurements, Methods, and Applications",Baoshan Guo; Jingya Sun; Yanhong Hua; Ningwei Zhan; Jingang Jia; Kunpeng Chu,2020,article,Nanomanufacturing and Metrology,114,Q09,no
10.1007/s41871-025-00281-w,10.1007/s41871-025-00281-w,https://openalex.org/W4417021514,Second Harmonic Generation-Enhanced Photonic Nanojet Machining in Water Medium with Position Control for Submicrometer Ablation,Reza Aulia Rahman; Tsutomu Uenohara; Yasuhiro Mizutani; Yasuhiro Takaya,2025,article,Nanomanufacturing and Metrology,0,Q09,no
10.1007/s41871-025-00287-4,10.1007/s41871-025-00287-4,https://openalex.org/W7125480667,Experimental and Numerical Study of Millisecond Laser Micro-Processing Based on a Dual Neural Network System,Wenhao Han; Yunfeng Wang; Guo Wei,2026,article,Nanomanufacturing and Metrology,0,Q09,no
10.1007/s42452-024-06321-2,10.1007/s42452-024-06321-2,https://openalex.org/W4404630921,"Integration of confocal chromatic spectroscopy into a test bench concept for safety inspection practices, with focus on stress detection",Constantin Bauer; Joel Ramadani; Daniel Bikardt; Long H. Nguyen; Florian Steinlehner; Wolfram Volk,2024,article,Discover Applied Sciences,0,Q09,no
10.1007/s42452-025-07179-8,10.1007/s42452-025-07179-8,https://openalex.org/W4410900869,Rapid inspection for shaft parts in the automotive field,Yanqiang Sun; Xinyu Lv; Tianbao Tao; Baoya Zhao,2025,article,Discover Applied Sciences,0,Q05,no
10.1007/s42765-022-00148-5,10.1007/s42765-022-00148-5,https://openalex.org/W4287738075,Laser Machined Fiber-Based Microprobe: Application in Microscale Electroporation,Jongwoon Kim; Yajun Zhao; Shuo Yang; Ziang Feng; Anbo Wang; Rafael V. Davalos; Xiaoting Jia,2022,article,Advanced Fiber Materials,14,Q04,no
10.1007/s43452-024-01110-5,10.1007/s43452-024-01110-5,https://openalex.org/W4405483161,Feasibility of laser cladding for tooling repair in aerospace manufacturing: an alternative to chrome plating,Piotr Koruba; Marek Pawlicki; Adrian Mróz; Radosław Szewczyk; Jacek Reiner,2024,article,Archives of Civil and Mechanical Engineering,8,Q05,no
10.1007/s44251-023-00022-5,10.1007/s44251-023-00022-5,https://openalex.org/W4389762595,"Status and prospects of surface texturing: design, manufacturing and applications",Jingyu Song; Hui Huang; Xigui Wang; Weibin Shi,2023,article,Surface Science and Technology,39,Q09,no
10.1007/s44279-024-00137-9,10.1007/s44279-024-00137-9,https://openalex.org/W4405573978,Photon efficacy and cost investigation of LEDs at different wavelengths and color temperatures for horticulture,Ten It Wong; Xiaodong Zhou,2024,article,Discover Agriculture,1,Q04,no
10.1007/s44290-024-00141-4,10.1007/s44290-024-00141-4,https://openalex.org/W4405730286,Fiber Bragg grating (FBG)-based sensors: a review of technology and recent applications in structural health monitoring (SHM) of civil engineering structures,Mohammad Hany Yassin; Mohamad Farhat; Reza Soleimanpour; Michel Nahas,2024,article,Discover Civil Engineering,63,Q08,no
10.1016/0032-5910(92)88008-6,10.1016/0032-5910(92)88008-6,https://openalex.org/W2165025900,Experimental and theoretical porosity profiles in a two-dimensional gas-fluidized bed with a central jet,J.A.M. Kuipers; H. Tammes; Wolter Prins; W.P.M. van Swaaij,1992,article,Powder Technology,50,Q04,no
10.1016/j.ab.2011.12.034,10.1016/j.ab.2011.12.034,https://openalex.org/W2095481778,Transparency-based microplates for fluorescence quantification,Brandon Huey‐Ping Cheong; Vu Diep; Tuck Wah Ng; Oi Wah Liew,2012,article,Analytical Biochemistry,17,Q04,no
10.1016/j.addma.2020.101610,10.1016/j.addma.2020.101610,https://openalex.org/W3088929026,"Comparative study on the selective laser sintering of polypropylene homopolymer and copolymer: processability, crystallization kinetics, crystal phases and mechanical properties",Lisa Jiaying Tan; Wei Zhu; Kaushal Sagar; Kun Zhou,2020,article,Additive manufacturing,59,Q09,no
10.1016/j.addma.2021.101951,10.1016/j.addma.2021.101951,https://openalex.org/W3138657068,Integration and evaluation of robotic fused filament fabrication system,Rakshith Badarinath; Vittaldas V. Prabhu,2021,article,Additive manufacturing,21,Q08,no
10.1016/j.advengsoft.2021.103030,10.1016/j.advengsoft.2021.103030,https://openalex.org/W3170948492,Analytical grid generation and numerical assessment of tip leakage flows in sliding vane rotary machines,Fanghua Ye; Giuseppe Bianchi; Sham Rane; S.A. Tassou; Jianqiang Deng,2021,article,Advances in Engineering Software,13,Q12,no
10.1016/j.apenergy.2019.114219,10.1016/j.apenergy.2019.114219,https://openalex.org/W3005027416,Experimental characterization of a solid oxide fuel cell coupled to a steam-driven micro anode off-gas recirculation fan,Patrick H. Wagner; Zacharie Wuillemin; David Constantin; Stefan Diethelm; Jan Van herle; Jürg Schiffmann,2020,article,Applied Energy,37,Q12,no
10.1016/j.apm.2020.08.074,10.1016/j.apm.2020.08.074,https://openalex.org/W3088402501,Numerical simulation of the performance of a centrifugal pump with a semi-open impeller under normal and cavitating conditions,Georgios Mousmoulis; Ioannis Kassanos; George Aggidis; Ioannis Anagnostopoulos,2020,article,Applied Mathematical Modelling,51,Q12,no
10.1016/j.biochi.2020.01.009,10.1016/j.biochi.2020.01.009,https://openalex.org/W3001107125,Biophysical approaches for exploring lipopeptide-lipid interactions,Sathishkumar Munusamy; Renaud Condé; Brandt Bertrand; Carlos Muñóz-Garay,2020,article,Biochimie,31,Q09,no
10.1016/j.biosystemseng.2020.10.016,10.1016/j.biosystemseng.2020.10.016,https://openalex.org/W3109310729,An algorithm to automate the filtering and classifying of 2D LiDAR data for site-specific estimations of canopy height and width in vineyards,Anice Cheraïet; Olivier Naud; Mathilde Carra; Sébastien Codis; Frédéric Lebeau; James A. Taylor,2020,article,Biosystems Engineering,28,Q05,no
10.1016/j.buildenv.2015.05.026,10.1016/j.buildenv.2015.05.026,https://openalex.org/W2117415434,Wind tunnel experiments on cross-ventilation flow of a generic building with contaminant dispersion in unsheltered and sheltered conditions,Yoshihide Tominaga; Bert Blocken,2015,article,Building and Environment,179,Q04,no
10.1016/j.carbon.2021.04.025,10.1016/j.carbon.2021.04.025,https://openalex.org/W3156435120,"Femtosecond laser micromachining of diamond: Current research status, applications and challenges",Bakhtiar Ali; I. V. Litvinyuk; Maksym Rybachuk,2021,article,Carbon,138,Q09,no
10.1016/j.cartre.2023.100314,10.1016/j.cartre.2023.100314,https://openalex.org/W4388980225,Studies on effect of temperature on carbonization of silk (Bombyx mori) and its application as proximity sensor,Shubhanth Jain; R. V. Prajwal; V. Vedavyas; Sukriti Vishwas; Govindaraj Achutharao,2023,article,Carbon Trends,5,Q12,no
10.1016/j.cej.2019.05.143,10.1016/j.cej.2019.05.143,https://openalex.org/W2946042430,Implementation of a borescopic technique in a conical spouted bed for tracking spherical and irregular particles,Aitor Atxutegi; Mikel Tellabide; Gartzen López; Roberto Aguado; Javier Bilbao; Martı́n Olazar,2019,article,Chemical Engineering Journal,15,Q08,no
10.1016/j.ceramint.2024.07.407,10.1016/j.ceramint.2024.07.407,https://openalex.org/W4401158847,Grinding performance of MgF2 ceramics using biomimetic shark fin grinding wheels with different structure parameters,Xiaohong Zhang; Ziyi Zhou; Dongdong Wen; Zhaoyao Shi; Xun Chen; Xiong Tang; Wentao Rong; Tianzhongsen He,2024,article,Ceramics International,13,Q09,no
10.1016/j.ces.2014.05.006,10.1016/j.ces.2014.05.006,https://openalex.org/W1973432668,Investigation of flow hydrodynamics and regime transition in a gas–solids fluidized bed with different riser diameters,Guizhi Qiu; Jiamin Ye; Haigang Wang; Wuqiang Yang,2014,article,Chemical Engineering Science,60,Q04,no
10.1016/j.ces.2017.05.006,10.1016/j.ces.2017.05.006,https://openalex.org/W2611781657,"Void fraction, bubble size and interfacial area measurements in co-current downflow bubble column reactor with microbubble dispersion",Freddy Hernandez-Alvarado; Dinesh V. Kalaga; Damon E. Turney; Sanjoy Banerjee; Jyeshtharaj B. Joshi; Masahiro Kawaji,2017,article,Chemical Engineering Science,69,Q08,no
10.1016/j.cirp.2009.09.004,10.1016/j.cirp.2009.09.004,https://openalex.org/W2155189014,"Burrs—Analysis, control and removal",Jan C. Aurich; David Dornfeld; P.J. Arrazola; Vikki Franke; L. Leitz; Sangkee Min,2009,article,CIRP Annals,470,Q02;Q09,no
10.1016/j.cirp.2016.06.002,10.1016/j.cirp.2016.06.002,https://openalex.org/W2499332921,Closed-loop control of product properties in metal forming,Julian M. Allwood; Stephen Duncan; Jian Cao; Peter Groche; G. Hirt; Brad L. Kinsey; Takashi Kuboki; Mathias Liewald; Andreas Sterzing; A. Erman Tekkaya,2016,article,CIRP Annals,196,Q08,no
10.1016/j.cirp.2019.05.005,10.1016/j.cirp.2019.05.005,https://openalex.org/W2951215190,On-machine and in-process surface metrology for precision manufacturing,Wei Gao; Han Haitjema; Fengzhou Fang; Richard Leach; Chi Fai Cheung; Enrico Savio; Jean‐Marc Linares,2019,article,CIRP Annals,429,Q03,no
10.1016/j.combustflame.2016.08.014,10.1016/j.combustflame.2016.08.014,https://openalex.org/W2520547364,Modeling the measured effect of a nitroplasticizer (BDNPA/F) on cookoff of a plastic bonded explosive (PBX 9501),Michael L. Hobbs; Michael J. Kaneshige; William W. Erikson,2016,article,Combustion and Flame,28,Q08,no
10.1016/j.compind.2022.103664,10.1016/j.compind.2022.103664,https://openalex.org/W4226272003,Structure-from-motion based image unwrapping and stitching for small bore pipe inspections,Dayi Zhang; William E. Jackson; Gordon Dobie; Graeme West; Charles MacLeod,2022,article,Computers in Industry,22,Q08,yes
10.1016/j.culher.2023.03.006,10.1016/j.culher.2023.03.006,https://openalex.org/W4361256417,Can traditional artist's pigments hinder paint binder characterization using immunofluorescence microscopy? Application of widefield fluorescent and confocal laser scanning microscopies for advanced imaging and surface topography scans,Janez Kosel; Črtomir Tavzes; Klara Retko; Polonca Ropret,2023,article,Journal of Cultural Heritage,6,Q09,no
10.1016/j.dib.2024.110624,10.1016/j.dib.2024.110624,https://openalex.org/W4399655467,Gas turbine hot sections condition monitoring based on operational thermal dataset,Masoud Khoshghiafehgan; Amir Akhlaghi; Abbas Ranji; Majid Yeganeh Mazhar,2024,data-paper,Data in Brief,2,Q08,no
10.1016/j.envsoft.2021.105102,10.1016/j.envsoft.2021.105102,https://openalex.org/W3171158643,basement v3: A modular freeware for river process modelling over multiple computational backends,Davide Vanzo; Samuel Peter; Lukas Vonwiller; Matthias Bürgler; Manuel Weberndorfer; Annunziato Siviglia; Daniel Conde; David F. Vetsch,2021,article,Environmental Modelling & Software,51,Q08,no
10.1016/j.flowmeasinst.2018.07.001,10.1016/j.flowmeasinst.2018.07.001,https://openalex.org/W2884560979,Advance optical fiber probe for simultaneous measurements of solids holdup and particles velocity using simple calibration methods for gas-solid fluidization systems,Haidar Taofeeq; Shreekanta Aradhya; Jianbin Shao; Muthanna H. Al‐Dahhan,2018,article,Flow Measurement and Instrumentation,22,Q04,no
10.1016/j.fochx.2024.101196,10.1016/j.fochx.2024.101196,https://openalex.org/W4391533169,"Formation, influencing factors, and applications of internal channels in starch: A review",J. Z. Zhu; Lingyu Han; Meini Wang; Jixin Yang; Yapeng Fang; Qiuyue Zheng; Xiaobo Zhang; Jijuan Cao; Bing Hu,2024,article,Food Chemistry X,23,Q09,no
10.1016/j.fusengdes.2015.07.016,10.1016/j.fusengdes.2015.07.016,https://openalex.org/W1474813249,Design of the torus interface for the neutral beam injectors of Wendelstein 7-X,R. Nocentini; B. Heinemann; R. Riedl; N. Rust; G. Orozco,2015,article,Fusion Engineering and Design,8,Q08,no
10.1016/j.heliyon.2023.e14404,10.1016/j.heliyon.2023.e14404,https://openalex.org/W4323926390,Past and current components-based detailing of particle image velocimetry: A comprehensive review,Dániel Rohács; Onur Yaşar; Utku Kale; Selçuk Ekici; Enver Yalçın; Adnan Mi̇di̇lli̇; T. Hikmet Karakoç,2023,article,Heliyon,22,Q08,no
10.1016/j.ijheatmasstransfer.2022.122953,10.1016/j.ijheatmasstransfer.2022.122953,https://openalex.org/W4281753853,Inaccuracies in the inverse heat conduction problem solution and their effect on the estimation of heat fluxes during quenching,Camila Gomez; Rens Nieuwenhuizen; C.W.M. van der Geld; J. G. M. Kuerten; M. Bsibsi; B.P.M. van Esch,2022,article,International Journal of Heat and Mass Transfer,22,Q08,no
10.1016/j.ijmachtools.2020.103517,10.1016/j.ijmachtools.2020.103517,https://openalex.org/W3000486900,A generic approach of polishing metals via isotropic electrochemical etching,Rong Yi; Yi Zhang; Xinquan Zhang; Fengzhou Fang; Hui Deng,2020,article,International Journal of Machine Tools and Manufacture,50,Q09,no
10.1016/j.ijmultiphaseflow.2016.03.005,10.1016/j.ijmultiphaseflow.2016.03.005,https://openalex.org/W2294449738,The relation between the high speed submerged cavitating jet behaviour and the cavitation erosion process,Ezddin Hutli; Miloš Nedeljković; Nenad Radović; Attila Bonyár,2016,article,International Journal of Multiphase Flow,98,Q02,no
10.1016/j.ijpvp.2017.09.003,10.1016/j.ijpvp.2017.09.003,https://openalex.org/W2763351547,The NeT Task Group 4 residual stress measurement and analysis round robin on a three-pass slot-welded plate specimen,Mike Smith; Ann C. Smith; Carsten Ohms; Robert C. Wimpory,2017,article,International Journal of Pressure Vessels and Piping,38,Q02,no
10.1016/j.ijpvp.2019.02.002,10.1016/j.ijpvp.2019.02.002,https://openalex.org/W2917187551,"Validated prediction of weld residual stresses in austenitic steel pipe girth welds before and after thermal ageing, part 2: Modelling and validation",Qingrong Xiong; Michael Christopher Smith; Ondrej Muránsky; Jino Mathew,2019,article,International Journal of Pressure Vessels and Piping,12,Q02,no
10.1016/j.ijrmms.2013.03.001,10.1016/j.ijrmms.2013.03.001,https://openalex.org/W2025274431,Sand production simulation under true-triaxial stress conditions,A. Younessi; Vamegh Rasouli; Bailin Wu,2013,article,International Journal of Rock Mechanics and Mining Sciences,59,Q08,no
10.1016/j.ijsolstr.2017.04.008,10.1016/j.ijsolstr.2017.04.008,https://openalex.org/W2606460542,An optimisation study of the modified deep-hole drilling technique using finite element analyses applied to a stainless steel ring welded circular disc,Gang Zheng; Sayeed Hossain; Ed Kingston; C. E. Truman; D. J. Smith,2017,article,International Journal of Solids and Structures,18,Q02,no
10.1016/j.jare.2025.01.013,10.1016/j.jare.2025.01.013,https://openalex.org/W4406250540,Review of advanced sensor system applications in grinding operations,Danil Yurievich Pimenov; Leonardo Rosa Ribeiro da Silva; Mustafa Kuntoğlu; Bruno Souza Abrão; Luiz Eduardo dos Santos Paes; Emanoil Linul,2025,article,Journal of Advanced Research,15,Q11,no
10.1016/j.jclepro.2014.10.008,10.1016/j.jclepro.2014.10.008,https://openalex.org/W2060944235,A systematic approach of process planning and scheduling optimization for sustainable machining,Sheng Wang; Xin Lu; X.X. Li; Weidong Li,2014,article,Journal of Cleaner Production,134,Q02,no
10.1016/j.jcz.2019.05.016,10.1016/j.jcz.2019.05.016,https://openalex.org/W2951467741,"The enigmatic kinorhynch Cateria styx Gerlach, 1956 – A sticky son of a beach",María Herranz; Maikon Di Domênico; Martin V. Sørensen; Brian S. Leander,2019,article,Zoologischer Anzeiger,15,Q09,no
10.1016/j.jeurceramsoc.2018.12.055,10.1016/j.jeurceramsoc.2018.12.055,https://openalex.org/W2906241926,Grain boundary corrosion in TiO2 bone scaffolds doped with group II cations,Anne Klemm; Manuel Gómez‐Florit; P.A. Carvalho; Mattis Wachendörfer; Manuela E. Gomes; Håvard Jostein Haugen; Hanna Tiainen,2018,article,Journal of the European Ceramic Society,7,Q09,no
10.1016/j.jiec.2021.01.006,10.1016/j.jiec.2021.01.006,https://openalex.org/W3118977398,Fine particle flow pattern and region delimitation in fountain confined conical spouted beds,Mikel Tellabide; Idoia Estiati; Aitor Atxutegi; Haritz Altzibar; Roberto Aguado; Martı́n Olazar,2021,article,Journal of Industrial and Engineering Chemistry,24,Q08,no
10.1016/j.jmapro.2023.09.059,10.1016/j.jmapro.2023.09.059,https://openalex.org/W4387590652,Machine-to-machine variability of roughness and corrosion in additively manufactured 316L stainless steel,C. L. Clark; Erin Karasz; Michael Melia; Daniel E. Hooks; Robert Hackenberg; Héctor Colón-Mercado; P. Ganesan; Peter Renner; Seongkoo Cho; Meiping Wu; Siyao Qiu; Johanna Dwyer; Z. Rueger; Timothy J. Gorey; Z. Koehn; Jamie A. Stull,2023,article,Journal of Manufacturing Processes,16,Q11,no
10.1016/j.jmatprotec.2013.11.016,10.1016/j.jmatprotec.2013.11.016,https://openalex.org/W1984851163,In-situ measurement of three-dimensional deformation behaviour of sheet and tools during stamping using borescope,Zamzuri Hamedon; K. Mori; Yohei Abe,2013,article,Journal of Materials Processing Technology,32,Q08,yes
10.1016/j.jmatprotec.2021.117260,10.1016/j.jmatprotec.2021.117260,https://openalex.org/W3168378739,Future research directions in the machining of Inconel 718,Andrea De Bartolomeis; Stephen T. Newman; I.S. Jawahir; Dirk Biermann; Alborz Shokrani,2021,article,Journal of Materials Processing Technology,254,Q02,no
10.1016/j.jmatprotec.2023.118098,10.1016/j.jmatprotec.2023.118098,https://openalex.org/W4384699660,"Tooling aspects of micro electrochemical machining (ECM) technology: Design, functionality, and fabrication routes",Guodong Liu; Md Radwanul Karim; Muhammad Hazak Arshad; Krishna Kumar Saxena; Wei Liang; Hao Tong; Yong Li; Yuxin Yang; Chaojiang Li; Dominiek Reynaerts; Dominiek Reynaerts,2023,article,Journal of Materials Processing Technology,34,Q03,no
10.1016/j.jmr.2023.107475,10.1016/j.jmr.2023.107475,https://openalex.org/W4372194293,Diamond rotors,Natalie C. Golota; Zachary P. Fredin; Daniel Banks; David Preiss; Salima Bahri; Prashant Patil; William K. Langford; Camron L. Blackburn; Erik Strand; Brian Michael; Blake S. Dastrup; Keith A. Nelson; Neil Gershenfeld; Robert G. Griffin,2023,article,Journal of Magnetic Resonance,21,Q09,no
10.1016/j.jmrt.2023.09.045,10.1016/j.jmrt.2023.09.045,https://openalex.org/W4386700873,Experimental analysis and optimization of abrasive waterjet deep hole drilling process parameters for SS AISI 316L,J. Bharani Chandar; N. Lenin; Siva Kumar; Naveen Kumar Gupta; Alagar Karthick; Rathina Suriyan; Hitesh Panchal; Abhinav Kumar; Anand Patel; Kishor Kumar Sadasivuni,2023,article,Journal of Materials Research and Technology,18,Q02,no
10.1016/j.jnucmat.2022.154063,10.1016/j.jnucmat.2022.154063,https://openalex.org/W4298149776,Quantifying deformation during Zry-4 burst testing: a comparison of BISON and a combined in-situ digital image correlation and infrared thermography method,Kenneth Kane; Samuel Bell; Ben Garrison; Mackenzie Ridley; Maxim N. Gussev; Kory Linton; Nathan Capps,2022,article,Journal of Nuclear Materials,15,Q05,no
10.1016/j.joca.2009.09.001,10.1016/j.joca.2009.09.001,https://openalex.org/W2012202211,Quality of scaffold fixation in a human cadaver knee model,J.E.J. Bekkers; A.I. Tsuchida; Jos Malda; Laura B. Creemers; Rene Castelein; D.B.F. Saris; Wouter J.A. Dhert,2009,article,Osteoarthritis and Cartilage,50,Q09,no
10.1016/j.jpowsour.2020.229404,10.1016/j.jpowsour.2020.229404,https://openalex.org/W3118313493,Compressive creep deformation of lithium foil at varied cell conditions,Shaochen Ding; Logan Fairgrieve‐Park; Oles Sendetskyi; Michael D. Fleischauer,2021,article,Journal of Power Sources,42,Q08,no
10.1016/j.jsv.2020.115582,10.1016/j.jsv.2020.115582,https://openalex.org/W3042662819,Reducing the statistical scatter of automatic ball balancers using temporary speed reduction,Gabriël Van De Velde; Hans Meeus; Björn Verrelst; Dirk Lefeber; Patrick Guillaume,2020,article,Journal of Sound and Vibration,5,Q12,no
10.1016/j.jtice.2021.05.043,10.1016/j.jtice.2021.05.043,https://openalex.org/W3171907604,Effect of operating conditions on the hydrodynamics in fountain confined conical spouted beds,Mikel Tellabide; Idoia Estiati; Aitor Atxutegi; Haritz Altzibar; Martı́n Olazar,2021,article,Journal of the Taiwan Institute of Chemical Engineers,14,Q08,no
10.1016/j.jvoice.2023.11.016,10.1016/j.jvoice.2023.11.016,https://openalex.org/W4389117002,"A Novel Low-Cost, Open-Source, Three-Dimensionally Printed Thyroplasty Simulator",Julianna C. Kostas; Mark Lee; Anaïs Rameau,2023,article,Journal of Voice,2,Q08,no
10.1016/j.jweia.2016.05.007,10.1016/j.jweia.2016.05.007,https://openalex.org/W2408249596,Wind tunnel analysis of flow and dispersion in cross-ventilated isolated buildings: Impact of opening positions,Yoshihide Tominaga; Bert Blocken,2016,article,Journal of Wind Engineering and Industrial Aerodynamics,125,Q04,no
10.1016/j.jwpe.2024.105433,10.1016/j.jwpe.2024.105433,https://openalex.org/W4396684314,Enhancing flocculation kinetics assessment: Integrating aggregate size distribution into experimental and modelling frameworks,Rodrigo Braga Moruzzi; André Luiz de Oliveira; Soroosh Sharifi; Abayomi O. Bankole; Luiza C. Campos,2024,article,Journal of Water Process Engineering,10,Q08,no
10.1016/j.matdes.2018.08.013,10.1016/j.matdes.2018.08.013,https://openalex.org/W2887950114,Product shape change by internal stresses,Manso Groen; Gerrit Zijlstra; D. San Martı́n; J.B. Post; J. Th. M. De Hosson,2018,article,Materials & Design,14,Q09,no
10.1016/j.matdes.2022.110791,10.1016/j.matdes.2022.110791,https://openalex.org/W4281960417,Modeling deformation and failure in AlSi-polyester abradable sealcoating material using microstructure-based finite element simulation,Jiahao Cheng; Xiaohua Hu; Drew Lancaster; Xin Sun; William J. Joost,2022,article,Materials & Design,18,Q12,no
10.1016/j.mattod.2019.11.006,10.1016/j.mattod.2019.11.006,https://openalex.org/W2996897312,Thermally drawn advanced functional fibers: New frontier of flexible electronics,Wei Yan; Chaoqun Dong; Yuanzhuo Xiang; Shan Jiang; Andreas Leber; Gabriel Loke; Wenxin Xu; Chong Hou; Shifeng Zhou; Min Chen; Run Hu; Perry Ping Shum; Lei Wei; Xiaoting Jia; Fabien Sorin; Xiaoming Tao; Guangming Tao,2020,article,Materials Today,260,Q04,no
10.1016/j.measurement.2012.05.032,10.1016/j.measurement.2012.05.032,https://openalex.org/W1994198993,State of the art review of inspection technologies for condition assessment of water pipes,Zheng Liu; Yehuda Kleiner,2012,article,Measurement,465,Q05,yes
10.1016/j.measurement.2022.111069,10.1016/j.measurement.2022.111069,https://openalex.org/W4220718220,Development and testing of a muti-sensor measurement system for roundness and axis straightness errors of deep-hole parts,Ci Song; Jiao Li; Xibin Wang; Zhibing Liu; Wenhua Shen; Hui Chen; Yonghao Qian,2022,article,Measurement,29,Q02,yes
10.1016/j.measurement.2023.112718,10.1016/j.measurement.2023.112718,https://openalex.org/W4328105750,Gas turbine blade fracturing fault diagnosis based on broadband casing vibration,Kun Feng; Yuan Xiao; Zhouzheng Li; Zhinong Jiang; Fengshou Gu,2023,article,Measurement,29,Q08,no
10.1016/j.measurement.2023.112930,10.1016/j.measurement.2023.112930,https://openalex.org/W4368362777,A novel method for 3D reconstruction in tight and restricted space based on improved line-structured light,Tianyu Li; Fajie Duan; Xiao Fu; Changwen Liu; Chunjiang Liang; Anqi Chen; Xin Li,2023,article,Measurement,24,Q05,yes
10.1016/j.measurement.2024.114194,10.1016/j.measurement.2024.114194,https://openalex.org/W4391152043,Assessing the spatial distribution of positional error associated to dense point cloud measurements using regional Gaussian random fields,Yunfan Wang; Sofia Catalucci; Nicola Senin; Samanta Piano,2024,article,Measurement,6,Q05,no
10.1016/j.measurement.2025.118814,10.1016/j.measurement.2025.118814,https://openalex.org/W4413870476,Self-sensing multicore fiber probe for interferometric measurement of lateral displacement and force,Christoph Hemeling; Valeriya Cherkasova; Thomas Fröhlich; Thomas Kissinger,2025,article,Measurement,0,Q04,no
10.1016/j.measurement.2026.120424,10.1016/j.measurement.2026.120424,https://openalex.org/W7123592331,Panoramic geometry measurement of inner surfaces in cylindrical restricted spaces,Zhang Zuo; Huining Zhao; Minghui Duan; Haojie Xia,2026,article,Measurement,0,Q05,yes
10.1016/j.measurement.2026.122186,10.1016/j.measurement.2026.122186,https://openalex.org/W7163804365,An eddy current-fiber optic composite sensor for simultaneous blade tip clearance and vibration measurement in turbomachinery,Tianqing Li; Weimin Wang; Xiaolin Zheng; Kejia Mi; Binkai Zhang,2026,article,Measurement,0,Q12,yes
10.1016/j.nanoen.2021.105874,10.1016/j.nanoen.2021.105874,https://openalex.org/W3132928577,High symmetry nano-photonic quasi-crystals providing novel light management in silicon solar cells,Thomas M. Mercier; Tasmiat Rahman; Chirenjeevi Krishnan; Edris Khorani; Peter J. Shaw; Michael Pollard; Stuart A. Boden; Pavlos G. Lagoudakis; Martin D. B. Charlton,2021,article,Nano Energy,29,Q02,no
10.1016/j.neuroimage.2020.116995,10.1016/j.neuroimage.2020.116995,https://openalex.org/W3030601496,Multi-channel whole-head OPM-MEG: Helmet design and a comparison with a conventional system,Ryan M. Hill; Elena Boto; Molly Rea; Niall Holmes; James Leggett; Laurence A. Coles; Manolis Papastavrou; Sarah Everton; Benjamin A.E. Hunt; Dominic Sims; James Osborne; Vishal Shah; Richard Bowtell; Matthew J. Brookes,2020,article,NeuroImage,289,Q05,no
10.1016/j.neuron.2024.03.001,10.1016/j.neuron.2024.03.001,https://openalex.org/W4393237730,Monitoring norepinephrine release in vivo using next-generation GRABNE sensors,Jiesi Feng; Hui Dong; Julieta E. Lischinsky; Jingheng Zhou; Fei Deng; Chaowei Zhuang; Xiaolei Miao; Huan Wang; Guochuan Li; Ruyi Cai; Hao Xie; Guohong Cui; Dayu Lin; Yulong Li,2024,article,Neuron,107,Q04,no
10.1016/j.nima.2012.10.067,10.1016/j.nima.2012.10.067,https://openalex.org/W2124351681,IceTop: The surface component of IceCube,R. Abbasi; Y. Abdou; M. Ackermann; J. Adams; J. A. Aguilar; M. Ahlers; D. Altmann; K. Andeen; J. Auffenberg; X. Bai; M. D. Baker; S. W. Barwick; V. Baum; R. Bay; K. Beattie; J. J. Beatty; S. Bechet; J. Becker Tjus; K. Becker; M. Bell; M. L. Benabderrahmane; S. BenZvi; Jens Berdermann; P. Berghaus; D. Berley; E. Bernardini; Daniel Bertrand; D. Besson; D. Bindig; M. Bissok; E. Blaufuss; J. Blumenthal; D. J. Boersma; C. Böhm; D. Bose; S. Böser; O. Botner; L. Brayeur; A. M. Brown; R. Bruijn; J. Brünner; S. Buitink; K. S. Caballero‐Mora; M. Carson; J. Casey; M. Casier; D. Chirkin; B. Christy; F. Clevermann; S. Cohen; D. F. Cowen; A.H. Cruz Silva; M. Danninger; J. Daughhetee; J. C. Davis; C. De Clercq; F. Descamps; P. Desiati; G. de Vries‐Uiterweerd; T. DeYoung; J. C. Díaz–Vélez; J. Dreyer; J. Dumm; M. Dunkman; R. Eagan; J. Eisch; Carrie Elliott; R. W. Ellsworth; O. Engdegård; S. Euler; P. A. Evenson; O. Fadiran; A. R. Fazely; Anatoli Fedynitch; J. Feintzeig; T. Feusels; K. Filimonov; C. Finley; T. Fischer-Wasels; S. Flis; A. Franckowiak; Robert Franke; K. Frantzen; T. Fuchs; T. K. Gaisser; J. S. Gallagher; L. Gerhardt; L. Gladstone; T. Glüsenkamp; A. Goldschmidt; J. A. Goodman; D. Góra; D. Grant; A. Groß; S. Grullon; M. Gurtner; C. Ha; A. Haj Ismail; A. Hallgren; F. Halzen,2012,article,Nuclear Instruments and Methods in Physics Research Section A Accelerators Spectrometers Detectors and Associated Equipment,261,Q02,no
10.1016/j.oceaneng.2021.110082,10.1016/j.oceaneng.2021.110082,https://openalex.org/W3208122339,A review on the turbulence modelling strategy for ship hydrodynamic simulations,Blanca Peña; Luofeng Huang,2021,article,Ocean Engineering,60,Q08,no
10.1016/j.optlaseng.2017.10.013,10.1016/j.optlaseng.2017.10.013,https://openalex.org/W2617922719,"Micro Fourier Transform Profilometry (μFTP): 3D shape measurement at 10,000 frames per second",Chao Zuo; Tianyang Tao; Shijie Feng; Lei Huang; Anand Asundi; Qian Chen,2017,article,Optics and Lasers in Engineering,268,Q05,no
10.1016/j.optlaseng.2018.12.009,10.1016/j.optlaseng.2018.12.009,https://openalex.org/W2913426436,Influence of pulse repetition rate on morphology and material removal rate of ultrafast laser ablated metallic surfaces,Xxx Sedao; Matthieu Lenci; Anton Rudenko; Nicolas Faure; Alina Pascale-Hamri; Jean‐Philippe Colombier; Cyril Mauclair,2019,article,Optics and Lasers in Engineering,57,Q09,no
10.1016/j.optlaseng.2019.105874,10.1016/j.optlaseng.2019.105874,https://openalex.org/W2980940898,A borescope design tool for laser measurements in fluids,A. J. Carvalho Figueiredo; Robin R. Jones; Carl M. Sangan; David Cleaver,2019,article,Optics and Lasers in Engineering,7,Q08,yes
10.1016/j.optlaseng.2023.107885,10.1016/j.optlaseng.2023.107885,https://openalex.org/W4387556900,Vision-based detection and coordinate metrology of a spatially encoded multi-sphere artefact,Mohammed Isa; Richard Leach; David T. Branson; Samanta Piano,2023,article,Optics and Lasers in Engineering,4,Q11,no
10.1016/j.optlaseng.2026.109875,10.1016/j.optlaseng.2026.109875,https://openalex.org/W7161592939,Precise reconstruction of three-dimensional surface topography of the sidewalls of deep holes for the shape-from-focus microscopy,Sihan Chen; Jiongtang Xiang; Di Li; Chengzhuo Wang; Zhijie Hua; Xiangchao Zhang,2026,article,Optics and Lasers in Engineering,1,Q02,yes
10.1016/j.pacs.2024.100654,10.1016/j.pacs.2024.100654,https://openalex.org/W4402905457,Laser ultrasound wave pattern analysis for efficient defect detection in samples with curved surfaces,Markus Saurer; Guenther Paltauf; Robert Nuster,2024,article,Photoacoustics,11,Q09,no
10.1016/j.partic.2018.01.012,10.1016/j.partic.2018.01.012,https://openalex.org/W2811437880,Borescopic particle image velocimetry in bubbling gas–solid fluidized beds,M. Banaei; R. A. Dellaert; N.G. Deen; J.A.M. Kuipers; M. van Sint Annaland,2018,article,Particuology,4,Q08,no
10.1016/j.physletb.2015.11.082,10.1016/j.physletb.2015.11.082,https://openalex.org/W2193242432,Exclusive measurements of quasi-free proton scattering reactions in inverse and complete kinematics,V. Panin; J. T. Taylor; S. Paschalis; F. Wamers; Yu. Aksyutina; H. Álvarez-Pol; T. Aumann; C. A. Bertulani; K. Boretzky; C. Caesar; M. Chartier; L.V. Chulkov; D. Cortina‐Gil; J. Enders; O. Ershova; H. Geißel; R. Gernhäuser; M. Heil; H. Johansson; B. Jonson; A. Kelić-Heil; C. Langer; T. Le Bleis; R. C. Lemmon; T. Nilsson; M. Petri; R. Plag; R. Reifarth; D. Rossi; H. Scheit; H. Simon; H. Weick; K. Wimmer,2015,article,Physics Letters B,57,Q02,no
10.1016/j.physrep.2018.07.005,10.1016/j.physrep.2018.07.005,https://openalex.org/W2793463276,High magnetic fields for fundamental physics,Rémy Battesti; Jerome Beard; Sebastian Böser; Nicolas Bruyant; Dmitry Budker; Scott A. Crooker; Edward J. Daw; Victor V. Flambaum; Toshiaki Inada; Igor G. Irastorza; Felix Karbstein; Dong Lak Kim; Mikhail G. Kozlov; Ziad Melhem; Arran Phipps; Pierre Pugnat; Geert Rikken; Carlo Rizzo; Matthias Schott; Yannis K. Semertzidis; Herman H.J. ten Kate; Guido Zavattini,2018,article,Physics Reports,134,Q04,no
10.1016/j.pmatsci.2021.100808,10.1016/j.pmatsci.2021.100808,https://openalex.org/W3155996348,3D and 4D lithography of untethered microrobots,Fatemeh Rajabasadi; Lukas Schwarz; Mariana Medina‐Sánchez; Oliver G. Schmidt,2021,article,Progress in Materials Science,107,Q05,no
10.1016/j.precisioneng.2013.11.006,10.1016/j.precisioneng.2013.11.006,https://openalex.org/W2063513924,"Micro-end milling of NiTi biomedical alloys, burr formation and phase transformation",Romain Piquard; Alain d’Acunto; Pascal Laheurte; D. Dudzinski,2013,article,Precision Engineering,101,Q02;Q09,no
10.1016/j.procir.2016.10.003,10.1016/j.procir.2016.10.003,https://openalex.org/W2592372268,‘In-situ’ Inspection Technologies: Trends in Degradation Assessment and Associated Technologies,Sri Addepalli; Rajkumar Roy; Dragoş Axinte; Jörn Mehnen,2017,article,Procedia CIRP,11,Q08,no
10.1016/j.procs.2025.01.269,10.1016/j.procs.2025.01.269,https://openalex.org/W4407945974,Vision-based in-situ process monitoring for increased productivity in abrasive waterjet trepanning,Chinmoyee Datta; Rajesh Ravi; D.S. Srinivasu,2025,conference-paper,Procedia Computer Science,0,Q09,no
10.1016/j.proeng.2011.08.182,10.1016/j.proeng.2011.08.182,https://openalex.org/W2022845263,An optical fiber Blade Tip Clearance Sensor for Active Clearance Control Applications,Jia Binghui; Zhang Xiaodong,2011,conference-paper,Procedia Engineering,17,Q12,yes
10.1016/j.quaint.2019.02.020,10.1016/j.quaint.2019.02.020,https://openalex.org/W2916883812,"Applying new technologies to the taphonomic study of La Lluera (Asturias, Spain). Geometric morphometrics and the study of bone surface modifications (BSM)",Pablo López Cisneros; Gonzalo Linares‐Matás; José Yravedra; Miguel Ángel Maté‐González; Verónica Estaca‐Gómez; Rocío Mora; Julia Aramendi; José Adolfo Rodríguez Asensio; José Manuel Barrera-Logares; Diego González‐Aguilera,2019,article,Quaternary International,18,Q05,no
10.1016/j.rcim.2018.05.010,10.1016/j.rcim.2018.05.010,https://openalex.org/W2808460361,Nozzle condition monitoring in 3D printing,Yedige Tlegenov; Geok Soon Hong; Wen Feng Lu,2018,article,Robotics and Computer-Integrated Manufacturing,189,Q08,no
10.1016/j.redox.2021.102178,10.1016/j.redox.2021.102178,https://openalex.org/W3208289947,In vivo dynamics of acidosis and oxidative stress in the acute phase of an ischemic stroke in a rodent model,Ilya V. Kelmanson; Arina G. Shokhina; Daria A. Kotova; M. S. Pochechuev; Alexandra D. Ivanova; Alexander I. Kostyuk; Anastasiya S. Panova; А. А. Бородинова; Maxim A. Solotenkov; Е. А. Степанов; Roman I. Raevskii; Aleksandr A. Moshchenko; Valeriy V. Pak; Yulia G. Ermakova; Gijsbert J. van Belle; Victor Tarabykin; П. М. Балабан; Ilya V. Fedotov; A. B. Fedotov; Marcus Conrad; Ivan Bogeski; Dörthe M. Katschinski; Thorsten R. Doeppner; Mathias Bähr; А. М. Желтиков; Vsevolod V. Belousov; Dmitry S. Bilan,2021,article,Redox Biology,50,Q04,no
10.1016/j.renene.2020.12.103,10.1016/j.renene.2020.12.103,https://openalex.org/W3113896576,Numerical study of turbulent flow past a rotating axial-flow pump based on a level-set immersed boundary method,Kan Kan; Zixuan Yang; Pin Lyu; Yuan Zheng; Lian Shen,2020,article,Renewable Energy,142,Q12,no
10.1016/j.rser.2016.05.085,10.1016/j.rser.2016.05.085,https://openalex.org/W2410800439,Structural health monitoring of offshore wind turbines: A review through the Statistical Pattern Recognition Paradigm,María Martínez-Luengo; Athanasios Kolios; Lin Wang,2016,article,Renewable and Sustainable Energy Reviews,296,Q12,no
10.1016/j.sna.2007.07.010,10.1016/j.sna.2007.07.010,https://openalex.org/W2153009750,Analysis of resonating microcantilevers operating in a viscous liquid environment,C. Vančura; Isabelle Dufour; S. M. Heinrich; Fabien Josse; Andreas Hierlemann,2007,article,Sensors and Actuators A Physical,102,Q04,no
10.1016/j.sna.2018.10.034,10.1016/j.sna.2018.10.034,https://openalex.org/W2900400111,Modelling and experimental validation of active and passive eddy current sensors for blade tip timing,Nidhal Jamia; Michael I. Friswell; S. El-Borgi; Prakash Rajendran,2018,article,Sensors and Actuators A Physical,25,Q12,no
10.1016/j.sna.2020.112441,10.1016/j.sna.2020.112441,https://openalex.org/W3107154121,Conic optical fiber probe for generation and characterization of microbubbles in liquids,J.E. Muñoz-Pérez; J.L. Cruz; Miguel V. Andrés; J. G. Ortega-Mendoza,2020,article,Sensors and Actuators A Physical,7,Q04,no
10.1016/j.snb.2016.08.112,10.1016/j.snb.2016.08.112,https://openalex.org/W2510153561,H 2 O 2 sensing enhancement by mutual integration of single walled carbon nanohorns with metal oxide catalysts: The CeO 2 case,M. Victoria Bracamonte; Michele Melchionna; Angela Giuliani; L. Nasi; Claudio Tavagnacco; Maurizio Prato; Paolo Fornasiero,2016,article,Sensors and Actuators B Chemical,98,Q04,no
10.1016/j.snb.2020.128469,10.1016/j.snb.2020.128469,https://openalex.org/W3036928502,Electrochemical plasmonic optical fiber probe for real-time insight into coreactant electrochemiluminescence,Jingxian Yu; Peipei Jia; Shengping Wang; Heike Ebendorff‐Heidepriem; Andrew D. Abell,2020,article,Sensors and Actuators B Chemical,9,Q04,no
10.1016/j.tibtech.2021.06.009,10.1016/j.tibtech.2021.06.009,https://openalex.org/W3186012988,Nondestructive testing of native and tissue-engineered medical products: adding numbers to pictures,Nathan J. Castro; Greta Babakhanova; Jerry C. Hu; Kyriacos A. Athanasiou,2021,article,Trends in biotechnology,14,Q08,no
10.1016/j.tws.2020.107335,10.1016/j.tws.2020.107335,https://openalex.org/W3112032161,Residual stresses in cold-formed steel members: Review of measurement methods and numerical modelling,A. Díaz; I.I. Cuesta; J.M. Alegre; Abílio M.P. De Jesus; Juan M. Manso,2020,article,Thin-Walled Structures,56,Q02,no
10.1016/j.vaa.2023.03.001,10.1016/j.vaa.2023.03.001,https://openalex.org/W4323664725,Development and evaluation of an anatomically designed and 3D printed device to enhance orotracheal intubation success in rabbits by inexperienced veterinarians,Pablo Nejamkin; María Clausse; Florencia Landivar; Matías A. Lorenzutti; Verónica Cavilla; Paula Viviani; Luis I. Alvarez; María José Del Sole,2023,article,Veterinary Anaesthesia and Analgesia,2,Q08,no
10.1016/j.xphs.2026.104300,10.1016/j.xphs.2026.104300,https://openalex.org/W7159827270,Resolving drug release mechanisms of amorphous solid dispersions using optical coherence tomography,Daniel Powell; Ecaterina Bordos; John Robertson; Jukka Rantanen; Daniel Markl,2026,article,Journal of Pharmaceutical Sciences,0,Q10,no
10.1016/j.xpro.2022.101176,10.1016/j.xpro.2022.101176,https://openalex.org/W4210991954,A protocol for full-rotation soft X-ray tomography of single cells,Jian-Hua Chen; Bieke Vanslembrouck; Valentina Loconte; Axel Ekman; Mirko Cortese; Ralf Bartenschlager; Gerry McDermott; Carolyn A. Larabell; Mark A. Le Gros; Venera Weinhardt,2022,article,STAR Protocols,44,Q08,no
10.1016/j.ymssp.2021.108628,10.1016/j.ymssp.2021.108628,https://openalex.org/W4205936396,Measurement of multiple physical quantities based on blade tip timing,Zhicheng Xiao; Yiming Meng; Hua Ouyang,2021,article,Mechanical Systems and Signal Processing,21,Q12,no
10.1016/j.ymssp.2022.109276,10.1016/j.ymssp.2022.109276,https://openalex.org/W3207318965,Physics-guided Deep Markov Models for learning nonlinear dynamical systems with uncertainty,Wei Liu; Zhilu Lai; Kiran Bacsa; Eleni Chatzi,2022,article,Mechanical Systems and Signal Processing,60,Q08,no
10.1016/s0006-3495(99)77100-6,10.1016/s0006-3495(99)77100-6,https://openalex.org/W2131018552,"Mechanochemical Coupling in Spin-Labeled, Active, Isometric Muscle",Josh E. Baker; Leslie E. W. LaConte; Ingrid Brust‐Mascher; David D. Thomas,1999,article,Biophysical Journal,53,Q04,no
10.1016/s0376-7388(00)82243-7,10.1016/s0376-7388(00)82243-7,https://openalex.org/W2136518270,The preparation and characterization of alumina membranes with ultra-fine pores,A. F. M. Leenaars; A.J. Burggraaf,1985,article,Journal of Membrane Science,61,Q02,no
10.1017/jog.2016.135,10.1017/jog.2016.135,https://openalex.org/W2582687536,Estimation of glacier thicknesses and basal properties using the horizontal-to-vertical component spectral ratio (HVSR) technique from passive seismic data,Stefano Picotti; Roberto Francese; Massimo Giorgi; F. Pettenati; José M. Carcione,2017,article,Journal of Glaciology,104,Q02,no
10.1017/s0022143000026800,10.1017/s0022143000026800,https://openalex.org/W78314449,"Internal Deformation and Thermal Anomalies in Lower Blue Glacier, Mount Olympus, Washington, U.S.A.",Ronald L. Shreve; Robert P. Sharp,1970,article,Journal of Glaciology,115,Q02,no
10.1021/acs.analchem.6b01321,10.1021/acs.analchem.6b01321,https://openalex.org/W2397655928,"A Novel, Nondestructive, Dried Blood Spot-Based Hematocrit Prediction Method Using Noncontact Diffuse Reflectance Spectroscopy",Sara Capiau; Leah S. Wilk; Maurice C. G. Aalders; Christophe P. Stove,2016,article,Analytical Chemistry,81,Q04,no
10.1021/acs.chemrev.3c00602,10.1021/acs.chemrev.3c00602,https://openalex.org/W4392158854,<i>In Situ</i> UV–Vis–NIR Absorption Spectroscopy and Catalysis,Max L. Bols; Jing Ma; Fatima Rammal; Dieter Plessers; Xuejiao Wu; Sara Navarro‐Jaén; Alexander J. Heyer; Bert F. Sels; Edward I. Solomon; Robert A. Schoonheydt,2024,article,Chemical Reviews,115,Q04,no
10.1021/acs.jpcc.6b09780,10.1021/acs.jpcc.6b09780,https://openalex.org/W2560046765,Understanding the Bias Introduced in Quantum Dot Blinking Using Change Point Analysis,Youn Jue Bae; Natalie A. Gibson; Tina X. Ding; A. Paul Alivisatos; Stephen R. Leone,2016,article,The Journal of Physical Chemistry C,20,Q09,no
10.1021/acsami.0c19187,10.1021/acsami.0c19187,https://openalex.org/W3126330603,Nano-optoelectrodes Integrated with Flexible Multifunctional Fiber Probes by High-Throughput Scalable Fabrication,Shan Jiang; Junyeob Song; Yujing Zhang; Meitong Nie; Jongwoon Kim; Ana Lopez Marcano; Kelly Kadlec; William A. Mills; Xiaodong Yan; Hefei Liu; Rong Tong; Han Wang; Ian F. Kimbrough; Harald Sontheimer; Wei Zhou; Xiaoting Jia,2021,article,ACS Applied Materials & Interfaces,20,Q04,no
10.1021/acsami.4c06884,10.1021/acsami.4c06884,https://openalex.org/W4400492350,Curved Surfaces Induce Metachronal Motion of Microscopic Magnetic Cilia,Zhiwei Cui; Tanveer ul Islam; Ye Wang; Jaap M. J. den Toonder,2024,article,ACS Applied Materials & Interfaces,6,Q05,no
10.1021/acsami.7b07499,10.1021/acsami.7b07499,https://openalex.org/W2739481336,Kish Graphite Flakes as a Cathode Material for an Aluminum Chloride–Graphite Battery,Shutao Wang; Kostiantyn V. Kravchyk; Frank Krumeich; Maksym V. Kovalenko,2017,article,ACS Applied Materials & Interfaces,145,Q02;Q09,no
10.1021/acscatal.5b02602,10.1021/acscatal.5b02602,https://openalex.org/W2337991869,Evolution and Enabling Capabilities of Spatially Resolved Techniques for the Characterization of Heterogeneously Catalyzed Reactions,Kevin T. Morgan; Jamal Touitou; Jae‐Soon Choi; Ciarán Coney; Christopher Hardacre; Josh A. Pihl; Cristina Stere; Miyoung Kim; Caomhán Stewart; Alexandre Goguet; William P. Partridge,2016,article,ACS Catalysis,88,Q04,no
10.1021/acsnano.9b03052,10.1021/acsnano.9b03052,https://openalex.org/W2954067904,Resilient Pathways to Atomic Attachment of Quantum Dot Dimers and Artificial Solids from Faceted CdSe Quantum Dot Building Blocks,Justin C. Ondry; John P. Philbin; Michael Lostica; Eran Rabani; A. Paul Alivisatos,2019,article,ACS Nano,53,Q02,no
10.1021/acsomega.4c04775,10.1021/acsomega.4c04775,https://openalex.org/W4404328625,Tips versus Holes: ×10 Higher Scattering in FIB-made Plasmonic Nanoscale Arrays for Spectral Imaging,Yaakov Mandelbaum; Maria Tkachev; Abhijit Sanjeev; Zeev Zalevsky; David Zitoun; Avi Karsenty,2024,article,ACS Omega,1,Q09,no
10.1029/2001wr001179,10.1029/2001wr001179,https://openalex.org/W1942766848,A new small drill hole minipermeameter probe for in situ permeability measurement: Fluid mechanics and geometrical factors,C. L. Dinwiddie; Fred J. Molz; James W. Castle,2003,article,Water Resources Research,20,Q02,yes
10.1029/2004gl019547,10.1029/2004gl019547,https://openalex.org/W1576078392,Geothermal evidence of very low glacial temperatures on a rim of the Fennoscandian ice sheet,Jan Šаfanda; Jan Szewczyk; Jacek Majorowicz,2004,article,Geophysical Research Letters,61,Q02,no
10.1029/2017wr021992,10.1029/2017wr021992,https://openalex.org/W2801988479,Turbulence Links Momentum and Solute Exchange in Coarse‐Grained Streambeds,Kevin Roche; Gianluca Blois; Jim Best; Kenneth T. Christensen; A. F. Aubeneau; Aaron I. Packman,2018,article,Water Resources Research,51,Q08,no
10.1038/am.2017.191,10.1038/am.2017.191,https://openalex.org/W2773330802,Insight into plasmonic hot-electron transfer and plasmon molecular drive: new dimensions in energy conversion and nanofabrication,Akihiro Furube; Shuichi Hashimoto,2017,article,NPG Asia Materials,246,Q09,no
10.1038/lsa.2016.229,10.1038/lsa.2016.229,https://openalex.org/W2616227884,Nanosphere lithography for optical fiber tip nanoprobes,Marco Pisco; Francesco Galeotti; Giuseppe Quero; Giorgio Grisci; Alberto Micco; Lucia V. Mercaldo; Paola Delli Veneri; Antonello Cutolo; Andrea Cusano,2016,article,Light Science & Applications,140,Q04,no
10.1038/lsa.2017.134,10.1038/lsa.2017.134,https://openalex.org/W2793028923,"Electrons dynamics control by shaping femtosecond laser pulses in micro/nanofabrication: modeling, method, measurement and application",Lan Jiang; Andong Wang; Bo Li; Tianhong Cui; Yongfeng Lu,2017,article,Light Science & Applications,501,Q02,no
10.1038/lsa.2017.150,10.1038/lsa.2017.150,https://openalex.org/W2790233225,"Near-UV electroluminescence in unipolar-doped, bipolar-tunneling GaN/AlN heterostructures",Tyler A. Growden; Weidong Zhang; E. R. Brown; David F. Storm; David J. Meyer; Paul R. Berger,2017,article,Light Science & Applications,55,Q04,no
10.1038/ncomms13140,10.1038/ncomms13140,https://openalex.org/W2529411012,Polymer-dispersed liquid crystal elastomers,Andraž Rešetič; Jerneja Milavec; Blaž Župančič; Valentina Domenici; Boštjan Zalar,2016,article,Nature Communications,83,Q05,no
10.1038/ncomms1430,10.1038/ncomms1430,https://openalex.org/W2168987467,Bethe-hole polarization analyser for the magnetic vector of light,H. W. Kihm; S. M. Koo; Q.H. Kim; Keyu Bao; J. E. Kihm; Wan Bak; S. H. Eah; Christoph Lienau; H. Kim; Peter Nordlander; Naomi J. Halas; Namkyoo Park; D.-S. Kim,2011,article,Nature Communications,93,Q04,no
10.1038/ncomms2024,10.1038/ncomms2024,https://openalex.org/W2104895315,Exploiting multimode waveguides for pure fibre-based imaging,Tomáš Čižmár; Kishan Dholakia,2012,article,Nature Communications,600,Q08,no
10.1038/ncomms7743,10.1038/ncomms7743,https://openalex.org/W2093013798,Signatures of the Giant Pairing Vibration in the 14C and 15C atomic nuclei,F. Cappuzzello; D. Carbone; M. Cavallaro; M. Bondí; C. Agodi; F. Azaiez; A. Bonaccorso; A. Cunsolo; L. Fortunato; A. Foti; S. Franchoo; E. Khan; R. Linares; J. Lubián; J. A. Scarpaci; A. Vitturi,2015,article,Nature Communications,99,Q02,no
10.1038/nphoton.2012.88,10.1038/nphoton.2012.88,https://openalex.org/W2169847880,Controlling waves in space and time for imaging and focusing in complex media,Allard P. Mosk; Ad Lagendijk; Geoffroy Lerosey; Mathias Fink,2012,article,Nature Photonics,1537,Q04,no
10.1038/s41377-022-00962-x,10.1038/s41377-022-00962-x,https://openalex.org/W4310540570,Realising high aspect ratio 10 nm feature size in laser materials processing in air at 800 nm wavelength in the far-field by creating a high purity longitudinal light field at focus,Zhaoqing Li; Olivier Allegre; Lin Li,2022,article,Light Science & Applications,48,Q04,no
10.1038/s41377-022-01007-z,10.1038/s41377-022-01007-z,https://openalex.org/W4309436439,Terahertz structured light: nonparaxial Airy imaging using silicon diffractive optics,Rusnė Ivaškevičiūtė‐Povilauskienė; Paulius Kizevičius; Ernestas Nacius; Domas Jokubauskis; Kȩstutis Ikamas; Alvydas Lisauskas; Natalia V. Alexeeva; Ieva Matulaitienė; Vytautas Jukna; Sergej Orlov; Linas Minkevičius; Gintaras Valušis,2022,article,Light Science & Applications,63,Q05,no
10.1038/s41377-023-01265-5,10.1038/s41377-023-01265-5,https://openalex.org/W4386944403,Zwitterion-doped liquid crystal speckle reducers for immersive displays and vectorial imaging,Yihan Jin; Nathan Spiller; Chao He; Grahame Faulkner; Martin J. Booth; Steve J. Elston; Stephen Morris,2023,article,Light Science & Applications,16,Q05,no
10.1038/s41377-023-01303-2,10.1038/s41377-023-01303-2,https://openalex.org/W4388765838,Single-lens dynamic $$z$$-scanning for simultaneous in situ position detection and laser processing focus control,Xiaohan Du; Camilo Florian; Craig B. Arnold,2023,article,Light Science & Applications,26,Q09,no
10.1038/s41378-019-0063-4,10.1038/s41378-019-0063-4,https://openalex.org/W2950299460,Isolation of intact bacteria from blood by selective cell lysis in a microfluidic porous silica monolith,Jung Yeon Han; Michael S. Wiederoder; Don L. DeVoe,2019,article,Microsystems & Nanoengineering,20,Q09,no
10.1038/s41378-022-00461-4,10.1038/s41378-022-00461-4,https://openalex.org/W4308522379,A silk-based self-adaptive flexible opto-electro neural probe,Yu Zhou; Chi Gu; Jizhi Liang; Bohan Zhang; Huiran Yang; Zhitao Zhou; Meng Li; Liuyang Sun; Tiger H. Tao; Xiaoling Wei,2022,article,Microsystems & Nanoengineering,75,Q04,no
10.1038/s41378-025-01034-x,10.1038/s41378-025-01034-x,https://openalex.org/W4416776458,Side-viewing axicon-integrated miniature fiber probe for extended depth of focus and ultrahigh lateral resolution endoscopic imaging,Yin Liu; Duanhong Zhang; Wenxin Li; Shicheng Zheng; Hong Fan; Tianyuan Lan; Qun Hao; Yong Huang,2025,article,Microsystems & Nanoengineering,1,Q04,no
10.1038/s41467-018-03896-4,10.1038/s41467-018-03896-4,https://openalex.org/W2797324582,Anchoring zero valence single atoms of nickel and iron on graphdiyne for hydrogen evolution,Yurui Xue; Bolong Huang; Yuanping Yi; Yuan Guo; Zicheng Zuo; Yongjun Li; Zhiyu Jia; Huibiao Liu; Yuliang Li; Yuliang Li; Yuliang Li,2018,article,Nature Communications,1002,Q02,no
10.1038/s41467-020-19946-9,10.1038/s41467-020-19946-9,https://openalex.org/W3110494473,Spatially expandable fiber-based probes as a multifunctional deep brain interface,Shan Jiang; Dipan C. Patel; Jongwoon Kim; Shuo Yang; William A. Mills; Yujing Zhang; Kaiwen Wang; Ziang Feng; Sujith Vijayan; Wenjun Cai; Anbo Wang; Yuanyuan Guo; Ian F. Kimbrough; Harald Sontheimer; Xiaoting Jia,2020,article,Nature Communications,103,Q04,no
10.1038/s41467-022-29812-5,10.1038/s41467-022-29812-5,https://openalex.org/W4224256685,Anisotropic nanocrystal superlattices overcoming intrinsic light outcoupling efficiency limit in perovskite quantum dot light-emitting diodes,Sudhir Kumar; Tommaso Marcato; Frank Krumeich; Yen‐Ting Li; Yu‐Cheng Chiu; Chih‐Jen Shih,2022,article,Nature Communications,82,Q04,no
10.1038/s41467-022-33409-3,10.1038/s41467-022-33409-3,https://openalex.org/W4301606314,3D-printed microrobots from design to translation,Sajjad Rahmani Dabbagh; Misagh Rezapour Sarabi; Mehmet Tugrul Birtek; Siamak Seyfi; Metin Sitti; Savaş Taşoğlu,2022,article,Nature Communications,176,Q05,no
10.1038/s41467-023-36127-6,10.1038/s41467-023-36127-6,https://openalex.org/W4318478488,Gigahertz optoacoustic vibration in Sub-5 nm tip-supported nano-optomechanical metasurface,Renxian Gao; Yonglin He; Dumeng Zhang; Guoya Sun; Jiaxing He; Jian‐Feng Li; Ming‐De Li; Zhilin Yang,2023,article,Nature Communications,17,Q05,no
10.1038/s41467-023-37445-5,10.1038/s41467-023-37445-5,https://openalex.org/W4362594485,Light-driven peristaltic pumping by an actuating splay-bend strip,Klaudia Dradrach; Michał Zmyślony; Zixuan Deng; Arri Priimägi; John S. Biggins; Piotr Wasylczyk,2023,article,Nature Communications,33,Q05,no
10.1038/s41467-023-39367-8,10.1038/s41467-023-39367-8,https://openalex.org/W4380785381,SEC-seq: association of molecular signatures with antibody secretion in thousands of single human plasma cells,Rene Yu-Hong Cheng; Joseph de Rutte; Cade Ellis Ito; Andee R. Ott; Lucie Bosler; Wei-Ying Kuo; Jesse Liang; Brian E. Hall; David J. Rawlings; Dino Di Carlo; Richard G. James,2023,article,Nature Communications,54,Q05,no
10.1038/s41467-023-39928-x,10.1038/s41467-023-39928-x,https://openalex.org/W4384200934,Conductance stable and mechanically durable bi-layer EGaIn composite-coated stretchable fiber for 1D bioelectronics,Gunhee Lee; Do Hoon Lee; Woojin Jeon; Ji‐Hwan Yoon; Kwangguk Ahn; Kum Seok Nam; Min Kyoung Kim; Jun Kyu Kim; Yong Hoe Koo; Jinmyoung Joo; WooChul Jung; Jaehong Lee; Jaewook Nam; Seongjun Park; Jae‐Woong Jeong; Steve Park,2023,article,Nature Communications,82,Q04,no
10.1038/s41467-024-45390-0,10.1038/s41467-024-45390-0,https://openalex.org/W4391605039,Dual heterogeneous interfaces enhance X-ray excited persistent luminescence for low-dose 3D imaging,Lei Lei; Minghao Yi; Yubin Wang; Youjie Hua; Junjie Zhang; Paras N. Prasad; Shiqing Xu,2024,article,Nature Communications,90,Q02,no
10.1038/s41467-024-46869-6,10.1038/s41467-024-46869-6,https://openalex.org/W4393095619,Nucleic-acid-base photofunctional cocrystal for information security and antimicrobial applications,Wenqing Xu; Guanheng Huang; Zhan Yang; Ziqi Deng; Chen Zhou; Jianan Li; Ming‐De Li; Tao Hu; Ben Zhong Tang; David Lee Phillips,2024,article,Nature Communications,29,Q09,no
10.1038/s41467-024-47431-0,10.1038/s41467-024-47431-0,https://openalex.org/W4394783255,Dynamic multicolor emissions of multimodal phosphors by Mn2+ trace doping in self-activated CaGa4O7,Yiqian Tang; Yiyu Cai; Kunpeng Dou; Jianqing Chang; Wei Li; Shanshan Wang; Mingzi Sun; Bolong Huang; Xiaofeng Liu; Jianrong Qiu; Lei Zhou; Mingmei Wu; Juncheng Zhang,2024,article,Nature Communications,144,Q02,no
10.1038/s41467-024-51383-w,10.1038/s41467-024-51383-w,https://openalex.org/W4401815938,Light-regulated soliton dynamics in liquid crystals,Kehui Wu; Li-Ting Zhu; Fang-Fang Xiao; Xuejia Hu; Sensen Li; Lujian Chen,2024,article,Nature Communications,9,Q05,no
10.1038/s41467-025-67942-8,10.1038/s41467-025-67942-8,https://openalex.org/W7118159236,Deep learning and superoscillatory speckles empowered multimode fiber probe for in situ nano-displacement detection and micro-imaging,Lele Wang; Yiwei Zhang; Yibing Zhou; Yuan Meng; Zhengyang Lu; Pei Li; Hailong Zhang; Dan Li; Ping Yan; Qirong Xiao; Qiang Liu,2026,article,Nature Communications,2,Q04,no
10.1038/s41528-022-00160-0,10.1038/s41528-022-00160-0,https://openalex.org/W4225247430,A bio-inspired and self-powered triboelectric tactile sensor for underwater vehicle perception,Peng Xu; Jianhua Liu; Xiangyu Liu; Xinyu Wang; Jiaxi Zheng; Siyuan Wang; Tianyu Chen; Hao Wang; Chuan Wang; Xianping Fu; Guangming Xie; Jin Tao; Minyi Xu,2022,article,npj Flexible Electronics,96,Q05,no
10.1038/s41551-019-0510-4,10.1038/s41551-019-0510-4,https://openalex.org/W3003953293,Rapid optofluidic detection of biomarkers for traumatic brain injury via surface-enhanced Raman spectroscopy,Jonathan James Stanley Rickard; Valentina Di-Pietro; David J. Smith; David Davies; Antonio Belli; Pola Goldberg Oppenheimer,2020,article,Nature Biomedical Engineering,135,Q04,no
10.1038/s41586-021-04316-2,10.1038/s41586-021-04316-2,https://openalex.org/W4220698423,Ultra-narrow optical linewidths in rare-earth molecular crystals,Diana Serrano; Senthil Kumar Kuppusamy; Benoı̂t Heinrich; Olaf Fuhr; David Hunger; Mario Ruben; Philippe Goldner,2022,article,Nature,136,Q02,no
10.1038/s41598-017-14852-5,10.1038/s41598-017-14852-5,https://openalex.org/W2765276428,Microgel assisted Lab-on-Fiber Optrode,Anna Aliberti; Armando Ricciardi; M Giaquinto; Alberto Micco; E. Bobeico; V. La Ferrara; Menotti Ruvo; Antonello Cutolo; Andrea Cusano,2017,article,Scientific Reports,55,Q04,no
10.1038/s41598-017-16617-6,10.1038/s41598-017-16617-6,https://openalex.org/W2769604985,Detectability of Breast Tumor by a Hand-held Impulse-Radar Detector: Performance Evaluation and Pilot Clinical Study,Hang Song; Shinsuke Sasada; Takayuki Kadoya; Morihito Okada; Koji Arihiro; Xia Xiao; Takamaro Kikkawa,2017,article,Scientific Reports,115,Q09,no
10.1038/s41598-018-19928-4,10.1038/s41598-018-19928-4,https://openalex.org/W2806583368,Optimization reconstruction method of object profile using flexible laser plane and bi-planar references,Guan Xu; Jing Yuan; Xiaotao Li; Jian Su,2018,article,Scientific Reports,8,Q05,no
10.1038/s41598-018-20547-2,10.1038/s41598-018-20547-2,https://openalex.org/W2804889569,Nondestructive Measurement of Hemoglobin in Blood Bags Based on Multi-Pathlength VIS-NIR Spectroscopy,Shengzhao Zhang; Gang Li; Jiexi Wang; Donggen Wang; Ying Han; Hui Cao; Ling Lin,2018,article,Scientific Reports,38,Q04,no
10.1038/s41598-018-26326-3,10.1038/s41598-018-26326-3,https://openalex.org/W2804355830,Three dimensional two-photon brain imaging in freely moving mice using a miniature fiber coupled microscope with active axial-scanning,Baris N. Ozbay; Gregory L. Futia; Ming Ma; Victor M. Bright; Juliet T. Gopinath; Ethan G. Hughes; Diego Restrepo; Emily A. Gibson,2018,article,Scientific Reports,151,Q04,no
10.1038/s41598-018-30793-z,10.1038/s41598-018-30793-z,https://openalex.org/W2885182645,Facile and inexpensive fabrication of zinc oxide based bio-surfaces for C-reactive protein detection,Lu Cao; Janice Kiely; Martina Piano; Richard Luxton,2018,article,Scientific Reports,32,Q09,no
10.1038/s41598-018-32407-0,10.1038/s41598-018-32407-0,https://openalex.org/W2893960443,Two-photon polymerisation 3D printed freeform micro-optics for optical coherence tomography fibre probes,Jiawen Li; Peter Fejes; Dirk Lorenser; Bryden C. Quirk; Peter B. Noble; Rodney W. Kirk; Antony Orth; Fiona M. Wood; Brant C. Gibson; David D. Sampson; Robert A. McLaughlin,2018,article,Scientific Reports,86,Q04,no
10.1038/s41598-018-33728-w,10.1038/s41598-018-33728-w,https://openalex.org/W2896172947,A Hybrid Non-destructive Measuring Method of Three-dimensional Profile of Through Silicon Vias for Realization of Smart Devices,Heulbi Ahn; Jaeseok Bae; Jungjae Park; Jonghan Jin,2018,article,Scientific Reports,19,Q09,no
10.1038/s41598-019-38895-y,10.1038/s41598-019-38895-y,https://openalex.org/W2915126389,Photopic light-mediated down-regulation of local α1A-adrenergic signaling protects blood-retina barrier in experimental autoimmune uveoretinitis,Andrea Štofková; Daisuke Kamimura; Takuto Ohki; Mitsutoshi Ota; Yasunobu Arima; Masaaki Murakami,2019,article,Scientific Reports,33,Q08,no
10.1038/s41598-019-43781-8,10.1038/s41598-019-43781-8,https://openalex.org/W2945082427,A self-assembled plasmonic optical fiber nanoprobe for label-free biosensing,Yuzhang Liang; Zhiyong Yu; Lixia Li; Ting Xu,2019,article,Scientific Reports,54,Q04,no
10.1038/s41598-019-44577-6,10.1038/s41598-019-44577-6,https://openalex.org/W2947353124,Resonance excitation of surface capillary waves to enhance material removal for laser material processing,Sonny Ly; Gabe Guss; Alexander M. Rubenchik; Wesley J. Keller; Nan Shen; Raluca A. Negres; J. Bude,2019,article,Scientific Reports,27,Q09,no
10.1038/s41598-020-68898-z,10.1038/s41598-020-68898-z,https://openalex.org/W3042390902,Effect of generation rate on transient photoconductivity of semi-insulating 4H-SiC,Marek Suproniuk; Mariusz Wierzbowski; Piotr Paziewski,2020,article,Scientific Reports,16,Q02,no
10.1038/s41598-023-34062-6,10.1038/s41598-023-34062-6,https://openalex.org/W4377022807,Swept-source multimode fiber imaging,Benjamin Lochocki; Aleksandra Ivanina; Akje Bandhoe; Johannes F. de Boer; Lyubov V. Amitonova,2023,article,Scientific Reports,15,Q04,no
10.1038/s41598-024-53586-z,10.1038/s41598-024-53586-z,https://openalex.org/W4391657325,Automated design of nighttime braces for adolescent idiopathic scoliosis with global shape optimization using a patient-specific finite element model,Aymeric Guy; Maxence Coulombe; Hubert Labelle; Soraya Barchi; Carl‐Éric Aubin,2024,article,Scientific Reports,8,Q05,no
10.1038/s41598-024-62318-2,10.1038/s41598-024-62318-2,https://openalex.org/W4397033671,Research on the mechanism and application of wedge cutting blasting with hole-inner delay,Bing Cheng; Quan Wang; Haibo Wang; Qi Zong; Pengfei Gao,2024,article,Scientific Reports,9,Q02,no
10.1038/s41598-024-76206-2,10.1038/s41598-024-76206-2,https://openalex.org/W4403844317,Study on anti-reflection of deep soft and high gas coal seam floor by deep hole controlled blasting,Jianyu Zhang; Yi-xin Gong,2024,article,Scientific Reports,6,Q02,no
10.1038/s41598-024-81812-1,10.1038/s41598-024-81812-1,https://openalex.org/W4404998472,Evaluation and correction methods for geometric errors of hydrostatic thrust bearings,Zhiwei Wang; Bingqing Yang; Cong Xu; Penghao Fu; Yanhao Jia; Aiqin Sun; Lijun Zhang; Liang Yuan,2024,article,Scientific Reports,6,Q09,no
10.1038/s41598-025-11570-1,10.1038/s41598-025-11570-1,https://openalex.org/W4412559477,High-temperature resistant resonant cavity microwave sensor for precision blade tip clearance monitoring in aeroengines,Haolin Sun,2025,article,Scientific Reports,1,Q12,yes
10.1038/s41598-025-28058-7,10.1038/s41598-025-28058-7,https://openalex.org/W4417497683,A novel predictive model for abrasive waterjet deep hole drilling on AL7075 T6 using machine learning and evolutionary algorithmic approach,J. Bharani Chandar; M. Sivakumar; N. Lenin; Róbert Čep; Sachin Salunkhe; Emad Abouel Nasr; C. Rathinasuriyan,2025,article,Scientific Reports,2,Q02,no
10.1038/s41598-025-89493-0,10.1038/s41598-025-89493-0,https://openalex.org/W4407449308,Modeling highly efficient femtosecond laser ablation of aluminum for cutting,S. Shin; Jaeyong Kim,2025,article,Scientific Reports,3,Q09,no
10.1038/s41598-026-50612-0,10.1038/s41598-026-50612-0,https://openalex.org/W7157793994,A novel system design for monocular laser assisted capsule endoscopy for 3D small bowel modeling,İrem Yakar; Parviz Zolfaghari; Engincan Tekin; Alp Kayra Dağıstanlı; Ramazan Alper Kuçak; Serdar Bilgi; Onur Ferhanoğlu,2026,article,Scientific Reports,0,Q11,no
10.1038/s41746-022-00733-3,10.1038/s41746-022-00733-3,https://openalex.org/W4312114943,Where do we stand in AI for endoscopic image analysis? Deciphering gaps and future directions,Sharib Ali,2022,article,npj Digital Medicine,77,Q08,no
10.1038/s42005-024-01782-8,10.1038/s42005-024-01782-8,https://openalex.org/W4401797977,Toroidal phase topologies within paraxial laser beams,Jinzhan Zhong; Houan Teng; Qiwen Zhan,2024,article,Communications Physics,11,Q05,no
10.1038/s43586-023-00270-7,10.1038/s43586-023-00270-7,https://openalex.org/W4388943377,Muography,Hiroyuki Tanaka; C. Bozza; A. Bross; E. Cantoni; O. Catalano; Giancarlo Cerretto; A. Giammanco; Jon Gluyas; I. Gnesi; Marko Holma; Tadahiro Kin; Ignacio Lázaro Roche; Giovanni Leone; Zhiyi Liu; D. Lo Presti; J. Marteau; Jun Matsushima; L. Oláh; N. Polukhina; S. S. V. S. Ramakrishna; Marco Sellone; Armando Hideki Shinohara; Sara Steigerwald; Kenji Sumiya; L.F. Thompson; V. Tioukov; Yusuke Yokota; D. Varga,2023,article,Nature Reviews Methods Primers,40,Q08,no
10.1038/s44172-023-00157-1,10.1038/s44172-023-00157-1,https://openalex.org/W4390511324,Liquid-shaped microlens for scalable production of ultrahigh-resolution optical coherence tomography microendoscope,Chao Xu; Xin Guan; Syeda Aimen Abbasi; Neng Xia; To Ngai; Li Zhang; Ho‐Pui Ho; Sze Hang Calvin Ng; Wu Yuan,2024,article,Communications Engineering,34,Q04,no
10.1038/srep00966,10.1038/srep00966,https://openalex.org/W1967210398,Flow-dependent double-nanohole optical trapping of 20 nm polystyrene nanospheres,Ana Zehtabi-Oskuie; Jarrah Bergeron; Reuven Gordon,2012,article,Scientific Reports,38,Q04,no
10.1038/srep01857,10.1038/srep01857,https://openalex.org/W2026293661,Plasmonic nanofocusing with a metallic pyramid and an integrated C-shaped aperture,Nathan C. Lindquist; Timothy W. Johnson; Prashant Nagpal; David J. Norris; Sang‐Hyun Oh,2013,article,Scientific Reports,49,Q04,no
10.1038/srep15935,10.1038/srep15935,https://openalex.org/W1895314764,Optical fiber tip templating using direct focused ion beam milling,Alberto Micco; Armando Ricciardi; Marco Pisco; V. La Ferrara; Andrea Cusano,2015,article,Scientific Reports,56,Q04,no
10.1039/c6ra07824a,10.1039/c6ra07824a,https://openalex.org/W2504663731,A scratch resistant yet healable automotive clearcoat containing hyperbranched polymer and POSS nanostructures,H. Yari; Mohsen Mohseni; Massimo Messori,2016,article,RSC Advances,16,Q09,no
10.1039/c6ra25094g,10.1039/c6ra25094g,https://openalex.org/W2579072476,Carbon steel corrosion: a review of key surface properties and characterization methods,Deepak Dwivedi; Kateřina Lepková; Thomas Becker,2017,article,RSC Advances,595,Q09,no
10.1039/c6sm01651k,10.1039/c6sm01651k,https://openalex.org/W2519776202,Preparation and attachment of liquid-infused porous supra-particles to liquid interfaces,Hamza S. Al‐Shehri; Tommy S. Horozov; Vesselin N. Paunov,2016,article,Soft Matter,11,Q09,no
10.1039/c7ra03224b,10.1039/c7ra03224b,https://openalex.org/W2604851194,Light activated non-reciprocal motion in liquid crystalline networks by designed microactuator architecture,Daniele Martella; Diego Antonioli; S. Nocentini; Diederik S. Wiersma; Giancarlo Galli; Michele Laus; Camilla Parmeggiani,2017,article,RSC Advances,60,Q05,no
10.1039/c8cs00710a,10.1039/c8cs00710a,https://openalex.org/W2916157956,Flexible fiber-based optoelectronics for neural interfaces,Seongjun Park; Gabriel Loke; Yoel Fink; Polina Anikeeva,2019,article,Chemical Society Reviews,143,Q04,no
10.1039/d1nr06280h,10.1039/d1nr06280h,https://openalex.org/W4210556070,Effects of nanostructuration on the electrochemical performance of metallic bioelectrodes,Sahba Mobini; Marı́a Ujué González; Olga Caballero‐Calero; Erin Patrick; Marisol Martín‐González; José Miguel García‐Martín,2022,article,Nanoscale,20,Q09,no
10.1039/d2ma00635a,10.1039/d2ma00635a,https://openalex.org/W4295545532,Perspective on the scintillating response of CdSe based nanoplatelets heterostructures,Meng Zhu; Benoît Mahler; Julien Houel; Florian Kulzer; А. Н. Васильев; Christophe Dujardin,2022,article,Materials Advances,8,Q09,no
10.1039/d3ra06489a,10.1039/d3ra06489a,https://openalex.org/W4391442558,The pore structure and water absorption in Portland/slag blended hardened cement paste determined by synchrotron X-ray microtomography and neutron radiography,James E. Vigor; Dale P. Prentice; Xianghui Xiao; Susan A. Bernal; John L. Provis,2024,article,RSC Advances,11,Q09,no
10.1039/d4sd00045e,10.1039/d4sd00045e,https://openalex.org/W4399464553,"Recent advances of optical fiber biosensors based on surface plasmon resonance: sensing principles, structures, and prospects",Jingwei Lv; Jianxin Wang; Lin Yang; Wei Liu; Haihao Fu; Paul K. Chu; Chao Liu,2024,article,Sensors & Diagnostics,91,Q04,no
10.1039/d5sc04585a,10.1039/d5sc04585a,https://openalex.org/W4413301240,Tuning probe permeability <i>via</i> chalcogen and halogen atom substitution for monitoring alkaline phosphatase activity in mammalian cells,Ekta Chauhan; Debasish Giri; Harinarayana Ungati; Govindasamy Mugesh,2025,article,Chemical Science,7,Q09,no
10.1046/j.1525-1594.2002.07124.x,10.1046/j.1525-1594.2002.07124.x,https://openalex.org/W1974567334,A Prototype HeartQuest Ventricular Assist Device for Particle Image Velocimetry Measurements,Steven W. Day; James C. McDaniel; Houston G. Wood; Paul E. Allaire; Xinwei Song; P Lemire; Scott D. Miles,2002,article,Artificial Organs,42,Q12,no
10.1046/j.1526-100x.1997.09713.x,10.1046/j.1526-100x.1997.09713.x,https://openalex.org/W2149702997,Ants as Indicators of Restoration Success: Relationship with Soil Microbial Biomass in the Australian Seasonal Tropics,Alan N. Andersen; Graham P. Sparling,1997,article,Restoration Ecology,164,Q08,no
10.1049/rpg2.70152,10.1049/rpg2.70152,https://openalex.org/W4415496995,Predictive Maintenance of Solar Photovoltaic Systems: A Comprehensive Review,A. Ahmed; Li Li; Kaveh Khalilpour,2025,article,IET Renewable Power Generation,12,Q12,no
10.1051/e3sconf/20199501005,10.1051/e3sconf/20199501005,https://openalex.org/W2946521161,Status recognition for fused deposition modeling manufactured parts based on acoustic emission,Feng Li; Zhonghua Yu; Xuanwei Shen; Hao Zhang,2019,conference-paper,E3S Web of Conferences,12,Q08,no
10.1051/ijmqe/2016007,10.1051/ijmqe/2016007,https://openalex.org/W2396311044,An investigation of highly accurate and precise robotic hole measurements using non-contact devices,Zahid Usman; Radmehr P. Monfared; Niels Lohse; Michael R. Jackson,2016,article,International Journal of Metrology and Quality Engineering,9,Q02;Q03;Q09,yes
10.1051/matecconf/20153206006,10.1051/matecconf/20153206006,https://openalex.org/W2252376542,Defect Detection in Pipes using a Mobile Laser-Optics Technology and Digital Geometry,Abbasali Dehghan Tezerjani; Mehran Mehrandezh; Raman Paranjape,2015,conference-paper,MATEC Web of Conferences,12,Q05,no
10.1051/matecconf/201713009004,10.1051/matecconf/201713009004,https://openalex.org/W2765924409,Observation of fracture behavior of 3-D printed specimens under rolling contact fatigue in water,Koshiro Mizobe; Masahiro Inagaki; Katsuyuki Kida,2017,conference-paper,MATEC Web of Conferences,4,Q09,no
10.1051/matecconf/201819007004,10.1051/matecconf/201819007004,https://openalex.org/W2892109578,In-situ measurement technologies for flow behaviour and contact status of fibre-reinforced thermoplastics during forming with a six degree of freedom press,Birk Wonnenberg; Franz Dietrich; Klaus Dröder,2018,conference-paper,MATEC Web of Conferences,1,Q08,no
10.1051/matecconf/201819201029,10.1051/matecconf/201819201029,https://openalex.org/W2886388703,An investigation on dimensional accuracy of EDM deep hole using multi-hole interior flushing electrode,Suppawat Chuvaree; Kannachai Kanlayasiri,2018,conference-paper,MATEC Web of Conferences,6,Q09,no
10.1051/matecconf/201927501024,10.1051/matecconf/201927501024,https://openalex.org/W2920998563,Digital workflow for the accurate computation of the geometric properties of bamboo culms for structural applications,Rodolfo Lorenzo; Leonel Mimendi,2019,conference-paper,MATEC Web of Conferences,5,Q05,no
10.1051/meca/2013087,10.1051/meca/2013087,https://openalex.org/W2036635042,Experimental and analytical analyses of the cutting process in the deep hole drilling with BTA (Boring Trepanning Association) system,Julien Thil; Badis Haddag; Mohammed Nouari; Claude Barlier; L. Papillon,2013,article,Mechanics & Industry,28,Q02,no
10.1061/(asce)0733-9372(2008)134:4(283),10.1061/(asce)0733-9372(2008)134:4(283),https://openalex.org/W2095559755,Air Injection in Water with Different Nozzles,Iran Eduardo Lima Neto; David Z. Zhu; N. Rajaratnam,2008,article,Journal of Environmental Engineering,60,Q04,no
10.1063/1.1149045,10.1063/1.1149045,https://openalex.org/W1973208193,Etched chalcogenide fibers for near-field infrared scanning microscopy,Marc Unger; Dmitri Kossakovski; R. Kongovi; J. L. Beauchamp; John D. Baldeschwieler; Daniel Palanker,1998,article,Review of Scientific Instruments,38,Q04,no
10.1063/1.1702246,10.1063/1.1702246,https://openalex.org/W2020457009,Theory of Jet Formation by Charges with Lined Conical Cavities,Emerson M. Pugh; R. J. Eichelberger; N. Rostoker,1952,article,Journal of Applied Physics,193,Q02,no
10.1063/1.1921509,10.1063/1.1921509,https://openalex.org/W2084723048,"A portable, low coherence interferometry based instrument for fine needle aspiration biopsy guidance",Nicusor Iftimia; Brett E. Bouma; Martha B. Pitman; Brian Goldberg; Jason Bressner; Guillermo J. Tearney,2005,article,Review of Scientific Instruments,54,Q10,no
10.1063/1.2162695,10.1063/1.2162695,https://openalex.org/W1672762201,Quantum confinement effect in ZnO∕Mg0.2Zn0.8O multishell nanorod heterostructures,Eue-Soon Jang; Jun Young Bae; Jinkyoung Yoo; Won Il Park; Dongwook Kim; Gyu‐Chul Yi; Takashi Yatsui; M. Ohtsu,2006,article,Applied Physics Letters,55,Q04,no
10.1063/1.3076409,10.1063/1.3076409,https://openalex.org/W1986768341,Spectral-domain low coherence interferometry/optical coherence tomography system for fine needle breast biopsy guidance,Nicusor Iftimia; Mircea Mujat; Teoman E. Ustun; R. Daniel Ferguson; V. Danthu; Daniel X. Hammer,2009,article,Review of Scientific Instruments,42,Q10,no
10.1063/1.3548924,10.1063/1.3548924,https://openalex.org/W2052912592,The Twente turbulent Taylor–Couette (T3C) facility: Strongly turbulent (multiphase) flow between two independently rotating cylinders,Dennis P. M. van Gils; Gert-Wim Bruggert; Daniel P. Lathrop; Chao Sun; Detlef Lohse,2011,article,Review of Scientific Instruments,78,Q04,no
10.1063/1.481382,10.1063/1.481382,https://openalex.org/W2160762085,Scanning near-field optical microscopy with aperture probes: Fundamentals and applications,Bert Hecht; Beate Sick; Urs P. Wild; Volker Deckert; Renato Zenobi; Olivier J. F. Martin; Dieter Pohl,2000,article,The Journal of Chemical Physics,751,Q02;Q04;Q09,no
10.1063/1.4901601,10.1063/1.4901601,https://openalex.org/W2035288652,Blade tip clearance measurement of the turbine engines based on a multi-mode fiber coupled laser ranging system,Haotian Guo; Fajie Duan; Guoxiu Wu; Jilong Zhang,2014,article,Review of Scientific Instruments,12,Q12,yes
10.1063/1.4904718,10.1063/1.4904718,https://openalex.org/W1995480628,Optic cavitation with CW lasers: A review,J. P. Padilla-Martínez; Carla Berrospe‐Rodriguez; Guillermo Aguilar; Julio C. Ramı́rez-San-Juan; R. Ramos-Garcı́a,2014,article,Physics of Fluids,123,Q04,no
10.1063/1.4964858,10.1063/1.4964858,https://openalex.org/W2535499073,On the development of a magnetoresistive sensor for blade tip timing and blade tip clearance measurement systems,R. Tomassini; Gianluca Rossi; Jean-François Brouckaert,2016,article,Review of Scientific Instruments,20,Q12,yes
10.1063/1.4977316,10.1063/1.4977316,https://openalex.org/W2596942054,A design of endoscopic imaging system for hyper long pipeline based on wheeled pipe robot,Dongtian Zheng; Haishu Tan; Fuqiang Zhou,2017,conference-paper,AIP conference proceedings,8,Q05,no
10.1063/1.4982634,10.1063/1.4982634,https://openalex.org/W2610663533,Electrically tunable and broader-band sound absorption by using micro-perforated dielectric elastomer actuator,Zhenbo Lu; Milan Shrestha; Gih‐Keong Lau,2017,article,Applied Physics Letters,68,Q09,no
10.1063/1.5040861,10.1063/1.5040861,https://openalex.org/W2890317363,Perspective: Biomedical sensing and imaging with optical fibers—Innovation through convergence of science disciplines,Jiawen Li; Heike Ebendorff‐Heidepriem; Brant C. Gibson; Andrew D. Greentree; Mark R. Hutchinson; Peipei Jia; Roman Kostecki; Guozhen Liu; Antony Orth; Martin Plöschner; Erik P. Schartner; Stephen C. Warren‐Smith; Kaixin Zhang; Georgios Tsiminis; Ewa M. Goldys,2018,article,APL Photonics,43,Q04,no
10.1063/1.5060967,10.1063/1.5060967,https://openalex.org/W2931684697,Conformality in atomic layer deposition: Current status overview of analysis and modelling,Véronique Cremers; Riikka L. Puurunen; Jolien Dendooven,2019,article,Applied Physics Reviews,505,Q02,no
10.1063/5.0024332,10.1063/5.0024332,https://openalex.org/W3104112098,Photothermal spectroscopy: A promising tool for nanofluids,Liliya O. Usoltseva; М.В. Коробов; Мikhail А. Proskurnin,2020,article,Journal of Applied Physics,31,Q09,no
10.1063/5.0058223,10.1063/5.0058223,https://openalex.org/W3205650288,A three-dimensional reconstruction method for the inner surface of a deep hole using a rotating mechanism,Shuo Pan; Xinjie Shao; Huaiguang Wang; Bin Song,2021,article,Review of Scientific Instruments,4,Q05,yes
10.1063/5.0143406,10.1063/5.0143406,https://openalex.org/W4327700618,The vortex ring state of a rotor and its comparison with the collapse of an annular jet in counterflow,David Pickles; R. B. Green; Angela Busse,2023,article,Physics of Fluids,5,Q12,no
10.1063/5.0207621,10.1063/5.0207621,https://openalex.org/W4396759166,Impact of blade shape on the aerodynamic performance and turbulent jet dynamics produced by a ducted rotor,Víctor Maldonado; Guilherme Fernandes,2024,article,Physics of Fluids,8,Q12,no
10.1063/5.0249843,10.1063/5.0249843,https://openalex.org/W4406102532,Investigation on striped heat transfer characteristics of turbine blade tips,Shaopeng Lu; Hanyang Gu; Hongmei Jiang; Yun Jin; Y. Q. Wang; Guoping Lü; Xingsi Han; Qian Zhang; Haoyan Guo,2025,article,Physics of Fluids,1,Q12,no
10.1073/pnas.1120149109,10.1073/pnas.1120149109,https://openalex.org/W2090532413,Enabling high-temperature nanophotonics for energy applications,Yi Xiang Yeng; Michael Ghebrebrhan; Peter Bermel; Walker R. Chan; John D. Joannopoulos; Marin Soljačić; Ivan Čelanović,2012,article,Proceedings of the National Academy of Sciences,253,Q02,no
10.1074/jbc.m110.211193,10.1074/jbc.m110.211193,https://openalex.org/W2060492281,Defining Structural and Functional Dimensions of the Extracellular Thyrotropin Receptor Region,Gunnar Kleinau; Sandra Mueller; Holger Jaeschke; Paul Grzesik; Susanne Neumann; Anne Diehl; Ralf Paschke; Gerd Krause,2011,article,Journal of Biological Chemistry,26,Q05,no
10.1074/jbc.m610231200,10.1074/jbc.m610231200,https://openalex.org/W2044555833,Combined Deletion of Mouse Dematin-Headpiece and β-Adducin Exerts a Novel Effect on the Spectrin-Actin Junctions Leading to Erythrocyte Fragility and Hemolytic Anemia,Huiqing Chen; Anwar Khan; Fei Liu; Diana M. Gilligan; Luanne L. Peters; Joanne B. Messick; Wanda M. Haschek; Xuerong Li; Agnes Ostafin; Athar H. Chishti,2006,article,Journal of Biological Chemistry,41,Q09,no
10.1080/08839514.2025.2459482,10.1080/08839514.2025.2459482,https://openalex.org/W4407023752,Torque Prediction In Deep Hole Drilling: Artificial Neural Networks Versus Nonlinear Regression Model,Narisa Nan Chu; Cuong Nguyen; Van Nguyen; Dang Tuan Nguyen,2025,article,Applied Artificial Intelligence,2,Q02,no
10.1080/0951192x.2012.749530,10.1080/0951192x.2012.749530,https://openalex.org/W2075182576,A review of hybrid manufacturing processes – state of the art and future perspectives,Zicheng Zhu; Vimal Dhokia; Aydin Nassehi; Stephen T. Newman,2013,article,International Journal of Computer Integrated Manufacturing,319,Q02,no
10.1080/15599612.2011.604116,10.1080/15599612.2011.604116,https://openalex.org/W2070434707,Lateral Scanning Linnik Interferometry for Large Field of View and Fast Scanning: Wafer Bump Inspection,Min Y. Kim; Kalyana C. Veluvolu; Soon‐Geul Lee,2011,article,International Journal of Optomechatronics,8,Q05,no
10.1088/0026-1394/45/3/004,10.1088/0026-1394/45/3/004,https://openalex.org/W1981178379,Area measurement of knife-edge and cylindrical apertures using ultra-low force contact fibre probe on a CMM,Bala Muralikrishnan; Jack A. Stone; John R. Stoup,2008,article,Metrologia,9,Q04,no
10.1088/0957-0233/18/11/045,10.1088/0957-0233/18/11/045,https://openalex.org/W2151679482,Form measurements of micro-holes,Chen-Chun Kao; Albert J. Shih,2007,article,Measurement Science and Technology,42,Q04,yes
10.1088/0957-0233/21/1/015704,10.1088/0957-0233/21/1/015704,https://openalex.org/W2103872184,Optical method for inspecting surface defects inside a small bore,En Hong; Reuven Katz; Brian Hufnagel; John Agapiou,2009,article,Measurement Science and Technology,17,Q08,no
10.1088/0957-0233/24/10/105008,10.1088/0957-0233/24/10/105008,https://openalex.org/W2041393893,Two applications of small feature dimensional measurements on a coordinate measuring machine with a fiber probe,Eric Stanfield; Bala Muralikrishnan; Ted Doiron; Alan Zheng; Shahram Orandi; David Duquette,2013,article,Measurement Science and Technology,3,Q04,no
10.1088/0957-0233/24/9/095203,10.1088/0957-0233/24/9/095203,https://openalex.org/W1988755992,Two-dimensional surface temperature diagnostics in a full-metal engine using thermographic phosphors,N. Fuhrmann; M. B. Schneider; C-P Ding; J. Brübach; Andreas Dreizler,2013,article,Measurement Science and Technology,41,Q08,no
10.1088/1126-6708/2004/08/029,10.1088/1126-6708/2004/08/029,https://openalex.org/W2012673169,Giant gravitons in AdS/CFT (I): matrix model and back reaction,Marco M. Caldarelli; Pedro J. Silva,2004,article,Journal of High Energy Physics,51,Q02,no
10.1088/1361-6501/aad1e1,10.1088/1361-6501/aad1e1,https://openalex.org/W2814929422,A 3D measuring endoscope for hand-guided operation,Steffen Matthias; Markus Kästner; Eduard Reithmeier,2018,article,Measurement Science and Technology,6,Q07,no
10.1088/1361-6501/ab63b2,10.1088/1361-6501/ab63b2,https://openalex.org/W2996229497,Uniaxial three-dimensional phase-shifting profilometry using a dual-telecentric structured light system in micro-scale devices,Min Zhong; Jin Cui; Jae‐Sang Hyun; Liang Pan; Peng Duan; Song Zhang,2019,article,Measurement Science and Technology,14,Q09,no
10.1088/1361-6501/abe288,10.1088/1361-6501/abe288,https://openalex.org/W3128562106,The calibration method of the circle-structured light measurement system for inner surfaces considering systematic errors,Yuchu Dong; Changshuai Fang; Linlin Zhu; Ning Yan; Xiaodong Zhang,2021,article,Measurement Science and Technology,31,Q05,yes
10.1088/1361-6501/acc048,10.1088/1361-6501/acc048,https://openalex.org/W4322723871,A compact LWIR borescope sensor for 2D engine component surface temperature measurement,Paul S. Hsu; Trevor C. Chen; Awnik Roy; Andy Zhang; Oleksandr Bibik; Subodh Adhikari; Benjamin Emerson; Tim Lieuwen,2023,article,Measurement Science and Technology,4,Q08,yes
10.1088/1361-6501/acf7df,10.1088/1361-6501/acf7df,https://openalex.org/W4386533465,Sphericity measurement based on telecentric imaging mechanism with image distortion correction and eccentricity error compensation,Jingzhi Huang; Dongshan Lian; Runze Yang; Yongmeng Liu; Jiubin Tan,2023,article,Measurement Science and Technology,5,Q05,no
10.1088/1361-6501/ad3a86,10.1088/1361-6501/ad3a86,https://openalex.org/W4393925446,Internal surface inspection method under linear structured light illumination based on dual non-coaxial optical paths,Zhimin Zhang; Pengyang Li; Qiuhong Huang; Lingjian Zhu,2024,article,Measurement Science and Technology,2,Q02;Q05;Q09,yes
10.1088/1361-6501/ad4bfb,10.1088/1361-6501/ad4bfb,https://openalex.org/W4396939269,Accuracy improvement of a multi-ring beam structured inner surface measurement: via novel calibration methodology and light source optimization,Xiang Li; Chunyu Deng; Yingna Wu; Tingting Yang; Rui Yang; Na Ni; Guangping Xie,2024,article,Measurement Science and Technology,6,Q05,yes
10.1088/1361-6501/add610,10.1088/1361-6501/add610,https://openalex.org/W4410198282,Pipeline inner surface 3D vision measuring system based on robot equipped with multi-directional structured-light sensor,Yang Liu; Fuqiang Zhou; Zhanshe Guo; Xiaosong Li; Xiaoqi Cheng; Haishu Tan,2025,article,Measurement Science and Technology,2,Q05,yes
10.1088/1361-6501/add8aa,10.1088/1361-6501/add8aa,https://openalex.org/W4410352639,Neural network-based calibration for simultaneous measurement of blade tip clearance and rotor axial displacement with skewed-dual-light-probe,Xiaolei Guo; Huoxing Liu; Zhihong Zhou,2025,article,Measurement Science and Technology,0,Q12,yes
10.1088/1361-6501/ae0e8e,10.1088/1361-6501/ae0e8e,https://openalex.org/W4414763797,Calibration method for deep hole inner surface measurement system based on circular structured light,Huifu Du; Daguo Yu; Lingling Cui,2025,article,Measurement Science and Technology,2,Q02;Q05,yes
10.1088/1742-6596/100/1/012004,10.1088/1742-6596/100/1/012004,https://openalex.org/W1974013949,Characterization of electro-eroded surface of Ti alloys,V. Starý; V. Peřina; Lucie Bačáková; Ivan Jirka; V. Vorlı́ček; Jaroslav Fencl,2008,conference-paper,Journal of Physics Conference Series,0,Q09,no
10.1088/1742-6596/1325/1/012118,10.1088/1742-6596/1325/1/012118,https://openalex.org/W2985542785,High precision 3D measurement method of pipeline on complex working conditions research,Wei Lu; Xiang Liu,2019,conference-paper,Journal of Physics Conference Series,0,Q05,yes
10.1088/1742-6596/2428/1/012032,10.1088/1742-6596/2428/1/012032,https://openalex.org/W4321493945,Research on Tip Clearance Measurement Technology of Aero-engine Blade Based on Optical Fiber Sensing System,Huiping Ma; Xiaoming Wang; Xiaoguang Zhang; Yongmeng Liu,2023,conference-paper,Journal of Physics Conference Series,0,Q12,yes
10.1088/1742-6596/3076/1/012016,10.1088/1742-6596/3076/1/012016,https://openalex.org/W4413647981,Optimization of Electrical Discharge Machining Parameters for Deep Hole Drilling in Waspaloy,Arun Kumaran; Aravindh Kumaran; Tejas Patil; Bibin Jose,2025,conference-paper,Journal of Physics Conference Series,1,Q02,no
10.1088/1742-6596/48/1/165,10.1088/1742-6596/48/1/165,https://openalex.org/W2112536950,Measurement of Rotating Blade Tip Clearance with Fibre-Optic Probe,Suzhi Cao; Fajie Duan; Y G Zhang,2006,conference-paper,Journal of Physics Conference Series,25,Q12,yes
10.1088/1748-0221/18/02/c02021,10.1088/1748-0221/18/02/c02021,https://openalex.org/W4319347244,Safeguards equipment for the spent nuclear fuel of pressurized heavy water reactors,Y. Kim; Kyung Taek Lim; S. Kwag; H. Chung,2023,article,Journal of Instrumentation,2,Q04,no
10.1088/1748-0221/19/02/p02034,10.1088/1748-0221/19/02/p02034,https://openalex.org/W4392170350,Vision-based measurement method for geometric dimensions of PVC pipe end faces,Yinyin Yu; Zhifan Zhao; Huaishu Hou; Shuaijun Xia,2024,article,Journal of Instrumentation,2,Q05,yes
10.1088/1748-3190/ad1069,10.1088/1748-3190/ad1069,https://openalex.org/W4389109458,Hingeless arm for space robotics actuated through shape memory alloys,Tiziana Biasutti; Daniela Rigamonti; Emanuele Casciaro; Antonio Mattia Grande; Paolo Bettini,2023,article,Bioinspiration & Biomimetics,6,Q08,no
10.1088/1752-7163/aa9769,10.1088/1752-7163/aa9769,https://openalex.org/W2765246158,Instrumental sensing of trace volatiles—a new promising tool for detecting the presence of entrapped or hidden people,Paweł Mochalski; Veronika Ruzsányi; Helmut Wiesenhofer; Chris A. Mayhew,2017,article,Journal of Breath Research,11,Q08,no
10.1088/1757-899x/971/2/022086,10.1088/1757-899x/971/2/022086,https://openalex.org/W3109719543,Improving the accuracy of deep hole machining by diamond honing process in 41Cr4 steel parts,Eshreb Dzhemilov; Alper Uysal,2020,conference-paper,IOP Conference Series Materials Science and Engineering,2,Q02,no
10.1088/2040-8986/aaa114,10.1088/2040-8986/aaa114,https://openalex.org/W2782638258,Roadmap on plasmonics,Mark I. Stockman; Katrin Kneipp; Sergey I. Bozhevolnyi; Soham Saha; Aveek Dutta; Justus C. Ndukaife; Nathaniel Kinsey; Harsha Reddy; Urcan Guler; Vladimir M. Shalaev; Alexandra Boltasseva; Behrad Gholipour; Harish N. S. Krishnamoorthy; Kevin F. MacDonald; Cesare Soci; Nikolay I. Zheludev; Vassili Savinov; Ranjan Singh; Petra Groß; Christoph Lienau; Michal Vadai; Michelle L. Solomon; David R. Barton; Mark Lawrence; Jennifer A. Dionne; Svetlana V. Boriskina; Rubén Esteban; Javier Aizpurua; Xiang Zhang; Sui Yang; Danqing Wang; Weijia Wang; Teri W. Odom; Nicolò Accanto; Pablo M. de Roque; Ion M. Hancu; Łukasz Piątkowski; N.F. van Hulst; Matthias F. Kling,2018,article,Journal of Optics,319,Q04,no
10.1088/2051-672x/ae6ba0,10.1088/2051-672x/ae6ba0,https://openalex.org/W7162415622,On Gaussian filtering of scattered point clouds for surface metrology,Joseph Lifton,2026,article,Surface Topography Metrology and Properties,0,Q11,no
10.1088/2053-1583/3/4/042001,10.1088/2053-1583/3/4/042001,https://openalex.org/W2559776336,"2D materials advances: from large scale synthesis and controlled heterostructures to improved characterization techniques, defects and applications",Zhong Lin; Amber McCreary; Natalie Briggs; S. Subramanian; Kehao Zhang; Yifan Sun; Xufan Li; Nicholas J. Borys; Hongtao Yuan; Susan K. Fullerton‐Shirey; Alexey Chernikov; Hui Zhao; Stephen McDonnell; Aaron M. Lindenberg; Kai Xiao; Brian J. LeRoy; Marija Drndić; James C. M. Hwang; Jiwoong Park; Manish Chhowalla; Raymond E. Schaak; Ali Javey; Mark C. Hersam; Joshua A. Robinson; Mauricio Terrones,2016,article,2D Materials,523,Q04,no
10.1088/2515-7647/aba5a7,10.1088/2515-7647/aba5a7,https://openalex.org/W3042833588,Realising superoscillations: A review of mathematical tools and their application,Katrine S. Rogers; Edward T. F. Rogers,2020,article,Journal of Physics Photonics,27,Q09,no
10.1088/2516-1091/abfeb7,10.1088/2516-1091/abfeb7,https://openalex.org/W3160565988,A review of low-cost and portable optical coherence tomography,Ge Song; Evan T. Jelly; Kengyeh K. Chu; Wesley Y. Kendall; Adam Wax,2021,article,Progress in Biomedical Engineering,78,Q04;Q08,no
10.1089/3dp.2020.0328,10.1089/3dp.2020.0328,https://openalex.org/W4306412085,Three-Dimensional Printed Laryngoscopes as Allies Against COVID-19,Florentino Fernandes Mendes; Leandro de Freitas Spinelli; Pedro Antônio Sartini Dutra; Eduard Santos de Braga; Luis Fernando Marcelino Braga; Andréia Gomes Aires; Simone S. Amaral; Afonso Reguly; Gisele Orlandi Introíni,2022,article,3D Printing and Additive Manufacturing,5,Q08,no
10.1089/neu.2015.3956,10.1089/neu.2015.3956,https://openalex.org/W1637415212,A Unilateral Cervical Spinal Cord Contusion Injury Model in Non-Human Primates ( <i>Macaca mulatta</i> ),Ernesto A. Salegio; Jacqueline C. Bresnahan; Carolyn J. Sparrey; William Camisa; Jason Fischer; Jeremi Leasure; Jennifer Buckley; Yvette S. Nout‐Lomas; E Rosenzweig; Rod Moseanko; Sarah C. Strand; Stephanie Hawbecker; Marie-Josee Lemoy; Jenny Haefeli; Xiaokui Ma; Jessica L. Nielson; V. Reggie Edgerton; Adam R. Ferguson; Mark H. Tuszynski; Michael S. Beattie,2015,article,Journal of Neurotrauma,51,Q08,no
10.1089/ten.tea.2013.0551,10.1089/ten.tea.2013.0551,https://openalex.org/W143009966,"Comparison of Cellular Architecture, Axonal Growth, and Blood Vessel Formation Through Cell-Loaded Polymer Scaffolds in the Transected Rat Spinal Cord",Nicolas N. Madigan; Bingkun K. Chen; Andrew M. Knight; Gemma E. Rooney; Eva Sweeney; Lisa Kinnavane; Michael J. Yaszemski; Peter Dockery; Timothy O’Brien; Siobhán S. McMahon; Anthony J. Windebank,2014,article,Tissue Engineering Part A,43,Q05,no
10.1093/aobpla/plv140,10.1093/aobpla/plv140,https://openalex.org/W2241808867,Fastest predators in the plant kingdom: functional morphology and biomechanics of suction traps found in the largest genus of carnivorous plants,Simon Poppinga; Carmen Weißkopf; Anna Sophia Westermeier; Tom Masselter; Thomas Speck,2015,article,AoB Plants,72,Q08,no
10.1093/auk/121.2.548,10.1093/auk/121.2.548,https://openalex.org/W4232338954,Sap-Feeding Behavior and Tree Selection in the Endangered Akiapolaau (Hemignathus Munroi) in Hawaii,Liba Pejchar; Jack Jeffrey,2004,article,The Auk,9,Q02,no
10.1093/micmic/ozad105,10.1093/micmic/ozad105,https://openalex.org/W4387728341,"Optical Measurement of the Stoichiometry of Thin-Film Compounds Synthetized From Multilayers: Example of Cu(In,Ga)Se2",Ricardo G. Poeira; Daniel Siopa; Pedro Anacleto; Sascha Sadewasser; Phillip J. Dale,2023,article,Microscopy and Microanalysis,1,Q09,no
10.1093/nsr/nwaa088,10.1093/nsr/nwaa088,https://openalex.org/W3021300427,"Exposed facet-controlled N2 electroreduction on distinct Pt3Fe nanostructures of nanocubes, nanorods and nanowires",Tong Wu; Bolong Huang; Pengtang Wang; Qi Shao; Xiaoqing Huang,2020,article,National Science Review,71,Q02,no
10.1097/00002480-200103000-00100,10.1097/00002480-200103000-00100,https://openalex.org/W2025499413,PARTICLE IMAGE VELOCIMETRY WITHIN HEARTQUESTTM LVAD,Steven W. Day; Nicolas Landrot; P Lemire; James C. McDaniel; Houston G. Wood; Paul E. Allaire,2001,article,ASAIO Journal,0,Q12,no
10.1097/00002480-200303000-00319,10.1097/00002480-200303000-00319,https://openalex.org/W2004739074,MEASUREMENTS OF THE PULSED FLOW IN A BLOOD PUMP,Steven W. Day; J. C. McDaniel; Houston G. Wood; P. E. Allaire,2003,article,ASAIO Journal,0,Q12,no
10.1098/rsos.231158,10.1098/rsos.231158,https://openalex.org/W4393854464,Understanding the influence of surgical parameters on craniofacial surgery outcomes: a computational study,Kunhou He; Jan L. Bruse; Naiara Rodríguez-Flórez; David Dunaway; Owase Jeelani; Silvia Schievano; Alessandro Borghi,2024,article,Royal Society Open Science,4,Q05,no
10.1101/2020.03.12.989129,10.1101/2020.03.12.989129,https://openalex.org/W3011269945,Multi-Channel Whole-Head OPM-MEG: Helmet Design and a Comparison with a Conventional System,Ryan M. Hill; Elena Boto; Molly Rea; Niall Holmes; James Leggett; Laurence A. Coles; Manolis Papastavrou; Sarah Everton; Benjamin A.E. Hunt; Dominic Sims; James Osborne; Vishal Shah; Richard Bowtell; Matthew J. Brookes,2020,preprint,bioRxiv (Cold Spring Harbor Laboratory),14,Q05,no
10.1101/2020.10.27.355768,10.1101/2020.10.27.355768,https://openalex.org/W3097390222,Spatially expandable fiber-based probes as a multifunctional deep brain interface,Shan Jiang; Dipan C. Patel; Jongwoon Kim; Shuo Yang; William A. Mills; Yujing Zhang; Kaiwen Wang; Ziang Feng; Sujith Vijayan; Wenjun Cai; Anbo Wang; Yuanyuan Guo; Ian F. Kimbrough; Harald Sontheimer; Xiaoting Jia,2020,preprint,bioRxiv (Cold Spring Harbor Laboratory),4,Q04,no
10.1101/2022.08.25.505190,10.1101/2022.08.25.505190,https://openalex.org/W4293862764,SEC-seq: Association of molecular signatures with antibody secretion in thousands of single human plasma cells,Rene Yu-Hong Cheng; Joseph de Rutte; Andee R. Ott; Lucienne Bosler; Wei-Ying Kuo; Jesse Liang; Brian E. Hall; David J. Rawlings; Dino Di Carlo; Richard G. James,2022,preprint,bioRxiv (Cold Spring Harbor Laboratory),8,Q05,no
10.1101/569541,10.1101/569541,https://openalex.org/W2920962243,A robotic platform for fluidically-linked human body-on-chips experimentation,Richard Novák; Miles Ingram; Susan L. Clauson; Debarun Das; Aaron Delahanty; Anna Herland; Ben M. Maoz; Sauveur S. F. Jeanty; Mahadevabharath R. Somayaji; Morgan A. Burt; Elizabeth Calamari; Angeliki Chalkiadaki; Alexander Cho; Youngjae Choe; David B. Chou; Michael J. Cronce; Stephanie Dauth; Toni Divic; Jose Fernandez-Alcon; Thomas C. Ferrante; John P. Ferrier; Edward A. Fitzgerald; Rachel C. Fleming; Sasan Jalili‐Firoozinezhad; Thomas Grevesse; Josue A. Goss; Tiama Hamkins-Indik; Olivier Henry; Chris Hinojosa; Tessa Huffstater; Kyung‐Jin Jang; Ville Kujala; Lian Leng; Robert Mannix; Yuka Milton; Janna Nawroth; Bret Nestor; Carlos F. Ng; Blakely B. O’Connor; Tae‐Eun Park; Henry Sanchez; Josiah Sliz; Alexandra Sontheimer-Phelps; Ben Swenor; Guy Thompson; George J. Touloumes; Zachary Tranchemontagne; Norman Wen; Moran Yadid; Anthony Bahinski; Geraldine A. Hamilton; Daniel Levner; Oren Levy; Andrzej Przekwas; Rachelle Prantil‐Baun; Kevin Kit Parker; Donald E. Ingber,2019,preprint,bioRxiv (Cold Spring Harbor Laboratory),8,Q05,no
10.1103/physreva.71.053813,10.1103/physreva.71.053813,https://openalex.org/W2150633727,Quantitative analysis of directional spontaneous emission spectra from light sources in photonic crystals,Ivan S. Nikolaev; Peter Lodahl; Willem L. Vos,2005,article,Physical Review A,54,Q05,no
10.1103/physrevaccelbeams.19.092001,10.1103/physrevaccelbeams.19.092001,https://openalex.org/W2510004210,Production of superconducting 1.3-GHz cavities for the European X-ray Free Electron Laser,W. Singer; A. Brinkmann; R. Brinkmann; J. Iversen; A. Matheisen; W.-D. Moeller; A. Navitski; D. Reschke; Joern Schaffran; А. А. Сулимов; Nick Walker; H. Weise; P. Michelato; Laura Monaco; C. Pagani; Mateusz Wiencek,2016,article,Physical Review Accelerators and Beams,41,Q08,no
10.1103/physrevaccelbeams.23.084801,10.1103/physrevaccelbeams.23.084801,https://openalex.org/W3082088904,"High-gradient testing of an <mml:math xmlns:mml=""http://www.w3.org/1998/Math/MathML"" display=""inline""><mml:mi>S</mml:mi></mml:math>-band, normal-conducting low phase velocity accelerating structure",Anna Vnuchenko; D. Esperante Pereira; Benito Gimeno Martínez; Stefano Benedetti; Nuria Catalán Lasheras; M. Garlasch; Alexej Grudiev; Gerard McMonagle; S. Pitman; Igor Syratchev; Marc Timmins; Rolf Wegner; Benjamin Woolley; Walter Wuensch; Angeles Faus Golfe,2020,article,Physical Review Accelerators and Beams,17,Q08,no
10.1103/physrevaccelbeams.26.103101,10.1103/physrevaccelbeams.26.103101,https://openalex.org/W4387503056,Topographic evolution of heat-treated Nb upon electropolishing for superconducting rf applications,Eric Lechner; Jonathan W. Angle; Carrie Baxley; Michael J. Kelley; Charles Reece,2023,article,Physical Review Accelerators and Beams,6,Q02,no
10.1103/physrevb.53.6865,10.1103/physrevb.53.6865,https://openalex.org/W9982108,Mécanismes de transfert direct en corrosion microbienne des aciers : Application à Geobacter sulfurreducens et à l’hydrogénase de Clostridium acetobutylicum.,Maha Mehanna,2009,dissertation,"Physical review. B, Condensed matter",2,Q09,no
10.1103/physrevb.66.235204,10.1103/physrevb.66.235204,https://openalex.org/W1972900836,Near-field imaging of light propagation in photonic crystal waveguides: Explicit role of Bloch harmonics,Sergey I. Bozhevolnyi; Valentyn S. Volkov; Thomas Søndergaard; Alexandra Boltasseva; P.I. Borel; Martin Kristensen,2002,article,"Physical review. B, Condensed matter",79,Q04,no
10.1103/physrevb.78.041401,10.1103/physrevb.78.041401,https://openalex.org/W2168572786,Spectral tuning and near-field imaging of photonic crystal microcavities,Francesca Intonti; Silvia Vignolini; Francesco Riboli; A. Vinattieri; Diederik S. Wiersma; M. Colocci; Laurent Balet; Christelle Monat; C. Zinoni; Lianhe Li; R. Houdré; Marco Francardi; Annamaria Gerardino; Andrea Fiore; Massimo Gurioli,2008,article,Physical Review B,72,Q04,no
10.1103/physrevb.89.144504,10.1103/physrevb.89.144504,https://openalex.org/W2130667568,"Search for spontaneous edge currents and vortex imaging in<mml:math xmlns:mml=""http://www.w3.org/1998/Math/MathML""><mml:msub><mml:mi>Sr</mml:mi><mml:mn>2</mml:mn></mml:msub><mml:mi>Ru</mml:mi><mml:msub><mml:mi mathvariant=""normal"">O</mml:mi><mml:mn>4</mml:mn></mml:msub></mml:math>mesostructures",P. J. Curran; S. J. Bending; W. M. Desoky; Alexandra S. Gibbs; Stephen Lee; A. P. Mackenzie,2014,article,Physical Review B,87,Q02,no
10.1103/physrevc.53.2809,10.1103/physrevc.53.2809,https://openalex.org/W1993900405,Mean-field description of ground-state properties of drip-line nuclei: Pairing and continuum effects,J. Dobaczewski; W. Nazarewicz; T. R. Werner; J. F. Berger; C. R. Chinn; J. Dechargé,1996,article,Physical Review C,611,Q02,no
10.1103/physrevlett.108.127402,10.1103/physrevlett.108.127402,https://openalex.org/W2087767372,Plasmon Scattering from Single Subwavelength Holes,Nir Rotenberg; Marko Spasenović; T. L. Krijger; B. le Feber; F. Javier Garcı́a de Abajo; L. Kuipers,2012,article,Physical Review Letters,80,Q02,no
10.1103/physrevlett.94.073903,10.1103/physrevlett.94.073903,https://openalex.org/W2125702087,Real-Space Observation of Ultraslow Light in Photonic Crystal Waveguides,H. Gersen; T. J. Karle; R.J.P. Engelen; Wim Bogaerts; Jeroen P. Korterik; N.F. van Hulst; Thomas F. Krauss; L. Kuipers,2005,article,Physical Review Letters,485,Q04,no
10.1103/revmodphys.89.045003,10.1103/revmodphys.89.045003,https://openalex.org/W2755567273,Hybrid photonic-crystal fiber,Christos Markos; John C. Travers; A. Abdolvand; Benjamin J. Eggleton; Ole Bang,2017,article,Reviews of Modern Physics,319,Q04,no
10.1108/rpj-10-2020-0231,10.1108/rpj-10-2020-0231,https://openalex.org/W3183690414,A scalable mass customisation design process for 3D-printed respirator mask to combat COVID-19,Shiya Li; Usman Waheed; Mohanad Bahshwan; Louis Zizhao Wang; Livia M. Kalossaka; Jiwoo Choi; Franciska Kundrak; Alexandros Lattas; Stylianos Ploumpis; Stefanos Zafeiriou; Connor Myant,2021,article,Rapid Prototyping Journal,12,Q05,no
10.1109/access.2020.2980324,10.1109/access.2020.2980324,https://openalex.org/W3011213227,Research on the Tip Clearance Measuring Method Based on AC Discharge,Bing Yu; Tao Zhang; Hongwei Ke; Tianhong Zhang,2020,article,IEEE Access,13,Q12,yes
10.1109/access.2020.3009025,10.1109/access.2020.3009025,https://openalex.org/W3043778840,"A Single-Shot, Pixel Encoded 3D Measurement Technique for Structure Light",Ahsan Elahi; Jun Lu; Qidan Zhu; Yong Li,2020,article,IEEE Access,12,Q11,no
10.1109/access.2020.3036869,10.1109/access.2020.3036869,https://openalex.org/W3112119485,Research and Experiment of Repairable Space Telescope Interface System,Zhen Shi; Weiguo Zhao; Libao Yang; Xun Yang; Qingya Li; Yaoyu Zhang,2020,article,IEEE Access,4,Q12,no
10.1109/access.2020.3048953,10.1109/access.2020.3048953,https://openalex.org/W3120787141,Research on the Accuracy and Speed of Three-Dimensional Reconstruction of Liver Surface Based on Binocular Structured Light,Xin Zhang; Long Chen; Fengfeng Zhang; Lining Sun,2021,article,IEEE Access,12,Q05,no
10.1109/access.2021.3052217,10.1109/access.2021.3052217,https://openalex.org/W3124400615,A Novel Intelligent Fault Diagnosis Approach for Early Cracks of Turbine Blades via Improved Deep Belief Network Using Three-Dimensional Blade Tip Clearance,Xin Huang; Xiaodong Zhang; Yiwei Xiong; Hongcheng Liu; Yingjie Zhang,2021,article,IEEE Access,25,Q12,yes
10.1109/access.2021.3082858,10.1109/access.2021.3082858,https://openalex.org/W3164382946,A Review of Knowledge-Based Defect Identification via PRPD Patterns in High Voltage Apparatus,Tohid Shahsavarian; Yue Pan; Zhousheng Zhang; Cheng Pan; Hadi Naderiallaf; Jim Guo; Chuanyang Li; Yang Cao,2021,article,IEEE Access,65,Q08,no
10.1109/access.2021.3088462,10.1109/access.2021.3088462,https://openalex.org/W3168767643,A Differential Light Intensity-Modulation Optical Fiber Bundles Designed for Milling Tool Vibration Measurement,Binghui Jia; Jing Yu,2021,article,IEEE Access,7,Q12,no
10.1109/access.2023.3294308,10.1109/access.2023.3294308,https://openalex.org/W4383890088,Hyperconnectivity Proposal for Smart Manufacturing,Alberto Martínez-Gutiérrez; Javier Díez-González; Paula Verde; Rubén Ferrero-Guillén; Hilde Pérez,2023,article,IEEE Access,21,Q08,no
10.1109/access.2023.3328555,10.1109/access.2023.3328555,https://openalex.org/W4388018870,Curvature-Based Machine Vision Method for Measuring the Dimension of Ball Screws,Yijia Chen; Yao Yao; Hao Yang; Yue Wu; Kunpeng Zhang; Xiaoming Pan,2023,article,IEEE Access,4,Q05,no
10.1109/access.2023.3347629,10.1109/access.2023.3347629,https://openalex.org/W4390241494,Research on Point Cloud Processing and Grinding Trajectory Planning of Steel Helmet Based on 3D Scanner,Yuxiang Meng; Yu Jiang; Yi Li; Guibing Pang; Qiang Tong,2023,article,IEEE Access,6,Q05,no
10.1109/access.2024.3365506,10.1109/access.2024.3365506,https://openalex.org/W4391854956,Wafer Surface Reconstruction Based on Shape From Focus,S.H. Wang; Jiqiang Chen; Hua Shi; Mingye Li,2024,article,IEEE Access,4,Q11,no
10.1109/aero.2000.877917,10.1109/aero.2000.877917,https://openalex.org/W1858193342,Health monitoring and prognostics of blades and disks with blade tip sensors,A. von Flotow; Mathieu Mercadal; Peter M. Tappert,2002,conference-paper,,91,Q12,no
10.1109/eiect58010.2022.00012,10.1109/eiect58010.2022.00012,https://openalex.org/W4352982530,Clip Feature Extraction Method Based on 3D Point Cloud,Ming‐Ming Zhou; Simeng Liang; Shaonan Wu,2022,conference-paper,,0,Q05,no
10.1109/iccv48922.2021.01412,10.1109/iccv48922.2021.01412,https://openalex.org/W3149467904,Physics-based Differentiable Depth Sensor Simulation,Benjamin Planche; Rajat Singh,2021,conference-paper,2021 IEEE/CVF International Conference on Computer Vision (ICCV),1,Q05,no
10.1109/iciasf.1995.519125,10.1109/iciasf.1995.519125,https://openalex.org/W2116705929,Demonstration of a stabilized alumina/ethanol colloidal dispersion technique for seeding high temperature air flows,Mark P. Wernet; Gary J. Skoch; Judith H. Wernet,2002,conference-paper,,13,Q12,no
10.1109/icmsp55950.2022.9859121,10.1109/icmsp55950.2022.9859121,https://openalex.org/W4293056082,Research on tubing Defect Detection Method based on laser scanning,Zhengguo Yan; Kun Yang,2022,conference-paper,"2022 4th International Conference on Intelligent Control, Measurement and Signal Processing (ICMSP)",1,Q05,no
10.1109/icsens.2017.8234217,10.1109/icsens.2017.8234217,https://openalex.org/W2767195725,Error model of misalignment error in a radial 3D scanner,Neha Mathur; Rahul Summan; Gordon Dobie; Graeme West; Stephen Marshall,2017,conference-paper,,0,Q05,no
10.1109/isot.2012.6403235,10.1109/isot.2012.6403235,https://openalex.org/W2078699947,Flexible and miniaturized microscope for three dimensionnal measurements,Erwan Dupont; Frédéric Lamarque; Tanneguy Redarce,2012,conference-paper,,0,Q05,no
10.1109/ist.2017.8261508,10.1109/ist.2017.8261508,https://openalex.org/W2783718395,Global calibration approach for 3D vision system carried by moving robot used for measuring inner surface of long pipeline,Ming Chi; Fuqiang Zhou; Xin Chen; Haishu Tan,2017,conference-paper,,0,Q05,yes
10.1109/jeds.2020.3022730,10.1109/jeds.2020.3022730,https://openalex.org/W3084330159,Under-FET Thermal Sensor Enabling Smart Full-Chip Run-Time Thermal Management,Cheng Li; Qi Chen; Feilong Zhang; Mengfu Di; Zijin Pan; Fei Lu; Albert Wang,2020,article,IEEE Journal of the Electron Devices Society,5,Q09,no
10.1109/jiot.2023.3243037,10.1109/jiot.2023.3243037,https://openalex.org/W4319341361,Hybrid Anomaly Detection Model on Trusted IoT Devices,Paúl D. Rosero-Montalvo; Zsolt István; Pınar Tözün; Wilmar Hernández,2023,article,IEEE Internet of Things Journal,45,Q08,no
10.1109/jlt.2019.2890953,10.1109/jlt.2019.2890953,https://openalex.org/W2907301985,Optical Fiber Probe Viscometer Based on Hollow Capillary Tube,André D. Gomes; Jens Kobelke; Jörg Bierlich; Kay Schuster; Hartmut Bartelt; Orlando Frazão,2019,article,Journal of Lightwave Technology,11,Q04,yes
10.1109/jlt.2019.2908447,10.1109/jlt.2019.2908447,https://openalex.org/W2930742496,Liquid-Core Microstructured Polymer Optical Fiber as Fiber-Enhanced Raman Spectroscopy Probe for Glucose Sensing,Mikel Azkune; Timea Frosch; Eneko Arrospide; Gotzon Aldabaldetreku; Iñaki Bikandi; Joseba Zubía; Jürgen Popp; Torsten Frosch,2019,article,Journal of Lightwave Technology,33,Q04,no
10.1109/jlt.2021.3061606,10.1109/jlt.2021.3061606,https://openalex.org/W3129313540,High Resolution Optical Coherence Tomography,Xin Ge; Shufen Chen; Si Chen; Linbo Liu,2021,article,Journal of Lightwave Technology,58,Q04,no
10.1109/jlt.2021.3125111,10.1109/jlt.2021.3125111,https://openalex.org/W3213920293,Plasmon-Enhanced Refractometry Through Cladding Mode Excitation by a Fiber Bragg Grating in Photonic Crystal Fiber,Olga Rusyakina; Tigran Baghdasaryan; Karima Chah; Paweł Mergo; Hugo Thienpont; Christophe Caucheteur; Francis Berghmans; Thomas Geernaert,2021,article,Journal of Lightwave Technology,14,Q04,no
10.1109/jphot.2013.2250939,10.1109/jphot.2013.2250939,https://openalex.org/W1979780893,Accurate Modeling and Design of Graded-Index Fiber Probes for Optical Coherence Tomography Using the Beam Propagation Method,Dirk Lorenser; Xiaojie Yang; David D. Sampson,2013,article,IEEE photonics journal,46,Q04,no
10.1109/jphot.2019.2916084,10.1109/jphot.2019.2916084,https://openalex.org/W2944510146,Highly Stable White Light-Emitting Diodes Based on Quantum-Dots Dispersed Into the Backlight Lens for Display Backlight,Xin Yang; Xuyan Lan; Yu-Sheng Liu; Hui-Yu Yang; Yi Li; Shu-Wen Zheng; Yong Zhang,2019,article,IEEE photonics journal,6,Q05,no
10.1109/jphot.2021.3136677,10.1109/jphot.2021.3136677,https://openalex.org/W4205362700,Reflective SFT-FBG Hybrid Micro-Probe for Simultaneous Measurement of Relative Humidity and Temperature,Zhankun Lv; Panpan Niu; Junfeng Jiang; Shuang Wang; Yize Liu; Tiegen Liu,2021,article,IEEE photonics journal,10,Q04,no
10.1109/jsen.2026.3668044,10.1109/jsen.2026.3668044,https://openalex.org/W7133333961,Integration of the Phase Shift Method Into Intensity-Modulated Optical Sensors for Extended-Range Distance Measurements in Aircraft Engines,Gotzon Aldabaldetreku; Gaizka Durana; Josu Amorebieta; Joseba Zubía; Gorka Goikoetxea Zubia; David Novoa,2026,article,IEEE Sensors Journal,1,Q12,no
10.1109/jstars.2021.3117123,10.1109/jstars.2021.3117123,https://openalex.org/W3204222356,Thermal Vacuum Cold Target for the Metop SG MicroWave Imager,Giuseppe Virone; Giuseppe Addamo; Ada Vittoria Bosisio; M. Zannoni; L. Valenziano; Davide Rizzo; P. G. Radaelli,2021,article,IEEE Journal of Selected Topics in Applied Earth Observations and Remote Sensing,20,Q05,no
10.1109/lgrs.2015.2410788,10.1109/lgrs.2015.2410788,https://openalex.org/W1965220079,Design of a New Multispectral Waveform LiDAR Instrument to Monitor Vegetation,Zheng Niu; Zhigang Xu; Gang Sun; Wenjiang Huang; Wang Li; Mingbo Feng; Wang Li; Wenbin He; Shuai Gao,2015,article,IEEE Geoscience and Remote Sensing Letters,54,Q04,no
10.1109/lra.2025.3527306,10.1109/lra.2025.3527306,https://openalex.org/W4406158058,GelBelt: A Vision-Based Tactile Sensor for Continuous Sensing of Large Surfaces,Mohammad Amin Mirzaee; Hung-Jui Huang; Wenzhen Yuan,2025,article,IEEE Robotics and Automation Letters,12,Q05,no
10.1109/metroaerospace.2018.8453515,10.1109/metroaerospace.2018.8453515,https://openalex.org/W2890176663,Performance comparison among three optical fibre-based displacement sensors for Blade Tip Clearance measurements,Rubén Fernández; Josu Amorebieta; Gaizka Durana; Josu Beloki; Joseba Zubía,2018,conference-paper,,2,Q12,yes
10.1109/tec.2011.2176129,10.1109/tec.2011.2176129,https://openalex.org/W2159577749,Reliability-Centered Maintenance for Wind Turbines Based on Statistical Analysis and Practical Experience,Katharina Fischer; François Besnard; Lina Bertling Tjernberg,2011,article,IEEE Transactions on Energy Conversion,216,Q08,no
10.1109/tim.2022.3221115,10.1109/tim.2022.3221115,https://openalex.org/W4312647777,Hyperspectral Vision Based Probe for In Situ Corrosion Monitoring in Saline Environments,Maria Merin Antony; C. S. Suchand Sandeep; Hoong-Ta Lim; Murukeshan Vadakke Matham,2022,article,IEEE Transactions on Instrumentation and Measurement,12,Q08,no
10.1109/tim.2024.3441017,10.1109/tim.2024.3441017,https://openalex.org/W4401453648,Sensing Technologies for Guidance During Needle-Based Interventions,Zhuoqi Cheng; Maria Koskinopoulou; Sophia Bano; Danail Stoyanov; Thiusius Rajeeth Savarimuthu; Leonardo S. Mattos,2024,article,IEEE Transactions on Instrumentation and Measurement,10,Q10,no
10.1109/tim.2025.3596987,10.1109/tim.2025.3596987,https://openalex.org/W4413120738,Development and Testing of an On-Machine Measurement System for Shape Error of Deep-Hole Parts Based on Electromagnetic Acoustic Wall Thickness Method,Minghui Yan; Ci Song; Yonghao Qian; Pai Wang; Qing Xu; Tao Chen; Zhibing Liu,2025,article,IEEE Transactions on Instrumentation and Measurement,0,Q02,yes
10.1109/tmrb.2021.3123672,10.1109/tmrb.2021.3123672,https://openalex.org/W3210243251,A Focus Control System Based on Varifocal Mirror for CO<sub>2</sub> Fiber-Coupled Laser Surgery,André Geraldes; Paolo Fiorini; Leonardo S. Mattos,2021,article,IEEE Transactions on Medical Robotics and Bionics,4,Q09,no
10.1109/tpami.2020.3046467,10.1109/tpami.2020.3046467,https://openalex.org/W3116323143,Perspective Camera Model With Refraction Correction for Optical Velocimetry Measurements in Complex Geometries,Gerardo Paolillo; Tommaso Astarita,2020,article,IEEE Transactions on Pattern Analysis and Machine Intelligence,15,Q11,no
10.1109/transducers.2015.7180841,10.1109/transducers.2015.7180841,https://openalex.org/W4232868320,Table of contents,,2015,paratext,,0,Q03,no
10.1111/1751-7915.13346,10.1111/1751-7915.13346,https://openalex.org/W2907811476,Isolation and characterization of different promising fungi for biological waste management of polyurethanes,Audrey Magnin; Lucie Hoornaert; Éric Pollet; Stéphanie Laurichesse; Vincent Phalip; Luc Avérous,2018,article,Microbial Biotechnology,111,Q09,no
10.1111/aor.14766,10.1111/aor.14766,https://openalex.org/W4396706281,In vitro study on device‐induced damage to blood cellular components and degradation of von Willebrand factor in a <scp>CentriMag</scp> pump‐assisted circulation,Shigang Wang; Wenji Sun; Dong Han; Kiersten P. Clark; Bartley P. Griffith; Zhongjun J. Wu,2024,article,Artificial Organs,6,Q12,no
10.1111/ocr.12768,10.1111/ocr.12768,https://openalex.org/W4391947032,Efficacy of microchips and <scp>3D</scp> sensors for orthodontic force measurement: A systematic review of in vitro studies,Carlos M. Ardila; Daniel Arrubla-Escobar; Annie Marcela Vivares‐Builes,2024,review,Orthodontics and Craniofacial Research,6,Q05,no
10.1111/php.12560,10.1111/php.12560,https://openalex.org/W2273973448,Fiber‐Optic Probes for Small‐Scale Measurements of Scalar Irradiance,Lars Fledelius Rickelt; Mads Lichtenberg; Erik Trampe; Michael Kühl,2015,article,Photochemistry and Photobiology,32,Q04,no
10.1111/php.13219,10.1111/php.13219,https://openalex.org/W3003160777,Light Sources and Dosimetry Techniques for Photodynamic Therapy,Michele M. Kim; Arash Darafsheh,2020,article,Photochemistry and Photobiology,442,Q04,no
10.1111/vsu.14223,10.1111/vsu.14223,https://openalex.org/W4409958616,Cadaveric evaluation of bronchial blockade using the Coda vascular catheter placed under Borescope guidance,Adrien Aertsens; Megan R. MacRae; Jean‐Sébastien Palerme,2025,article,Veterinary Surgery,0,Q08,yes
10.1115/1.1454101,10.1115/1.1454101,https://openalex.org/W1989558428,Analysis of a Torsional Fluid Film Vibrator,Claudiu Valentin Suciu; T. Iwatsubo; Mircea D. Pascovici,2002,article,Journal of Tribology,3,Q02,no
10.1115/1.3230742,10.1115/1.3230742,https://openalex.org/W2043078529,Laser-Optical Blade Tip Clearance Measurement System,J. P. Barranger; Maureen Ford,1981,article,Journal of Engineering for Power,2,Q12,yes
10.1115/1.4000489,10.1115/1.4000489,https://openalex.org/W2160082419,Investigation of Blade Tip Interaction With Casing Treatment in a Transonic Compressor—Part I: Particle Image Velocimetry,Melanie Voges; Rainer Schnell; Christian Willert; Reinhard Mönig; Martin W. Müller; Carsten Zscherp,2010,article,Journal of Turbomachinery,25,Q12,no
10.1115/1.4041480,10.1115/1.4041480,https://openalex.org/W2891334146,Three-Dimensional Inner Surface Inspection System Based on Circle-Structured Light,Ye Zhu; Lianpo Wang; Yonggang Gu; Songlin Bi; Zhai Chao; Baoyang Jiang; Jun Ni,2018,article,Journal of Manufacturing Science and Engineering,32,Q05,yes
10.1115/1.4045087,10.1115/1.4045087,https://openalex.org/W2969777084,An Advanced Single-Stage Turbine Facility for Investigating Nonaxisymmetric Contoured Endwalls in the Presence of Purge Flow,Robin R. Jones; Oliver J. Pountney; Bjorn L. Cleton; Liam E. Wood; B. Deneys J. Schreiner; A. J. Carvalho Figueiredo; James A. Scobie; David Cleaver; Gary D. Lock; Carl M. Sangan,2019,article,Journal of Engineering for Gas Turbines and Power,27,Q08,no
10.1115/1.4049354,10.1115/1.4049354,https://openalex.org/W4205524089,Development of Experimental and Numerical Methods for the Analysis of Active Clearance Control Systems1,Riccardo Da Soghe; Lorenzo Mazzei; Lorenzo Tarchi; Lorenzo Cocchi; Alessio Picchi; Bruno Facchini; Laurent Descamps; Julian Girardeau; Matthieu Simon,2020,article,Journal of Engineering for Gas Turbines and Power,9,Q12,no
10.1115/1.4049363,10.1115/1.4049363,https://openalex.org/W3116312635,Uniaxial High-Speed Microscale Three-Dimensional Surface Topographical Measurements Using Fringe Projection,Yi Zheng; Beiwen Li,2020,article,Journal of Micro and Nano-Manufacturing,1,Q02,no
10.1115/1.4050597,10.1115/1.4050597,https://openalex.org/W4252020044,Effect of Reynolds Number on Five-Hole Probe Performance: Experimental Study of the Open-Access Oxford Probe,Maximilian Passmann; Stefan aus der Wiesche; Thomas Povey; Detlef Bergmann,2021,article,Journal of Turbomachinery,9,Q12,yes
10.1115/1.4052690,10.1115/1.4052690,https://openalex.org/W4232010306,Vortex Tracking of Purge-Mainstream Interactions in a Rotating Turbine Stage,Alex W. Mesny; Mark A. Glozier; Oliver J. Pountney; James A. Scobie; Yan Sheng Li; David Cleaver; Carl M. Sangan,2021,article,Journal of Turbomachinery,8,Q08;Q12,no
10.1115/1.4055363,10.1115/1.4055363,https://openalex.org/W4293175821,Blisk With Small Geometry Mistuning and Blend Repair: As-Measured Finite Element Model and Experimental Verification,Biao Zhou; Jingchao Zhao; Nan Ye; Teresa Maria Berruti,2022,article,Journal of Engineering for Gas Turbines and Power,4,Q08,no
10.1115/1.4063886,10.1115/1.4063886,https://openalex.org/W4388186780,Robust Tip Gap Measurements: A Universal In-Situ Dynamic Calibration and Demonstration in a Two-Stage High-Speed Turbine,Antonio Castillo Sauca; Guillermo Paniagua,2023,article,Journal of Engineering for Gas Turbines and Power,1,Q12,no
10.1115/1.4064330,10.1115/1.4064330,https://openalex.org/W4390013377,Understanding Inconsistencies in Thermohydraulic Characteristics Between Experimental and Numerical Data for DI Water Flow Through a Rectangular Microchannel,Mark Schepperle; Nima Samkhaniani; Mirco Magnini; Peter Woias; Alexander Stroh,2023,article,ASME Journal of Heat and Mass Transfer,6,Q02,no
10.1115/1.4064843,10.1115/1.4064843,https://openalex.org/W4392166108,Purge–Mainstream Interactions in a Turbine Stage With Rotor Endwall Contouring,Alex W. Mesny; Oliver J. Pountney; James A. Scobie; Yan Sheng Li; Carl M. Sangan,2024,article,Journal of Turbomachinery,5,Q08,no
10.1115/1.4068203,10.1115/1.4068203,https://openalex.org/W4408468366,High-Speed Rotating High-Pressure Turbine Blade Thermal Imaging of a Full-Scale Cooled 1 + 1/2 Stage Turbine in a Short Duration Transient Test Facility,Richard Anthony; Neil Vanasse; S. W. McClaren,2025,article,Journal of Turbomachinery,4,Q08,no
10.1115/78-gt-164,10.1115/78-gt-164,https://openalex.org/W2057108513,Turbine Blade Tip Clearance Measurement Utilizing Borescope Photography,A. L. Chandler; A. R. Finkelstein,1978,conference-paper,Volume 1B: General,2,Q08,yes
10.1115/90-gt-091,10.1115/90-gt-091,https://openalex.org/W1973718957,Measuring Rotor and Blade Dynamics Using an Optical Blade Tip Sensor,Harold R. Simmons; Douglas L. Michalsky; Kenneth E. Brewer; Anthony J. Smalley,1990,conference-paper,,14,Q12,no
10.1115/97-gt-342,10.1115/97-gt-342,https://openalex.org/W2038282064,Laser Anemometer Measurements of the Flow Field in a 4:1 Pressure Ratio Centrifugal Impeller,Gary J. Skoch; Patricia S. Prahst; Mark P. Wernet; J. R. Wood; A. J. Strazisar,1997,conference-paper,Volume 1: Aircraft Engine; Marine; Turbomachinery; Microturbines and Small Turbomachinery,86,Q12,no
10.1115/99-gt-310,10.1115/99-gt-310,https://openalex.org/W2065789232,Simultaneous Optical Measurements of Axial and Tangential Steady-State Blade Deflections,Anatole P. Kurkov; Harbans S. Dhadwal,1999,conference-paper,"Volume 4: Manufacturing Materials and Metallurgy; Ceramics; Structures and Dynamics; Controls, Diagnostics and Instrumentation; Education; IGTI Scholar Award; General",7,Q12,no
10.1115/esda2012-82453,10.1115/esda2012-82453,https://openalex.org/W1978752054,Tri-Dimensional Optical Inspection Based on Flexible Image Guide: First Step Toward 3D Industrial Endoscopy,Erwan Dupont; Frédéric Lamarque; Christine Prelle; Tanneguy Redarce,2012,conference-paper,,5,Q05,no
10.1115/fedsm2003-45607,10.1115/fedsm2003-45607,https://openalex.org/W2025214415,Application of a Split-Fiber Probe to Velocity Measurement in the NASA Research Compressor,J. Lepicovsky,2003,conference-paper,,5,Q04,no
10.1115/gt2004-54324,10.1115/gt2004-54324,https://openalex.org/W2129026488,Sensor Needs for Control and Health Management of Intelligent Aircraft Engines,Donald L. Simon; Sanjay Garg; Gary W. Hunter; Ten-Huei Guo; Kenneth Semega,2004,conference-paper,,52,Q12,no
10.1115/gt2008-50210,10.1115/gt2008-50210,https://openalex.org/W4253283793,Investigation of Blade Tip Interaction With Casing Treatment in a Transonic Compressor: Part 1—Particle Image Velocimetry,Melanie Voges; Rainer Schnell; Christian Willert; R. Mo ̈nig; M. W. Mu ̈ller; Carsten Zscherp,2008,conference-paper,,3,Q12,no
10.1115/gt2010-22685,10.1115/gt2010-22685,https://openalex.org/W2012286636,Sensor and Actuator Needs for More Intelligent Gas Turbine Engines,Sanjay Garg; K. SCHADOW; Wolfgang Horn; Hugo Pfoertner; Ion Stiharu,2010,conference-paper,"Volume 3: Controls, Diagnostics and Instrumentation; Cycle Innovations; Marine",32,Q12,no
10.1115/gt2012-69540,10.1115/gt2012-69540,https://openalex.org/W2044744765,Monitoring of Blade Vibrations and Tip Clearance at Non-Metallic Rotors in Turbo Machines,Florian Dreier; Thorsten Pfister; Jürgen Czarske,2012,conference-paper,,3,Q12,no
10.1115/gt2016-56931,10.1115/gt2016-56931,https://openalex.org/W2521580615,Investigation on the Turbine Blade Tip Clearance Monitoring Based on Eddy Current Pulse-Trigger Method,Weimin Wang; Huajin Shao; Lifang Chen; Huibin Song,2016,conference-paper,,5,Q12,no
10.1115/gt2019-91361,10.1115/gt2019-91361,https://openalex.org/W2980240224,"Theoretical and Experimental Investigation of a Small-Scale, High-Speed, and Oil-Free Radial Anode Off-Gas Recirculation Fan for Solid Oxide Fuel Cell Systems",Patrick H. Wagner; Jan Van herle; Jürg Schiffmann,2019,conference-paper,"Volume 8: Microturbines, Turbochargers and Small Turbomachines; Steam Turbines",5,Q12,no
10.1115/gt2020-15403,10.1115/gt2020-15403,https://openalex.org/W3120031498,Blade Tip Clearance Measurement Systems for High Speed Turbomachinery Applications and the Potential for Blade Tip Timing Applications,Jack David Stubbs; Muhammad Arslan Shahid,2020,conference-paper,,7,Q12,yes
10.1115/gt2020-15804,10.1115/gt2020-15804,https://openalex.org/W3115629514,Theoretical and Experimental Investigation of a 34 Watt Radial-Inflow Steam Turbine With Partial-Admission,Patrick H. Wagner; Jan Van herle; Jürg Schiffmann,2020,conference-paper,,0,Q12,no
10.1115/gt2021-59701,10.1115/gt2021-59701,https://openalex.org/W3196235493,Vortex Tracking of Purge-Mainstream Interactions in a Rotating Turbine Stage,Alex W. Mesny; Mark A. Glozier; Oliver J. Pountney; James A. Scobie; Yan Sheng Li; David Cleaver; Carl M. Sangan,2021,conference-paper,,1,Q08;Q12,no
10.1115/gt2024-128430,10.1115/gt2024-128430,https://openalex.org/W4401939858,High Speed Rotating HPT Blade Thermal Imaging of a Full Scale Cooled 1+1/2 Stage Turbine in a Short Duration Transient Test Facility,Richard Anthony; Neil Vanasse; S. W. McClaren,2024,conference-paper,,2,Q08,no
10.1115/gt2024-129413,10.1115/gt2024-129413,https://openalex.org/W4401981123,A New Experimental Facility for the Study of Blade Tip Rubs at Engine Relevant Temperatures,Noah Broski; Christopher Keener; Theodore Loizos; Ronald Mathison; Kiran D’Souza; Thomas Kasprow; Agnieszka M. Wusatowska-Sarnek,2024,conference-paper,,1,Q12,no
10.1115/imece2018-87414,10.1115/imece2018-87414,https://openalex.org/W2909343885,Simulating Eddy Current Sensors in Blade Tip Timing Application: Modeling and Experimental Validation,Nidhal Jamia; Michael I. Friswell; S. El-Borgi; Prakash Rajendran,2018,conference-paper,,1,Q12,no
10.1115/msec2020-8303,10.1115/msec2020-8303,https://openalex.org/W3123675974,Uniaxial High-Speed Micro-Scale 3D Surface Topographical Measurements Using Fringe Projection,Yi Zheng; Beiwen Li,2020,conference-paper,Volume 2: Manufacturing Processes; Manufacturing Systems; Nano/Micro/Meso Manufacturing; Quality and Reliability,1,Q02,no
10.1117/1.1483314,10.1117/1.1483314,https://openalex.org/W2142012730,Fiber optic probe for polarized reflectance spectroscopy in vivo: Design and performance,Alexey V. Myakov; Linda T. Nieman; Lorenz Wicky; Urs Utzinger; Rebecca Richards‐Kortum; Konstantin Sokolov,2002,article,Journal of Biomedical Optics,70,Q04,no
10.1117/1.1915488,10.1117/1.1915488,https://openalex.org/W2118822995,Ex vivo detection and characterization of early dental caries by optical coherence tomography and Raman spectroscopy,Alex C.‐T. Ko; Lin‐P'ing Choo‐Smith; Mark Hewko; Lorenzo Leonardi; Michael G. Sowa; Cecilia Dong; Peter Williams; Blaine Cleghorn,2005,article,Journal of Biomedical Optics,141,Q04,no
10.1117/1.1921907,10.1117/1.1921907,https://openalex.org/W1987132175,In vivo determination of optical properties of normal and tumor tissue with white light reflectance and an empirical light transport model during endoscopy,Paulo R. Bargo; Scott A. Prahl; Thomas Goodell; R. A. Sleven; G. D. Koval; G. R. Blair; Steven L. Jacques,2005,article,Journal of Biomedical Optics,200,Q04,no
10.1117/1.1928050,10.1117/1.1928050,https://openalex.org/W2014599678,Biochemical differences in tumorigenic and nontumorigenic cells measured by Raman and infrared spectroscopy,Judith R. Mourant; Kurt W. Short; S.G. Carpenter; Nagapratima Kunapareddy; Leslie Coburn; Tamara M. Powers; James P. Freyer,2005,article,Journal of Biomedical Optics,75,Q04,no
10.1117/1.2161199,10.1117/1.2161199,https://openalex.org/W2147496773,Design and implementation of a multifrequency near-infrared diffuse optical tomography system,Gültekin Gülşen; Bin Xiong; Özlem Birgül; Orhan Nalcioğlu,2006,article,Journal of Biomedical Optics,64,Q04,no
10.1117/1.2750289,10.1117/1.2750289,https://openalex.org/W1968399175,Detection of interproximal demineralized lesions on human teeth in vitro using frequency-domain infrared photothermal radiometry and modulated luminescence,Raymond J. Jeon; Anna Matvienko; Andreas Mandelis; Stephen H. Abrams; Bennett T. Amaechi; Gajanan Kulkarni,2007,article,Journal of Biomedical Optics,50,Q04,no
10.1117/1.2837433,10.1117/1.2837433,https://openalex.org/W1978159646,Automated algorithm for differentiation of human breast tissue using low coherence interferometry for fine needle aspiration biopsy guidance,Brian D. Goldberg; Nicusor Iftimia; Jason Bressner; Martha B. Pitman; Elkan F. Halpern; Brett E. Bouma; Guillermo J. Tearney,2008,article,Journal of Biomedical Optics,49,Q10,no
10.1117/1.2870105,10.1117/1.2870105,https://openalex.org/W2005283698,Investigation of tumor cell targeting of a dendrimer nanoparticle using a double-clad optical fiber probe,Thommey P. Thomas; Jing Yong Ye; Yu-Chung Chang; Alina Kotlyar; Zhengyi Cao; István Majoros; Theodore B. Norris; James R. Baker,2008,article,Journal of Biomedical Optics,28,Q04,no
10.1117/1.3026554,10.1117/1.3026554,https://openalex.org/W2123551590,Single-photon emitter using excitation energy transfer between quantum dots,Tadashi Kawazoe,2008,article,Journal of Nanophotonics,21,Q04,no
10.1117/1.3156821,10.1117/1.3156821,https://openalex.org/W2043642165,Automated algorithm for breast tissue differentiation in optical coherence tomography,Mircea Mujat; R. Daniel Ferguson; Daniel X. Hammer; Christopher M. Gittins; Nicusor Iftimia,2009,article,Journal of Biomedical Optics,42,Q10,no
10.1117/1.3505486,10.1117/1.3505486,https://openalex.org/W2164063439,Spectral hole burning for ultrasound-modulated optical tomography of thick tissue,Xiao Xu; Sri‐Rajasekhar Kothapalli; Honglin Liu; Lihong V. Wang,2010,article,Journal of Biomedical Optics,16,Q09,no
10.1117/1.3512149,10.1117/1.3512149,https://openalex.org/W2097519372,Optical fiber probe spectroscopy for laparoscopic monitoring of tissue oxygenation during esophagectomies,Daniel S. Gareau; Frédéric Truffer; Kyle A. Perry; Thai Pham; C. Kristian Enestvedt; James P. Dolan; John G. Hunter; Steven L. Jacques,2010,article,Journal of Biomedical Optics,21,Q04,no
10.1117/1.ap.2.6.064001,10.1117/1.ap.2.6.064001,https://openalex.org/W3095881173,Multifunctional integration on optical fiber tips: challenges and opportunities,Yifeng Xiong; Fei Xu,2020,article,Advanced Photonics,196,Q04,no
10.1117/1.ap.4.3.030501,10.1117/1.ap.4.3.030501,https://openalex.org/W4282826408,New twist to twisted light,Andrew Forbes,2022,article,Advanced Photonics,7,Q05,no
10.1117/1.jbo.19.11.116005,10.1117/1.jbo.19.11.116005,https://openalex.org/W2127223464,Low coherence interferometry approach for aiding fine needle aspiration biopsies,Ernest W. Chang; Joseph A. Gardecki; Martha B. Pitman; Eric J. Wilsterman; Ankit Patel; Guillermo J. Tearney; Nicusor Iftimia,2014,article,Journal of Biomedical Optics,8,Q10,no
10.1117/1.jbo.19.4.046009,10.1117/1.jbo.19.4.046009,https://openalex.org/W2015299465,Tomographic phase microscopy of living three-dimensional cell cultures,Arkadiusz Kuś; Michał Dudek; Björn Kemper; Małgorzata Kujawińska; Angelika Vollmer,2014,article,Journal of Biomedical Optics,143,Q05,no
10.1117/1.jbo.20.12.121304,10.1117/1.jbo.20.12.121304,https://openalex.org/W1927261181,Mechanically switchable solid inhomogeneous phantom for performance tests in diffuse imaging and spectroscopy,Antonio Pifferi; Alessandro Torricelli; Rinaldo Cubeddu; Giovanna Quarto; Rebecca Re; Sanathana Konugolu Venkata Sekar; Lorenzo Spinelli; Andrea Farina; Fabrizio Martelli; Heidrun Wabnitz,2015,article,Journal of Biomedical Optics,48,Q04,no
10.1117/1.jbo.20.2.027003,10.1117/1.jbo.20.2.027003,https://openalex.org/W2121169002,<i>In vivo</i>estimation of light scattering and absorption properties of rat brain using a single-reflectance fiber probe during cortical spreading depression,Izumi Nishidate; Chiharu Mizushima; Keiichiro Yoshida; Satoko Kawauchi; Shunichi Sato; Manabu Sato,2015,article,Journal of Biomedical Optics,18,Q04,no
10.1117/1.jbo.20.7.076005,10.1117/1.jbo.20.7.076005,https://openalex.org/W2101298409,Time-resolved microscopy reveals the driving mechanism of particle formation during ultrashort pulse laser ablation of dentin-like ivory,Matthias Domke; Anna A. Gavrilova; Stephan Rapp; Matthias Frentzen; Joerg Meister; H. Huber,2015,article,Journal of Biomedical Optics,4,Q09,no
10.1117/1.jbo.26.9.096008,10.1117/1.jbo.26.9.096008,https://openalex.org/W3199855022,Optical coherence tomography of small intestine allograft biopsies using a handheld surgical probe,Evan T. Jelly; Jean Kwun; Robin Schmitz; Alton B. Farris; Zachary A. Steelman; Debra L. Sudan; Stuart J. Knechtle; Adam Wax,2021,article,Journal of Biomedical Optics,6,Q08,no
10.1117/1.jbo.27.12.126001,10.1117/1.jbo.27.12.126001,https://openalex.org/W4311188338,Reconstruction of fluorophore absorption and fluorescence lifetime using early photon mesoscopic fluorescence molecular tomography: a phantom study,Alexander B. Konovalov; Vitaly V. Vlasov; S.I. Samarin; Ilya D. Soloviev; Alexander P. Savitsky; Valery V. Tuchin,2022,article,Journal of Biomedical Optics,7,Q04,no
10.1117/1.jbo.27.9.097002,10.1117/1.jbo.27.9.097002,https://openalex.org/W4295979634,Near-infrared diffuse in vivo flow cytometry,Joshua Pace; Fernando Ivich; Eric Marple; Mark Niedre,2022,article,Journal of Biomedical Optics,20,Q04,no
10.1117/1.jbo.28.10.102910,10.1117/1.jbo.28.10.102910,https://openalex.org/W4379967394,Needle guidance with Doppler-tracked polarization-sensitive optical coherence tomography,Danielle J. Harper; Yongjoo Kim; Alejandra Gómez-Ramírez; Benjamin J. Vakoc,2023,article,Journal of Biomedical Optics,3,Q10,no
10.1117/1.jbo.29.s1.s11517,10.1117/1.jbo.29.s1.s11517,https://openalex.org/W4390838106,Acoustic resolution photoacoustic Doppler flowmetry for assessment of patient rectal cancer blood perfusion,Sitai Kou; Xiandong Leng; Hongbo Luo; Haolin Nie; Quing Zhu,2024,article,Journal of Biomedical Optics,4,Q05,no
10.1117/1.jei.21.2.021103,10.1117/1.jei.21.2.021103,https://openalex.org/W1989039023,Original method to compute epipoles using variable homography: application to measure emergent fibers on textile fabrics,Jun Xu,2012,article,Journal of Electronic Imaging,3,Q08,no
10.1117/1.jmm.12.1.013013,10.1117/1.jmm.12.1.013013,https://openalex.org/W2160031042,New methodology for through silicon via array macroinspection,Yoshihiko Fujimori; Takashi Tsuto; Yuji Kudo; Takeshi Inoue; Kyoichi Suwa; Kazuya Okamoto,2013,article,Journal of Micro/Nanolithography MEMS and MOEMS,4,Q09,no
10.1117/1.nph.3.2.025003,10.1117/1.nph.3.2.025003,https://openalex.org/W2346754587,Noninvasive assessment of hemodynamic and brain metabolism parameters following closed head injury in a mouse model by comparative diffuse optical reflectance approaches,David Abookasis; B.S. Volkov; Ariel Shochat; Itamar Kofman,2016,article,Neurophotonics,10,Q05,no
10.1117/1.nph.9.s1.013001,10.1117/1.nph.9.s1.013001,https://openalex.org/W4285684864,Neurophotonic Tools for Microscopic Measurements and Manipulation: Status Report,Ahmed S. Abdelfattah; Srinivasa Rao Allu; Robert E. Campbell; Xiaojun Cheng; Tomáš Čižmár; Irene Costantini; Valentina Emiliani; Natalie Fomin-Thunemann; Ariel Gilad; Tomás Fernández-Alfonso; Christopher Ferri; Andrew Harris; Elizabeth M. C. Hillman; Matthew G. Holt; Kıvılcım Kılıç; Evan W. Miller; Rickson C. Mesquita; K. M. Naga Srinivas Nadella; U. Valentin Nägerl; Citlali Pérez Campos; Francesca Puppo; Shy Shoham; R. Angus Silver; Vivek J. Srinivasan; Martin Thunemann; Lei Tian; Sergei A. Vinogradov; Flavia Vitale; Hana Uhlířová; Chris Xu; Mu-Han Yang; Yongxin Zhao; Sapna Ahuja; Taner Akkin; Joshua Brake; David A. Boas; Erin M. Buckley; Anderson I. Chen; Massimo De Vittorio; Anna Devor; Patrick Doran; Mirna El Khatib; Yeshaiahu Fainman; Xue Han; Ute Hochgeschwender; Na Ji; Evelyn Lake; Lei Li; Tianqi Li; Philipp Mächler; Yusuke Nasu; Axel Nimmerjahn; Petra Ondráčková; Francesco S. Pavone; Darcy S. Peterka; Filippo Pisano; Ferruccio Pisanello; Bernardo L. Sabatini; Sanaz Sadegh; Sava Sakadžić; Sanaya N. Shroff; Ruth R. Sims; Spencer L. Smith; Lin Tian; Thomas Troxler; Antoine M. Valera; Alipasha Vaziri; Lihong V. Wang; Changhuei Yang; Gary Yellen; Ofer Yizhar,2022,article,Neurophotonics,45,Q10,no
10.1117/1.oe.53.5.051513,10.1117/1.oe.53.5.051513,https://openalex.org/W2044719029,Micro-hole drilling and cutting using femtosecond fiber laser,Huan Huang; Lih-Mei Yang; Jian Liu,2014,article,Optical Engineering,85,Q02,no
10.1117/1.oe.56.1.014108,10.1117/1.oe.56.1.014108,https://openalex.org/W2583870698,Three-dimensional measurement of small inner surface profiles using feature-based 3-D panoramic registration,Yuanzheng Gong; Eric J. Seibel,2017,article,Optical Engineering,32,Q05;Q08;Q10;Q11,yes
10.1117/1.oe.58.7.072005,10.1117/1.oe.58.7.072005,https://openalex.org/W2914398895,Time identification method of an optical blade tip timing system based on optical interrogation of surface inscribed microstructure surface features,Ruixuan Qu; Yang Luo; Quan Chai; Yanlei Liu; Jianzhong Zhang; Elfed Lewis; Jun Yang; Libo Yuan,2019,article,Optical Engineering,1,Q12,no
10.1117/1.oe.58.7.072009,10.1117/1.oe.58.7.072009,https://openalex.org/W2941196715,Multiparameter fiber-optic sensors: a review,Simon Pevec; Denis Đonlagić,2019,article,Optical Engineering,137,Q04,no
10.1117/1.oe.60.11.114103,10.1117/1.oe.60.11.114103,https://openalex.org/W3213374821,Tip-timing accuracy improvement using optical fiber bundle probe with GRIN lens under varying blade tip clearance,Fengyao Zhi; Fajie Duan; Zhibo Liu; Xiuming Li; Guangyue Niu; Jiajia Jiang,2021,article,Optical Engineering,2,Q12,yes
10.1117/1.oe.60.2.025105,10.1117/1.oe.60.2.025105,https://openalex.org/W3115137716,Structured light for ultrafast laser micro- and nanoprocessing,Daniel Flamm; Daniel G. Grossmann; Marc Sailer; Myriam Kaiser; Felix Zimmermann; Keyou Chen; Michael Jenne; Jonas Kleiner; Julian Hellstern; Christoph Tillkorn; Dirk H. Sutter; Malte Kumkar,2021,article,Optical Engineering,80,Q02,no
10.1117/12.193949,10.1117/12.193949,https://openalex.org/W2056824739,&lt;title&gt;New fiber optic laser probe for the automatic inspection of cracks in the inner side of heat exchanger tubes of nuclear power plants&lt;/title&gt;,José Carlos López Vázquez; Ángel F. Doval; Benito V. Dorrı́o; R. Soto; Jesús Blanco-García; José L. Fernández; M. Pérez‐Amor; Benjamin G. Tejedor,1994,conference-paper,"Proceedings of SPIE, the International Society for Optical Engineering/Proceedings of SPIE",2,Q08,yes
10.1117/12.2012264,10.1117/12.2012264,https://openalex.org/W1981819107,Optical strain and crack-detection measurements on a rotating disk,Mark R. Woike; Ali Abdul‐Aziz; Michelle Clem; Gustave C. Fralick,2013,conference-paper,"Proceedings of SPIE, the International Society for Optical Engineering/Proceedings of SPIE",2,Q12,no
10.1117/12.2012266,10.1117/12.2012266,https://openalex.org/W4245074163,Investigation of a cross-correlation based optical strain measurement technique for detecting radial growth on a rotating disk,Michelle Clem; Mark R. Woike; Ali Abdul‐Aziz,2013,conference-paper,"Proceedings of SPIE, the International Society for Optical Engineering/Proceedings of SPIE",2,Q12,no
10.1117/12.2020540,10.1117/12.2020540,https://openalex.org/W2019576139,Turbine-blade tip clearance and tip timing measurements using an optical fiber bundle sensor,Iker García; Josu Beloki; Joseba Zubía; Gaizka Durana; Gotzon Aldabaldetreku,2013,conference-paper,"Proceedings of SPIE, the International Society for Optical Engineering/Proceedings of SPIE",9,Q12,yes
10.1117/12.2021213,10.1117/12.2021213,https://openalex.org/W2312295856,Front Matter: Volume 8759,,2013,conference-paper,"Proceedings of SPIE, the International Society for Optical Engineering/Proceedings of SPIE",0,Q03,no
10.1117/12.2028782,10.1117/12.2028782,https://openalex.org/W2313174734,Front Matter: Volume 8788,Proceedings of SPIE,2013,conference-paper,"Proceedings of SPIE, the International Society for Optical Engineering/Proceedings of SPIE",1,Q12,no
10.1117/12.213533,10.1117/12.213533,https://openalex.org/W1971227154,&lt;title&gt;Nondestructive visual inspection of aging aircraft&lt;/title&gt;,Peter Samsonov,1995,conference-paper,"Proceedings of SPIE, the International Society for Optical Engineering/Proceedings of SPIE",4,Q08,no
10.1117/12.2269801,10.1117/12.2269801,https://openalex.org/W2730533071,Miniaturization of an optical 3D sensor by additive manufacture of metallic mirrors,Andre Sigel; Markus Merkel; Andreas J. Heinrich,2017,conference-paper,"Proceedings of SPIE, the International Society for Optical Engineering/Proceedings of SPIE",9,Q11,no
10.1117/12.2288178,10.1117/12.2288178,https://openalex.org/W2792983183,"Spectral domain, common path OCT in a handheld PIC based system",Arne Leinse; Lennart Wevers; D. V. Marchenko; Ronald Dekker; René Heideman; Roosje M. Ruis; Dirk J. Faber; Ton G. van Leeuwen; Keun Bae Kim; Kyungmin Kim,2018,conference-paper,,4,Q04,no
10.1117/12.2288492,10.1117/12.2288492,https://openalex.org/W2792233111,Structural characterization on in vitro porcine skin treated by ablative fractional laser using optical coherence tomography,Kanheng Zhou; Kairui Feng; Chunhui Li; Zhihong Huang; Paul O’Mahoney; Eadie Ewan; Sally H. Ibbotson; Yuting Ling,2018,conference-paper,,1,Q09,no
10.1117/12.2296123,10.1117/12.2296123,https://openalex.org/W2758912561,An on-board calibration assembly (OBCA) on the ENMAP satellite,Ludger Wilkens; Hermann Bittner; Christoph Bräuninger; Sebastian Fischer; Bernhard Sang; Markus Erhard; Andreas Grzesik; Sebastian Eberle; Michaela Sornig,2017,conference-paper,,7,Q05,no
10.1117/12.24975,10.1117/12.24975,https://openalex.org/W1992308805,&lt;title&gt;Use of optical sensors and signal processing in gas turbine engines&lt;/title&gt;,I. Davinson,1991,conference-paper,"Proceedings of SPIE, the International Society for Optical Engineering/Proceedings of SPIE",4,Q12,no
10.1117/12.2535570,10.1117/12.2535570,https://openalex.org/W3016750205,Optical Technology and Measurement for Industrial Applications Conference,"Chu, Yushi; Atakaramians, S ; https://orcid.org/0000-0001-7413-8254; Zhang, R; Fan, D; Xiao, G; Fu, X; Wei, S; Zhang, B ; https://orcid.org/0000-0002-9507-332X; Tian, Y; Ma, Z; Chai, Q; Ren, J; Luo, Y ; https://orcid.org/0000-0002-5929-6083; Zhang, J; Peng, GD ; https://orcid.org/0000-0001-7984-8925",2019,conference-paper,,9,Q05;Q09,no
10.1117/12.2553939,10.1117/12.2553939,https://openalex.org/W3014830405,Adaptive merging of large datasets of a 3D measuring endoscope in an industrial environment,Lennart Hinz; Markus Kästner; Eduard Reithmeier,2020,conference-paper,,4,Q07,no
10.1117/12.2592274,10.1117/12.2592274,https://openalex.org/W3154244598,Analysis of the shaft behaviour in aircraft engines using tip clearance data and custom designed laser sensors,Rubén Fernández Bello; Gaizka Durana; Gotzon Aldabaldetreku; Radosław Przysowa; Iker García,2021,conference-paper,,3,Q12,yes
10.1117/12.305062,10.1117/12.305062,https://openalex.org/W2019597966,&lt;title&gt;Making accurate three-dimensional measurements through a standard borescope&lt;/title&gt;,David F. Schaack,1998,conference-paper,"Proceedings of SPIE, the International Society for Optical Engineering/Proceedings of SPIE",2,Q08,yes
10.1117/12.3112962,10.1117/12.3112962,https://openalex.org/W7162696685,Design of grating projection-based binocular structured light 3D measurement system in limited space,Tao Yang; Xudong Li; Xu Yang; Hongzhi Jiang; Huijie Zhao,2026,conference-abstract,,0,Q05,no
10.1117/12.3114676,10.1117/12.3114676,https://openalex.org/W7161017183,Effect of reinforced fibers on the vibration characteristics of CFRP boring bar for deep hole machining,Xiduo Zhang,2026,conference-paper,,0,Q02,no
10.1117/12.505842,10.1117/12.505842,https://openalex.org/W2006753583,Planar Doppler velocimetry measurements of flows using imaging fiber bundles,David S. Nobes; Helen D. Ford; Ralph P. Tatam,2003,conference-paper,"Proceedings of SPIE, the International Society for Optical Engineering/Proceedings of SPIE",5,Q08,no
10.1117/12.614655,10.1117/12.614655,https://openalex.org/W2042433020,A fiber probe for CMM measurements of small features,Jack A. Stone; Bala Muralikrishnan; John R. Stoup,2005,conference-paper,"Proceedings of SPIE, the International Society for Optical Engineering/Proceedings of SPIE",15,Q04,no
10.1117/12.694429,10.1117/12.694429,https://openalex.org/W2025581850,&lt;title&gt;Research on optical fiber bundle displacement sensor with multi-grouped receiving fibers&lt;/title&gt;,Suzhi Cao; Fajie Duan; Zhiqiang Fang; Ma Yuzhen,2006,conference-paper,"Proceedings of SPIE, the International Society for Optical Engineering/Proceedings of SPIE",0,Q12,no
10.1117/12.739509,10.1117/12.739509,https://openalex.org/W2325022518,Front Matter: Volume 6606,,2007,paratext,,1,Q09,no
10.1117/12.780535,10.1117/12.780535,https://openalex.org/W1984553834,Miniaturization and evaluation of fiber optic probes for low-coherence interferometry,Robert Schmitt; Niels König; Frank Depiereux,2008,conference-paper,"Proceedings of SPIE, the International Society for Optical Engineering/Proceedings of SPIE",1,Q04;Q10,no
10.1117/12.821543,10.1117/12.821543,https://openalex.org/W2335611973,Front Matter: Volume 7133,Proceedings of SPIE,2008,conference-paper,"Proceedings of SPIE, the International Society for Optical Engineering/Proceedings of SPIE",0,Q03,no
10.1117/12.847574,10.1117/12.847574,https://openalex.org/W2010657539,Propulsion health monitoring of a turbine engine disk using spin test data,Ali Abdul‐Aziz; Mark R. Woike; Nikunj C. Oza; Bryan Matthews; George Y. Baakilini,2010,conference-paper,"Proceedings of SPIE, the International Society for Optical Engineering/Proceedings of SPIE",15,Q12,no
10.1117/12.893463,10.1117/12.893463,https://openalex.org/W2050498389,Development of a probe for inner profile measurement and flaw detection,Tôru Yoshizawa; Toshitaka Wakayama; Yoshihisa Kamakura,2011,conference-paper,"Proceedings of SPIE, the International Society for Optical Engineering/Proceedings of SPIE",6,Q08,yes
10.1117/12.895003,10.1117/12.895003,https://openalex.org/W2051787485,3D optical measuring technologies for industrial applications,Yuri V. Chugui; Alexander G. Verkhogliad; Vadim E. Kalikin; Peter S. Zav’yalov,2011,conference-paper,"Proceedings of SPIE, the International Society for Optical Engineering/Proceedings of SPIE",3,Q05,no
10.1117/12.903907,10.1117/12.903907,https://openalex.org/W2086088154,Turbine blade tip clearance measurements using skewed dual optical beams of tip timing,De-chao Ye; Fajie Duan; Haotian Guo; Yangzong Li; Kai Wang,2011,conference-paper,"Proceedings of SPIE, the International Society for Optical Engineering/Proceedings of SPIE",2,Q12,yes
10.1121/1.412947,10.1121/1.412947,https://openalex.org/W2002900452,High-temperature fiber-optic lever microphone,Allan J. Zuckerwar; Frank W. Cuomo; Trung D. Nguyen; Stephen A. Rizzi; S. A. Clevenson,1995,article,The Journal of the Acoustical Society of America,10,Q04,no
10.1136/bjo.69.2.86,10.1136/bjo.69.2.86,https://openalex.org/W2014691899,In vitro studies with a pulsed neodymium/YAG laser.,S. Venkatesh; S. M. G. Guthrie; Wallace S. Foulds; W. Robert Lee; F. R. Cruickshank; R. T. Bailey,1985,article,British Journal of Ophthalmology,6,Q02,no
10.1139/cjce-2018-0589,10.1139/cjce-2018-0589,https://openalex.org/W2964895801,Hygrothermal performance of New Zealand wall constructions — meeting the durability requirements of the New Zealand Building Code,G. Christian Overton,2019,article,Canadian Journal of Civil Engineering,13,Q08,no
10.1139/cjfr-2020-0340,10.1139/cjfr-2020-0340,https://openalex.org/W3113067979,Detection of wood decay and cavities in living trees: a review,Ayodele O. Soge; O. I. Popoola; Adedeji A. Adetoyinbo,2020,article,Canadian Journal of Forest Research,51,Q08,no
10.1139/tcsme-2020-0102,10.1139/tcsme-2020-0102,https://openalex.org/W3093855923,A blade tip-timing method without once-per-revolution sensor for blade vibration measurement in gas turbine engines,Chengwei Fan; WU Ya; Pete Russhard; Can Ruan; Anjenq Wang,2020,article,Transactions of the Canadian Society for Mechanical Engineering,8,Q12,no
10.1149/1945-7111/ad63cf,10.1149/1945-7111/ad63cf,https://openalex.org/W4400672830,Preparation and Performance Evaluation of Microporous Transport Layers for Proton Exchange Membrane (PEM) Water Electrolyzer Anodes,Matthias Felix Ernst; Vivian Meier; Matthias Kornherr; Hubert A. Gasteiger,2024,article,Journal of The Electrochemical Society,48,Q09,no
10.1155/2010/805325,10.1155/2010/805325,https://openalex.org/W2041509578,Detection and Localization of Defects in Monocrystalline Silicon Solar Cell,Pavel Tománek; Pavel Škarvada; Robert Macků; Lubomír Grmela,2010,article,Advances in Optical Technologies,35,Q04,no
10.1155/2011/516128,10.1155/2011/516128,https://openalex.org/W1976563649,Blade by Blade Tip Clearance Measurement,A. G. Sheard,2011,article,International Journal of Rotating Machinery,36,Q12,yes
10.1155/2013/413587,10.1155/2013/413587,https://openalex.org/W2040248526,Turbine Rotor Disk Health Monitoring Assessment Based on Sensor Technology and Spin Tests Data,Ali Abdul‐Aziz; Mark R. Woike,2013,article,The Scientific World JOURNAL,6,Q12,no
10.1155/2014/206569,10.1155/2014/206569,https://openalex.org/W2106089974,Fiber Optic Projection-Imaging System for Shape Measurement in Confined Space,Lujie Chen; V. Bavigadda; Theo Kofidis; Robert D. Howe,2014,article,The Scientific World JOURNAL,6,Q05;Q11,yes
10.1155/2015/146272,10.1155/2015/146272,https://openalex.org/W2084156489,Experimental Investigation of Factors Influencing Operating Rotor Tip Clearance in Multistage Compressors,Reid A. Berdanier; Nicole L. Key,2015,article,International Journal of Rotating Machinery,15,Q12,no
10.1155/2016/6172453,10.1155/2016/6172453,https://openalex.org/W2512831117,An Efficient Adaptive Window Size Selection Method for Improving Spectrogram Visualization,Shibli Nisar; Omar Khan; Muhammad Tariq,2016,article,Computational Intelligence and Neuroscience,59,Q02,no
10.1155/2017/2816461,10.1155/2017/2816461,https://openalex.org/W2730495936,Method for Detecting the Inside of Coke Drum Using Acoustic Signals,Qian Guo; Xinglin Tong; Cui Zhang; Chengwei Deng; Baolin Zhang; Qiao Xiong; Chaoran Zhou,2017,article,Journal of Sensors,2,Q05,no
10.1155/2017/4168150,10.1155/2017/4168150,https://openalex.org/W2594535619,An Optical Fiber Measurement System for Blade Tip Clearance of Engine,Binghui Jia; He Lei,2017,article,International Journal of Aerospace Engineering,19,Q12,yes
10.1155/2017/7268641,10.1155/2017/7268641,https://openalex.org/W2746622261,"Chelated Nitrogen-Sulphur-Codoped TiO<sub>2</sub>: Synthesis, Characterization, Mechanistic, and UV/Visible Photocatalytic Studies",Hayat Khan; Imran Khan Swati; Mohammad Younas; Asmat Ullah,2017,article,International Journal of Photoenergy,22,Q09,no
10.1155/2018/3027980,10.1155/2018/3027980,https://openalex.org/W2897755941,Wavelet Transform‐Based Damage Identification in Bladed Disks and Rotating Blades,Prakash Rajendran; Nidhal Jamia; S. El-Borgi; Michael I. Friswell,2018,article,Shock and Vibration,4,Q12,no
10.1155/2018/3272596,10.1155/2018/3272596,https://openalex.org/W2900658374,Digital Design of Medical Replicas via Desktop Systems: Shape Evaluation of Colon Parts,Michele Bici; Valerio Cardini; Marco Eugeni; Robinson Guachi; Fabiano Bini; Francesca Campana; Franco Marinozzi; Paolo Gaudenzi,2018,article,Journal of Healthcare Engineering,7,Q05,no
10.1155/2018/3756278,10.1155/2018/3756278,https://openalex.org/W2802140549,Architecture for Measuring Blade Tip Clearance and Time of Arrival with Multiple Sensors in Airplane Engines,José Miguel Gil-García; Joseba Zubía; Gerardo Aranguren,2018,article,International Journal of Aerospace Engineering,12,Q12,yes
10.1155/2018/9134607,10.1155/2018/9134607,https://openalex.org/W2896611542,Rotor Blades Diagnosis Method Based on Differences in Phase Shifts,Rafał Grądzki; Paweł Lindstedt; Zbigniew Kulesza; Błażej Bartoszewicz,2018,article,Shock and Vibration,8,Q12,no
10.1155/2018/9763137,10.1155/2018/9763137,https://openalex.org/W2896957414,Analysis and Application on Controlling Thick Hard Roof Caving with Deep‐Hole Position Presplitting Blasting,Baobao Chen; Changyou Liu,2018,article,Advances in Civil Engineering,20,Q02,no
10.1155/2019/2038578,10.1155/2019/2038578,https://openalex.org/W2989776650,A Preliminary Study on the Design Method for Large‐Diameter Deep‐Hole Presplit Blasting and Its Vibration‐Isolation Effect,Shuangshuang Xiao; Hongsheng Wang; Guowei Dong,2019,article,Shock and Vibration,16,Q02,no
10.1155/2019/4064652,10.1155/2019/4064652,https://openalex.org/W2922766670,Optimization Research on Thermal Error Compensation of FOG in Deep Mining Using Uniform Mixed‐Data Design Method,Yimin Liu; Chenghu Wang; Jie Wang; W. Ji,2019,article,Mathematical Problems in Engineering,4,Q02,no
10.1155/2019/5284194,10.1155/2019/5284194,https://openalex.org/W2966489170,Analysis of the Vibration Characteristics of a Boring Bar with a Variable Stiffness Dynamic Vibration Absorber,Lie Li; Beibei Sun; Haitao Hua,2019,article,Shock and Vibration,25,Q02,no
10.1155/2019/6519213,10.1155/2019/6519213,https://openalex.org/W2935750153,Study on Roof‐Coal Caving Characteristics with Complicated Structure by Fully Mechanized Caving Mining,Yunpei Liang; Lei Li; Xuelong Li; Kequan Wang; Jinhua Chen; Zhongguang Sun; Xuelin Yang,2019,article,Shock and Vibration,30,Q02,no
10.1155/2020/8849666,10.1155/2020/8849666,https://openalex.org/W3090160750,Mining-Induced Stress-Fissure Field Evolution and the Disaster-Causing Mechanism in the High Gas Working Face of the Deep Hard Strata,Litong Dou; Ke Yang; Wenjie Liu; Xiaolou Chi; Zhijie Wen,2020,article,Geofluids,11,Q02,no
10.1155/2020/8882858,10.1155/2020/8882858,https://openalex.org/W3103395240,High-Precision Extraction Method for Blade Tip-Timing Signal with Eddy Current Sensor,Jiwang Zhang; Keqin Ding; Guang Chen,2020,article,International Journal of Rotating Machinery,10,Q12,no
10.1155/2021/1318975,10.1155/2021/1318975,https://openalex.org/W3204989462,Application of Presplitting Blasting Technology in Surrounding Rock Control of Gob‐Side Entry Retaining with Hard Roof: A Case Study,Shuang Gong; Yi Tan; Yunpeng Liu; Dan Zhu; Yang Yu,2021,article,Advances in Materials Science and Engineering,12,Q02,no
10.1155/2021/3537006,10.1155/2021/3537006,https://openalex.org/W3216341570,An Improved Blade Vibration Parameter Identification Method considering Tip Clearance Variation,Liang Zhang; Qidi Wang; Xin Li,2021,article,Shock and Vibration,3,Q12,no
10.1155/2021/3829893,10.1155/2021/3829893,https://openalex.org/W4200177799,Blade Serial Number Identification Based on Blade Tip Clearance without OPR Sensor,Liang Zhang; Qidi Wang; Huiqun Yuan; Xin Li,2021,article,Shock and Vibration,4,Q12,yes
10.1155/2021/4321255,10.1155/2021/4321255,https://openalex.org/W3210589156,Accurate Perception of Rock Strata Movement for Environmental Protection in Coal Mining: Taking Thick and Hard Roof Cooperative Control as an Example,Tong Zhao; Changyou Liu; Kaan Yetilmezsoy; Majid Bahramian; Peilin Gong,2021,article,Advances in Civil Engineering,1,Q02,no
10.1155/2021/5073562,10.1155/2021/5073562,https://openalex.org/W4200579383,Estimation of Arc Welding Pressure Pipeline Weld Peaking Parameters Based on Data Prediction,Pu Liao; Guixiong Liu; Ningxiang Yang,2021,article,Mathematical Problems in Engineering,6,Q05,no
10.1155/2021/6178569,10.1155/2021/6178569,https://openalex.org/W3167623995,[Retracted] College English Teaching Quality Evaluation System Based on Information Fusion and Optimized RBF Neural Network Decision Algorithm,Yajun Chen,2021,article,Journal of Sensors,68,Q02,no
10.1155/2021/9999957,10.1155/2021/9999957,https://openalex.org/W3180734771,Width Design of Small Coal Pillar of Gob‐Side Entry Driving in Soft Rock Working Face and Its Application of Zaoquan Coal Mine,Chen Ai,2021,article,Advances in Civil Engineering,19,Q08,no
10.1155/2022/2800496,10.1155/2022/2800496,https://openalex.org/W4283207480,Digital Communication of Folk Art in Urban Scenes Based on Vision Sensor Images,Yunhui Zhang; Yuanbing Zhao; Yinan Wu; Xuan Zhang,2022,article,Mobile Information Systems,4,Q05,no
10.1155/2022/3985528,10.1155/2022/3985528,https://openalex.org/W4221055754,A High-Precision and Wide Range Method for Inner Diameter Measurement,Zhenchao Zhang; Yufeng Yan; Yu Xin; Chenxiao Li; Lekai Gong,2022,article,Journal of Sensors,2,Q05,yes
10.1155/2022/9024739,10.1155/2022/9024739,https://openalex.org/W4294842763,Dynamic Characteristics Analysis of 3D Blade Tip Clearance for Turbine Blades with Typical Cracks,Xiaodong Zhang; Yiwei Xiong; Xin Huang; Bochao Fan; Zhen Zhao; Jiahao Zhu,2022,article,International Journal of Aerospace Engineering,9,Q12,yes
10.1155/2023/1992415,10.1155/2023/1992415,https://openalex.org/W4382317689,Aeroengine Blade Surface Defect Detection System Based on Improved Faster RCNN,Liu Yixuan; Dongbo Wu; Liang Jiawei; Hui Wang,2023,article,International Journal of Intelligent Systems,57,Q08,no
10.1155/2023/9632212,10.1155/2023/9632212,https://openalex.org/W4321181577,Waveform Prediction of Blade Tip‐Timing Sensor Based on Kriging Model and Static Calibration Data,Liang Zhang; Qidi Wang; Xin Li,2023,article,Mathematical Problems in Engineering,4,Q12,no
10.11588/heidok.00015422,10.11588/heidok.00015422,https://openalex.org/W2592175550,Acquisition and Documentation of Vessels using High-Resolution 3D-Scanners,"Trinkl, Elisabeth [Hrsg.]",2013,book-chapter,heiDOK (Heidelberg University),8,Q05,no
10.1167/tvst.8.5.5,10.1167/tvst.8.5.5,https://openalex.org/W2972523760,"High-Resolution, Adaptive Optics Imaging of the Human Trabecular Meshwork In Vivo",Brett J. King; Stephen A. Burns; Kaitlyn Sapoznik; Ting Luo; Thomas Gast,2019,article,Translational Vision Science & Technology,28,Q08,no
10.1172/jci191773,10.1172/jci191773,https://openalex.org/W4413103901,The NaV1.5 auxiliary subunit FGF13 modulates channels by regulating membrane cholesterol independent of channel binding,Aravind R. Gade; Mattia Malvezzi; Lala Tanmoy Das; Maiko Matsui; J. Cheng-I; Keon Mazdisnian; Steven O. Marx; Frederick R. Maxfield; Geoffrey S. Pitt,2025,article,Journal of Clinical Investigation,5,Q09,no
10.1175/jtech-d-14-00108.1,10.1175/jtech-d-14-00108.1,https://openalex.org/W2145840142,A Fiber Optic Spectrometry System for Measuring Irradiance Distributions in Sea Ice Environments,Hangzhou Wang; Ying Chen; Hong Song; Samuel R. Laney,2014,article,Journal of Atmospheric and Oceanic Technology,17,Q04,no
10.1175/jtech-d-19-0086.1,10.1175/jtech-d-19-0086.1,https://openalex.org/W2964599365,"Long-Term Measurement of Solar Irradiance above, within, and under Sea Ice in Polar Environments by Using Fiber Optic Spectrometry",Hangzhou Wang; Liwen Nan; Jiwan Han; Ying Chen; Haocai Huang,2019,article,Journal of Atmospheric and Oceanic Technology,4,Q04,no
10.1177/00405175251345144,10.1177/00405175251345144,https://openalex.org/W4411195414,Design of underclothing 3D human body measurement and reconstruction system for clothed individuals,Xihang Li; Guiqin Li; Ming Li; Xianguo Cheng; Fang Chen,2025,article,Textile Research Journal,2,Q05,no
10.1177/09544054241236217,10.1177/09544054241236217,https://openalex.org/W4392815549,Development of a machining strategy to manufacture SiSiC nuts by EDM,Alexia Torres; I. Puertas; C.J. Luis Pérez,2024,article,Proceedings of the Institution of Mechanical Engineers Part B Journal of Engineering Manufacture,1,Q09,no
10.1177/1478422x241229621,10.1177/1478422x241229621,https://openalex.org/W4391635527,Non-destructive techniques for corrosion detection: A review,Vivek Vasagar; Mohammad K. Hassan; Aboubakr M. Abdullah; Avinashkumar V. Karre; Beibei Chen; Kyoungtae Kim; Noora Al‐Qahtani; Tianxing Cai,2024,article,Corrosion Engineering Science and Technology The International Journal of Corrosion Processes and Corrosion Control,57,Q08,no
10.1177/20417314241306681,10.1177/20417314241306681,https://openalex.org/W4405644375,Harnessing bone marrow mesenchymal stem cell-derived extracellular vesicles and biomimetic peptide WKYMVm in self-healing hydrogel for enhanced bone repair in femoral defects,Keyu Luo; Yufei Jin; Baiyi Liu; Yingbo Wang; Yaoyao Liu; Si Qiu; Jianhua Zhao; Xiang Yun Yin,2024,article,Journal of Tissue Engineering,6,Q09,no
10.1184/r1/6721208,10.1184/r1/6721208,https://openalex.org/W92488717,Quantification of vascular morphogenesis in the chick embryo and its relationship to the hemodynamic environment,William J. Kowalski,2018,article,Research Showcase @ Carnegie Mellon University (Carnegie Mellon University),0,Q10,no
10.1186/1746-4811-9-3,10.1186/1746-4811-9-3,https://openalex.org/W2136834050,Rhizo-lysimetry: facilities for the simultaneous study of root behaviour and resource use by agricultural crop and pasture systems,Philip Eberbach; Jeffrey Hoffmann; Sergio Moroni; Leonard J Wade; Leslie A. Weston,2013,article,Plant Methods,24,Q08,no
10.1186/1754-6834-2-17,10.1186/1754-6834-2-17,https://openalex.org/W2079981392,Plant cell wall characterization using scanning probe microscopy techniques,John M. Yarbrough; Michael E. Himmel; Shi-You Ding,2009,article,Biotechnology for Biofuels,57,Q04,no
10.1186/s12891-020-03467-z,10.1186/s12891-020-03467-z,https://openalex.org/W3070485909,The effect of distance between holes on the structural stability of subchondral bone in microfracture surgery: a finite element model study,Xiang Yun Yin; Do Young Park; Young Jick Kim; Hye Jung Ahn; Seung-Hyun Yoo; Byoung‐Hyun Min,2020,article,BMC Musculoskeletal Disorders,5,Q02,no
10.1186/s13007-016-0135-5,10.1186/s13007-016-0135-5,https://openalex.org/W2468413650,"An automated, cost-effective and scalable, flood-and-drain based root phenotyping system for cereals",Michał Słota; M. Małuszyński; Iwona Szarejko,2016,article,Plant Methods,19,Q08,no
10.1186/s40349-016-0079-2,10.1186/s40349-016-0079-2,https://openalex.org/W2596224980,International Society for Therapeutic Ultrasound Conference 2016,J. Brian Fowlkes; Pejman Ghanouni; Narendra T. Sanghvi; Constantin Coussios; Paul Lyon; Michael Gray; Christophoros Mannaris; Marie de Saint Victor; Eleanor Stride; Robin O. Cleveland; Robert Carlisle; Feng Wu; Mark R. Middleton; Fergus Gleeson; Jean-Franҫois Aubry; Kim Butts Pauly; Chrit Moonen; Jacob Vortman; Pejman Ghanouni; Shirley Sharabi; Dianne Daniels; David Last; David Guez; Yoav Levy; Alexander Volovick; Javier Grinfeld; Itay Rachmilevich; Talia Amar; Zion Zibly; Yael Mardor; Sagi Harnof; Michael Plaksin; Yoni Weissler; Shy Shoham; Eitan Kimmel; Omer Naor; Nairouz Farah; Shy Shoham; Dong‐Guk Paeng; Zhiyuan Xu; John Snell; Anders Quigg; Matthew Eames; Changzhu Jin; Ashli Everstine; Jason P. Sheehan; Beatriz S. Lopes; Neal F. Kassell; Thomas Looi; Vera A. Khokhlova; Charles Mougenot; Kullervo Hynynen; James Drake; Michael H. Slayton; Richard C. Amodei; Keegan B. Compton; Ashley McNelly; L. Daniel Latt; Michael H. Slayton; Richard C. Amodei; Keegan B. Compton; John Kearney; David Melodelima; Aurélien Dupré; Yao Chen; David Pérol; Jérémy Vincenot; Jean-Yves Chapelon; Michel Rivoire; Wei Guo; Guoxin Ren; Guofeng Shen; Michael Neidrauer; Leonid Zubkov; Michael S. Weingarten; David J. Margolis; Peter A. Lewin; Nathan McDannold; Jonathan Sutton; Natalia Vykhodtseva; Margaret S. Livingstone; Thiele Kobus; Yongzhi Zhang; Natalia Vykhodtseva; Nathan McDannold; Michael Schwartz; Yuexi Huang; Nir Lipsman; Jennifer Jain; Martin Chapman; Tejas Sankar; Andrés M. Lozano; Kullervo Hynynen; Michael Schwartz; Robert Yeung; Yuexi Huang; Nir Lipsman; Jennifer Jain; Martin Chapman; Andrés M. Lozano,2017,article,Journal of Therapeutic Ultrasound,22,Q09,no
10.1186/s40494-021-00620-2,10.1186/s40494-021-00620-2,https://openalex.org/W4200497857,Physical modelling techniques for the dynamical characterization and sound synthesis of historical bells,Miguel Carvalho; Vincent Debut; José Antunes,2021,article,Heritage Science,12,Q05,no
10.1186/s40494-023-00870-2,10.1186/s40494-023-00870-2,https://openalex.org/W4319300242,Manufacturing of ceramic venus figurine replica from a mold by combining traditional and digital technologies,Sunita Saha; Anna Tomkowska; Jacek Martusewicz; Robert Sitnik,2023,article,Heritage Science,5,Q05,no
10.1186/s40648-017-0076-4,10.1186/s40648-017-0076-4,https://openalex.org/W2592474752,Development of an actuation system based on water jet propulsion for a slim long-reach robot,Jose A. Silva Rico; Gen Endo; Shigeo Hirose; Hiroya Yamada,2017,article,ROBOMECH Journal,30,Q08,no
10.1186/s40657-017-0082-5,10.1186/s40657-017-0082-5,https://openalex.org/W2753711099,Waders (Scolopacidae) surviving despite malaligned leg fractures in the wild: kinematics of bipedal locomotion,Jessica Reichert; Gérald Mayr; Thomas Wilke; Winfried S. Peters,2017,article,Avian Research,3,Q05,no
10.1186/s43074-023-00101-8,10.1186/s43074-023-00101-8,https://openalex.org/W4385253817,Ultrafast laser-induced self-organized nanostructuring in transparent dielectrics: fundamentals and applications,Bo Zhang; Zhuo Wang; Dezhi Tan; Jiangrong Qiu,2023,article,PhotoniX,71,Q05,no
10.1186/s44147-026-01070-y,10.1186/s44147-026-01070-y,https://openalex.org/W7163864883,Investigation of mechanical properties of PLA-SCF additively manufactured prosthetic sockets,Mahesh Raut; Puskaraj D. Sonawwanay; Vivek Patel,2026,article,Journal of Engineering and Applied Science,0,Q05,no
10.1208/pt070245,10.1208/pt070245,https://openalex.org/W2077023096,Characterization of microemulsion structures in the pseudoternary phase diagram of isopropyl palmitate/water/Brij 97:1-butanol,Prapaporn Boonme; Karen Krauel; Anja Graf; Thomas Rades; Varaporn Buraphacheep Junyaprasert,2006,article,AAPS PharmSciTech,121,Q04,no
10.1243/0309324001514422,10.1243/0309324001514422,https://openalex.org/W2097402081,Measurement and prediction of residual stresses in thick-section steel welds,David J. Smith; P. J. Bouchard; Daniel George,2000,article,The Journal of Strain Analysis for Engineering Design,148,Q02,no
10.1243/030932403762671908,10.1243/030932403762671908,https://openalex.org/W2167996673,Improved data reduction for the deep-hole method of residual stress measurement,Adrian T. DeWald; Michael R. Hill,2003,article,The Journal of Strain Analysis for Engineering Design,30,Q02,yes
10.12677/airr.2025.144078,10.12677/airr.2025.144078,https://openalex.org/W4412188231,Research on Endoscopic Measurement Method for Surface Defect Characteristics in Deep Holes,鹏飞 许,2025,article,Artificial Intelligence and Robotics Research,0,Q02,yes
10.12688/f1000research.8249.1,10.12688/f1000research.8249.1,https://openalex.org/W2342174236,Flagellar membrane fusion and protein exchange in trypanosomes; a new form of cell-cell communication?,Simon Imhof; Cristina Fragoso; Andrew Hemphill; Conrad von Schubert; Li Dong; Wesley R. Legant; Eric Betzig; Isabel Roditi,2016,article,F1000Research,26,Q05,no
10.1299/jamdsm.2024jamdsm0045,10.1299/jamdsm.2024jamdsm0045,https://openalex.org/W4399796781,Cutting process in non-step drilling of deep hole with tool wear progress,Shoichi Tamura; Takashi Matsumura,2024,article,Journal of Advanced Mechanical Design Systems and Manufacturing,2,Q02,no
10.1299/jamdsm.4.995,10.1299/jamdsm.4.995,https://openalex.org/W2165718201,Development of a System for Measuring Micro Hole Accuracy Using an Optical Fiber Probe,Hiroshi Murakami; Akio Katsuki; Hiromichi Onikura; Takao Sajima; Norio KAWAGOISHI; Eiji Kondo,2010,article,Journal of Advanced Mechanical Design Systems and Manufacturing,40,Q03;Q04,yes
10.1299/jamdsm.6.764,10.1299/jamdsm.6.764,https://openalex.org/W2084585036,Improvement of Laser Trapping Based Microprobe in Laser Shaded Condition,Masaki Michihata; Yasuhiro Takaya; Terutake Hayashi,2012,article,Journal of Advanced Mechanical Design Systems and Manufacturing,5,Q03,no
10.1299/jfst.2014jfst0026,10.1299/jfst.2014jfst0026,https://openalex.org/W2086156165,Quantitative flow imaging approach to flow-acoustic coupling in pipeline-cavity systems,Peter Oshkai,2014,article,Journal of Fluid Science and Technology,10,Q08,no
10.1299/jsdd.2.24,10.1299/jsdd.2.24,https://openalex.org/W2075167631,Field Experiences of Gas Turbines Vibrations-A Review and Case Studies,M. Salman Leong,2008,article,Journal of System Design and Dynamics,10,Q12,no
10.1299/jsmelem.2009.5.763,10.1299/jsmelem.2009.5.763,https://openalex.org/W385835840,D28 Development of a Measuring System for Micro Hole Accuracy Using an Optical Fiber Probe : Evaluation of Measurement Repeatability(Nano/micro measurement and intelligent instruments),Hiroshi Murakami; Akio Katsuki; Hiromichi Onikura; Takao Sajima; Norio KAWAGOISHI; Eiji Kondo; Tomohiro Honda,2009,conference-paper,Proceedings of International Conference on Leading Edge Manufacturing in 21st century LEM21,0,Q03,yes
10.13097/archive-ouverte/unige:115081,10.13097/archive-ouverte/unige:115081,https://openalex.org/W2987398958,Black lipid membranes: investigation of their properties and their application in the characterization of active membrane components,Maria Tsemperouli,2018,dissertation,Archive ouverte UNIGE (University of Geneva),0,Q09,no
10.13130/vezzoli-stefano_phd2013-07-12,10.13130/vezzoli-stefano_phd2013-07-12,https://openalex.org/W837812518,EXPERIMENTAL STUDY OF NANOCRYSTALS AS SINGLE PHOTON SOURCES,Stefano Vezzoli,2013,dissertation,Archivio Istituzionale della Ricerca (Universita Degli Studi Di Milano),0,Q09,no
10.13140/rg.2.2.26204.03207,10.13140/rg.2.2.26204.03207,https://openalex.org/W2967541120,Surface texture measurement of metal additively manufactured parts by X-ray computed tomography,Adam Thompson,2019,dissertation,Nottingham ePrints (University of Nottingham),11,Q11,no
10.13182/fst07-a1440,10.13182/fst07-a1440,https://openalex.org/W2342483888,Design and Use of a Novel Apparatus for Measuring Capsule Fill Hole Conductance,R. Seugling; W Nederbragt; J L Klingmann; S. L. Edson; Jack Reynolds; Robert Cook,2007,article,Fusion Science & Technology,5,Q09,yes
10.1351/pac-con-08-10-10,10.1351/pac-con-08-10-10,https://openalex.org/W2105054574,Near-field optical probes provide subdiffraction-limited excitation areas for fluorescence correlation spectroscopy on membranes,Dušan Vobornik; Daniel S. Banks; Zhengfang Lu; Cécile Fradin; Rod S. Taylor; Linda J. Johnston,2009,article,Pure and Applied Chemistry,5,Q04,no
10.1364/ao.48.0000h1,10.1364/ao.48.0000h1,https://openalex.org/W2062398157,Multiwavelength digital holography with autocalibration of phase shifts and artificial wavelengths,Daniel Carl; Markus Fratz; Marcel Pfeifer; Dominik Giel; H. Höfler,2009,article,Applied Optics,71,Q02,no
10.1364/ao.55.001034,10.1364/ao.55.001034,https://openalex.org/W2433702696,Flexible calibration method for an inner surface detector based on circle structured light,Ye Zhu; Yonggang Gu; Yi Jin; Chao Zhai,2016,article,Applied Optics,22,Q05,yes
10.1364/ao.604753,10.1364/ao.604753,https://openalex.org/W7164371738,Multisensor fusion-based laser scanning method for precision measurement of specially shaped deep holes,Da Xie; Yu Deng; Linzhe Deng; Chunyang Wang; Chuiyang Yu; Xuelian Liu; Huan Wu,2026,article,Applied Optics,0,Q02,yes
10.1364/boe.5.001403,10.1364/boe.5.001403,https://openalex.org/W2085459978,Laser induced surface acoustic wave combined with phase sensitive optical coherence tomography for superficial tissue characterization: a solution for practical application,Chunhui Li; Guangying Guan; Fan Zhang; Ghulam Nabi; Ruikang K. Wang; Zhihong Huang,2014,article,Biomedical Optics Express,52,Q10,no
10.1364/boe.517920,10.1364/boe.517920,https://openalex.org/W4392547404,Single-fiber probes for combined sensing and imaging in biological tissue: recent developments and prospects,Jiawen Li; Stephen C. Warren‐Smith; Robert A. McLaughlin; Heike Ebendorff‐Heidepriem,2024,article,Biomedical Optics Express,8,Q04,no
10.1364/josab.25.000a81,10.1364/josab.25.000a81,https://openalex.org/W2162254803,Measuring the spatiotemporal electric field of ultrashort pulses with high spatial and spectral resolution,Pamela Bowlan; Pablo Gabolde; Matthew A. Coughlan; Rick Trebino; Robert J. Levis,2008,article,Journal of the Optical Society of America B,74,Q04,no
10.1364/oe.11.002775,10.1364/oe.11.002775,https://openalex.org/W2010937819,Particle trapping in 3-D using a single fiber probe with an annular light distribution,R. S. Taylor; Cyril Hnatovsky,2003,article,Optics Express,68,Q04,no
10.1364/oe.14.001658,10.1364/oe.14.001658,https://openalex.org/W2098519018,The effect of higher-order dispersion on slow light propagation in photonic crystal waveguides,R.J.P. Engelen; Yoshimasa Sugimoto; Yoshinori Watanabe; Jeroen P. Korterik; Naoki Ikeda; N.F. van Hulst; K. Asakawa; L. Kuipers,2006,article,Optics Express,161,Q04,no
10.1364/oe.18.016513,10.1364/oe.18.016513,https://openalex.org/W2025761145,Hyperspectral imaging with scanning near-field optical microscopy: applications in plasmonics,Jean‐Sebastien G. Bouillard; Sébastien Vilain; Wayne Dickson; A. V. Zayats,2010,article,Optics Express,53,Q04,no
10.1364/oe.18.021826,10.1364/oe.18.021826,https://openalex.org/W2159590568,Femtosecond laser micromachining of fused silica molds,Frédéric Madani-Grasset; Yves Bellouard,2010,article,Optics Express,31,Q09,no
10.1364/oe.21.028559,10.1364/oe.21.028559,https://openalex.org/W2001009621,Demonstration of amplified data transmission at 2 µm in a low-loss wide bandwidth hollow core photonic bandgap fiber,M. N. Petrovich; Francesco Poletti; J. P. Wooler; Alexander M. Heidt; N. K. Baddela; Zhentao Li; D. R. Gray; Radan Slavı́k; Francesca Parmigiani; Natalie V. Wheeler; J. R. Hayes; E. Numkam; Lars Grüner-Nielsen; Bera Pálsdóttir; Richard Phelan; Brian Kelly; John O’Carroll; Martin Becker; N. MacSuibhne; Jian Zhao; Fatima C. Garcia Gunning; A.D. Ellis; Periklis Petropoulos; S. U. Alam; David J. Richardson,2013,article,Optics Express,130,Q04,no
10.1364/oe.414674,10.1364/oe.414674,https://openalex.org/W3112647461,Astigmatic hybrid SU(2) vector vortex beams: towards versatile structures in longitudinally variant polarized optics,Zhaoyang Wang; Yijie Shen; Darryl Naidoo; Xing Fu; Andrew Forbes,2020,article,Optics Express,27,Q05,no
10.1364/oe.458162,10.1364/oe.458162,https://openalex.org/W4225398594,Magnetically sensitive fiber probe with nitrogen-vacancy center nanodiamonds integrated in a suspended core,Adam Filipkowski; Mariusz Mrózek; Grzegorz Stępniewski; Maciej J. Głowacki; Dariusz Pysz; Wojciech Gawlik; Ryszard Buczyński; Mariusz Klimczak; Adam M. Wojciechowski,2022,article,Optics Express,19,Q04,no
10.1364/ol.28.001323,10.1364/ol.28.001323,https://openalex.org/W1995112688,Low-coherence interferometric tip-clearance probe,Andreas Kempe; Stefan Schlamp; Thomas Rösgen; Ken Haffner,2003,article,Optics Letters,49,Q12,yes
10.1364/ol.30.001021,10.1364/ol.30.001021,https://openalex.org/W2107143064,Miniature fiber-optic multicavity Fabry–Perot interferometric biosensor,Yan Zhang; Helen Shibru; Kristie L. Cooper; Anbo Wang,2005,article,Optics Letters,118,Q04,yes
10.1364/ol.36.004392,10.1364/ol.36.004392,https://openalex.org/W2037879505,Stationary-fiber rotary probe with unobstructed 360° view for optical coherence tomography,Shoude Chang; E. G. Murdock; Youxin Mao; Costel Flueraru; John Disano,2011,article,Optics Letters,27,Q04,no
10.1364/ol.41.000497,10.1364/ol.41.000497,https://openalex.org/W2414051937,High-resolution wavefront shaping with a photonic crystal fiber for multimode fiber imaging,Lyubov V. Amitonova; Adrien Descloux; J. Petschulat; Michael H. Frosz; Goran Ahmed; Fehim Babic; Xin Jiang; Allard P. Mosk; P. St. J. Russell; Pepijn W. H. Pinkse,2016,article,Optics Letters,69,Q04,no
10.1364/optica.6.000269,10.1364/optica.6.000269,https://openalex.org/W2902493952,Mapping complex mode volumes with cavity perturbation theory,Kévin G. Cognée; Wei Yan; Federico La China; Dario Balestri; Francesca Intonti; Massimo Gurioli; A. Femius Koenderink; Philippe Lalanne,2019,article,Optica,51,Q04,no
10.1364/opticaopen.22968014.v1,10.1364/opticaopen.22968014.v1,https://openalex.org/W4377241326,Accelerated fixed-point iterative reconstruction for fiber borescope imaging,Zheyuan Zhu; Dewan Saiham; Andrew G. Klein; Shuo Pang,2023,preprint,,0,Q08,yes
10.1364/opticaopen.22968014.v2,10.1364/opticaopen.22968014.v2,https://openalex.org/W4382559776,Accelerated fixed-point iterative reconstruction for fiber borescope imaging,Zheyuan Zhu; Dewan Saiham; Andrew G. Klein; Shuo Pang,2023,preprint,,0,Q08,yes
10.1364/opticaopen.23650287.v1,10.1364/opticaopen.23650287.v1,https://openalex.org/W4383737474,High sensitivity optical fiber probe for simultaneous measurement of chloride ions and temperature,Weihong Bi; Li Xia; Yu Li; Chenxiao Wang; Wa Jin; Guangwei Fu; Xinghu Fu,2023,preprint,,0,Q04,no
10.1364/osac.2.000839,10.1364/osac.2.000839,https://openalex.org/W2921307207,Measurement model of the omnidirectional structured-light vision and its calibration method,Rongfang He; Chang Liu; Zhou Zhang; Junhua Sun,2019,article,OSA Continuum,6,Q05,no
10.1364/prj.420672,10.1364/prj.420672,https://openalex.org/W3172953701,Hollow-core antiresonant terahertz fiber-based TOPAS extruded from a 3D printer using a metal 3D printed nozzle,Wanvisa Talataisong; Jon Gorecki; Lieke Dorine van Putten; Rand Ismaeel; James Williamson; Katie Addinall; Daniel Schwendemann; Martynas Beresna; Vasilis Apostolopoulos; Gilberto Brambilla,2021,article,Photonics Research,54,Q04,no
10.1364/sensors.2018.seth2e.4,10.1364/sensors.2018.seth2e.4,https://openalex.org/W2810055934,Optical Fibre-Based Reflective Displacement Sensing System for High Sensitivity Blade Tip-Clearance Measurements,Josu Amorebieta; Rubén Fernández; Gaizka Durana; Josu Beloki; Joseba Zubía,2018,conference-paper,"Advanced Photonics 2018 (BGPP, IPR, NP, NOMA, Sensors, Networks, SPPCom, SOF)",0,Q12,yes
10.1371/journal.pmed.1001644,10.1371/journal.pmed.1001644,https://openalex.org/W2168270561,Fecal Contamination of Drinking-Water in Low- and Middle-Income Countries: A Systematic Review and Meta-Analysis,Robert Bain; Ryan Cronk; Jim Wright; Hong Yang; Tom Slaymaker; Jamie Bartram,2014,review,PLoS Medicine,610,Q02,no
10.1371/journal.pone.0000302,10.1371/journal.pone.0000302,https://openalex.org/W2101275612,A Positive Regulatory Loop between foxi3a and foxi3b Is Essential for Specification and Differentiation of Zebrafish Epidermal Ionocytes,Chung‐Der Hsiao; May‐Su You; Ying-Jey Guh; Ming Ma; Yun‐Jin Jiang; Pung‐Pung Hwang,2007,article,PLoS ONE,144,Q09,no
10.1371/journal.pone.0071552,10.1371/journal.pone.0071552,https://openalex.org/W2165354306,"Research Tools to Investigate Movements, Migrations, and Life History of Sturgeons (Acipenseridae), with an Emphasis on Marine-Oriented Populations",Troy C. Nelson; Phaedra Doukakis; Steven T. Lindley; Andrea Schreier; Joseph E. Hightower; Larry R. Hildebrand; Rebecca Whitlock; Molly A. H. Webb,2013,article,PLoS ONE,56,Q08,no
10.1371/journal.pone.0105224,10.1371/journal.pone.0105224,https://openalex.org/W2001076148,"Integrative Advances for OCT-Guided Ophthalmic Surgery and Intraoperative OCT: Microscope Integration, Surgical Instrumentation, and Heads-Up Display Surgeon Feedback",Justis P. Ehlers; Sunil K. Srivastava; Daniel Feiler; Amanda I. Noonan; Andrew M. Rollins; Yuankai K. Tao,2014,article,PLoS ONE,122,Q04,no
10.1371/journal.pone.0150278,10.1371/journal.pone.0150278,https://openalex.org/W2278147799,"The First Interlaced Continuum Robot, Devised to Intrinsically Follow the Leader",Byungjeon Kang; Risto Kojcev; Edoardo Sinibaldi,2016,article,PLoS ONE,58,Q08,no
10.1371/journal.pone.0175569,10.1371/journal.pone.0175569,https://openalex.org/W2606015934,New insights into valve-related intramural and intracellular bacterial diversity in infective endocarditis,Andreas Oberbach; Nadine Schlichting; Stefan Feder; Stefanie Lehmann; Yvonne Kullnick; Tilo Buschmann; Conny Blumert; Friedemann Horn; Jochen Neuhaus; Ralph Neujahr; Erik Bagaev; Christian Hagl; Maximilian Pichlmaier; Arne C. Rodloff; Sandra Gräber; Katharina Kirsch; Marcus Sandri; Vivek Kumbhari; Armirhossein Behzadi; Amirali Behzadi; João Carlos Correia; Friedrich W. Mohr; Maik Friedrich,2017,article,PLoS ONE,26,Q09,no
10.1371/journal.pone.0199155,10.1371/journal.pone.0199155,https://openalex.org/W2809208997,Analysis of polarized-light effects in glass-promoting solutions with applications to cryopreservation and organ banking,Prem K. Solanki; Yoed Rabin,2018,article,PLoS ONE,7,Q08,no
10.1371/journal.pone.0214120,10.1371/journal.pone.0214120,https://openalex.org/W2928323355,Low-cost sensor-integrated 3D-printed personalized prosthetic hands for children with amniotic band syndrome: A case study in sensing pressure distribution on an anatomical human-machine interface (AHMI) using 3D-printed conformal electrode arrays,Yuxin Tong; Ezgi Küçükdeğer; Justin Halper; Ellen Cesewski; Elena Karakozoff; Alexander P. Haring; David McIlvain; Manjot Singh; Nikita Khandelwal; Alex Meholic; Sahil Laheri; Akshay Sharma; Blake N. Johnson,2019,article,PLoS ONE,37,Q05,no
10.1371/journal.pone.0301361,10.1371/journal.pone.0301361,https://openalex.org/W4394856565,The internal and marginal adaptation of lithium disilicate endocrowns fabricated using intra and extraoral scanners: An in-vitro study,Marzieh Akhlaghian; Amir-Alireza Khaledi; Seyed Ali Mosaddad; Sana Dabiri; Rashin Giti; Farhad Kadkhodae; Shabnam Gholami,2024,article,PLoS ONE,3,Q05,no
10.14257/ijca.2016.9.3.38,10.14257/ijca.2016.9.3.38,https://openalex.org/W2314401269,Simulation about Warm Forming Deep Hole in Sheet,Xiaowei Xu; Z.R. Chen; Xiaochen Ma; Feng Guo,2016,article,International Journal of Control and Automation,0,Q02,no
10.14288/1.0058980,10.14288/1.0058980,https://openalex.org/W2290824782,Electrostatic charging in gas-solid fluidized beds,Ah‐Hyung Alissa Park,2009,dissertation,cIRcle (University of British Columbia),31,Q04,no
10.14288/1.0073707,10.14288/1.0073707,https://openalex.org/W2315253273,Microfabricated electromagnetic actuators for confocal measurements and imaging,Hadi Mansoor,2013,dissertation,cIRcle (University of British Columbia),1,Q10,no
10.14445/23488360/ijme-v11i8p105,10.14445/23488360/ijme-v11i8p105,https://openalex.org/W4402577920,Review of Parameters for Enhancing the Deep Hole Drilling Process Using Cutting Fluids,Dharmendra J. Patel; Pravin P. Rathod; Makwana V.M.; Jaradi P.K; Chandrala M.M,2024,article,International Journal of Mechanical Engineering,1,Q02,no
10.14569/ijacsa.2023.0140641,10.14569/ijacsa.2023.0140641,https://openalex.org/W4383426503,Automated Type Identification and Size Measurement for Low-Voltage Metering Box Based on RGB-Depth Image,Pengyuan Liu; Xurong Jin; Shaokui Yan; Tingting Hu; Yuanfeng Zhou; Ling He; Xiaomei Yang,2023,article,International Journal of Advanced Computer Science and Applications,0,Q05,no
10.14716/ijtech.v9i4.455,10.14716/ijtech.v9i4.455,https://openalex.org/W2884566303,Discriminant Analysis as a Tool for Detecting the Acoustic Signals of Termites Coptotermes Curvignathus (Isoptera: Rhinotermitidae),Muhammad Achirul Nanda; Kudang Boro Seminar; Dodi Nandika; Akhiruddin Maddu,2018,article,International Journal of Technology,39,Q08,no
10.14810/ijmech.2015.4201,10.14810/ijmech.2015.4201,https://openalex.org/W4249425169,Blade Tip Clearance Measurement using Microwave Sensing System,Anwesha Dutta; Shivangi; J Valarmathi,2015,article,International Journal of Recent advances in Mechanical Engineering,4,Q12,yes
10.14945/00009603,10.14945/00009603,https://openalex.org/W2433500971,Experimental study of single-tip optical fiber probing in dispersed gas-liquid two-phase flow and micro-processing of the optical fiber probe using the femtosecond pulse laser,Yuki Mizushima,2015,dissertation,Shizuoka University Repository (Shizuoka University),0,Q04,no
10.15017/1441225,10.15017/1441225,https://openalex.org/W2292924324,Development of Automatic Measurement System for Surface Profiles,Ali Md Hazrat,2014,dissertation,Institutional Repositories DataBase (IRDB),0,Q03;Q09,no
10.15083/00075261,10.15083/00075261,https://openalex.org/W2891023015,Development of Electrostatic Induction Feeding EDM with Controlled Pulse Train Method,Binti-Mohd Abbas Norliana,2016,dissertation,Institutional Repositories DataBase (IRDB),1,Q09,no
10.1515/bpasts-2015-0010,10.1515/bpasts-2015-0010,https://openalex.org/W840703494,Non-destructive and semi-destructive diagnostics of concrete structures in assessment of their durability,Jerzy Hoła; Jan Bień; Łukasz Sadowski; Krzysztof Schabowicz,2015,article,Bulletin of the Polish Academy of Sciences Technical Sciences,123,Q08,no
10.1515/itit-2022-0006,10.1515/itit-2022-0006,https://openalex.org/W4294190884,Advances in digital pottery analysis,Stephan Karl; Peter Houska; Stefan Lengauer; Jessica Haring; Elisabeth Trinkl; Reinhold Preiner,2022,article,it - Information Technology,13,Q05,no
10.1515/msr-2015-0008,10.1515/msr-2015-0008,https://openalex.org/W2567226474,3D Hole Inspection Using Lens with High Field Curvature,P. S. Zavyalov,2015,article,Measurement Science Review,10,Q06,yes
10.1515/nanoph-2013-0033,10.1515/nanoph-2013-0033,https://openalex.org/W2025707644,Optical microfibers and nanofibers,Xiaoqin Wu; Limin Tong,2013,article,Nanophotonics,169,Q04,no
10.1515/nanoph-2018-0173,10.1515/nanoph-2018-0173,https://openalex.org/W2913523451,Portable tumor biosensing of serum by plasmonic biochips in combination with nanoimprint and microfluidics,Jianyang Zhou; Feng Tao; Jinfeng Zhu; Shaowei Lin; Zhengying Wang; Xiang Wang; Jun‐Yu Ou; Yuan Li; Qing Liu,2018,article,Nanophotonics,55,Q04,no
10.1515/nanoph-2020-0079,10.1515/nanoph-2020-0079,https://openalex.org/W3034102698,Tip‐enhanced photoluminescence nano‐spectroscopy and nano‐imaging,Hyeongwoo Lee; Dong Yun Lee; Min Gu Kang; Yeonjeong Koo; Tae-Hyun Kim; Kyoung‐Duck Park,2018,article,Nanophotonics,87,Q04,no
10.1515/nanoph-2020-0373,10.1515/nanoph-2020-0373,https://openalex.org/W3084232068,Metasurfaces for biomedical applications: imaging and sensing from a nanophotonics perspective,Shuyan Zhang; Chi Lok Wong; Shuwen Zeng; Renzhe Bi; Kolvyn Tai; Kishan Dholakia; Malini Olivo,2020,article,Nanophotonics,267,Q04,no
10.1515/tjj-2025-0035,10.1515/tjj-2025-0035,https://openalex.org/W7161827916,Experimental study on flow field measurements inside the tip clearance of an axial compressor using PIV,Zhiliang Xue; Zhihong Liao; Jianqi Shen; Yonggang Zhou; Qiwen Jin; Xuecheng Wu,2026,article,International Journal of Turbo and Jet Engines,0,Q12,yes
10.1520/mpc20170091,10.1520/mpc20170091,https://openalex.org/W2780556799,Multiscale Measurements of Residual Stress in a Low-Alloy Carbon Steel Weld Clad with IN625 Superalloy,G. Benghalia; S. Rahimi; JodiAnne T. Wood; Harry Coules; Sanjooram Paddea,2018,article,Materials Performance and Characterization,10,Q02,no
10.1520/stp25462s,10.1520/stp25462s,https://openalex.org/W1783132416,Assessment of Building Facades in Masonry and Stone,SE Thomasen; CL Searls,1990,book-chapter,,5,Q08,no
10.15221/11.164,10.15221/11.164,https://openalex.org/W2039237716,"Automated Generation of Human Models from Scan Data in Anatomically Correct Postures for Rapid Development of Close-Fitting, Functional Garments",Christine Meixner; Sybille Krzywinski,2011,conference-paper,,2,Q05,no
10.15221/13.211,10.15221/13.211,https://openalex.org/W1993970239,High Accuracy Passive Photogrammetry 3D Body Scanner,Antonio José Fernández Pérez; Rubén Múñiz; Juan I. Luengo; Efren Vigil,2013,conference-paper,,0,Q05,no
10.1523/jneurosci.0557-05.2005,10.1523/jneurosci.0557-05.2005,https://openalex.org/W2012848446,Mesocortical Dopamine Neurons Operate in Distinct Temporal Domains Using Multimodal Signaling,Antonieta Lavı́n; Lourdes M. Nogueira; Christopher C. Lapish; R. Mark Wightman; Paul E. M. Phillips; Jeremy K. Seamans,2005,article,Journal of Neuroscience,231,Q04,no
10.1523/jneurosci.3011-14.2014,10.1523/jneurosci.3011-14.2014,https://openalex.org/W2103669147,Topographic Mapping between Basal Forebrain Cholinergic Neurons and the Medial Prefrontal Cortex in Mice,Bernard Bloem; Luc Schoppink; Diana C. Rotaru; Amu Faiz; Patrick Hendriks; Huibert D. Mansvelder; Wilma D. J. van de Berg; Floris G. Wouterlood,2014,article,Journal of Neuroscience,147,Q04,no
10.1529/biophysj.104.052795,10.1529/biophysj.104.052795,https://openalex.org/W1989223816,λ-Repressor Oligomerization Kinetics at High Concentrations Using Fluorescence Correlation Spectroscopy in Zero-Mode Waveguides,Kevan T. Samiee; Mathieu Foquet; Linjie Guo; Elizabeth H. Cox; Harold G. Craighead,2004,article,Biophysical Journal,101,Q02;Q09,no
10.15376/biores.15.3.7178-7190,10.15376/biores.15.3.7178-7190,https://openalex.org/W3046374919,Influence of tissue paper converting conditions on finished product softness,António de O. Mendes; Joana C. Vieira; Ana M. Carta; Enrico Galli; Rogério Simões; M. Santos Silva; Ana Paula Costa; Paulo T. Fiadeiro,2020,article,BioResources,14,Q09,no
10.1590/s0103-90161999000500010,10.1590/s0103-90161999000500010,https://openalex.org/W2063623792,Distribuição do sistema radicular de uma cultura de aveia forrageira,L. Fante; Klaus Reichardt; Lúcio André de Castro Jorge; Osny Oliveira Santos Bacchi,1999,article,Scientia Agricola,14,Q08,no
10.1590/s0104-66322007000300008,10.1590/s0104-66322007000300008,https://openalex.org/W2111659339,The effect of vibration on bed voidage behaviors in fluidized beds with large particles,Haibo Jin; J. Zhang; B. Zhang,2007,article,Brazilian Journal of Chemical Engineering,7,Q04,no
10.1590/s1678-58782004000400006,10.1590/s1678-58782004000400006,https://openalex.org/W4234672745,Flow measurements,K. D. Jensen,2004,article,Journal of the Brazilian Society of Mechanical Sciences and Engineering,56,Q04,no
10.1617/s11527-018-1254-4,10.1617/s11527-018-1254-4,https://openalex.org/W2895842152,Understanding of historical masonry for conservation approaches: the contribution of Prof. Luigia Binda to research advancement,Anna Anzani; Giuliana Cardani; Paola Condoleo; Elsa Garavaglia; A. Saisi; C. Tedeschi; Claudia Tiraboschi; María Rosa Valluzzi,2018,article,Materials and Structures,31,Q08,no
10.17504/protocols.io.6qpvr3dqovmk/v1,10.17504/protocols.io.6qpvr3dqovmk/v1,https://openalex.org/W4407682107,Multi-Site Optic Fiber Implants v1,Avalon Amaya; Kenta M. Hagihara; Benjamin Ouellette; Conor Grasso,2023,preprint,,1,Q04,no
10.17559/tv-20220401232505,10.17559/tv-20220401232505,https://openalex.org/W4294539207,An Innovative Photogrammetric System for 3D Digitization of Dental Models,Željko Santoši; Igor Budak; Mario Šokac; Miloš Kuzmanović; Djordje Vukelić,2022,article,Tehnicki vjesnik - Technical Gazette,3,Q05,no
10.17567/ataunidfd.713422,10.17567/ataunidfd.713422,https://openalex.org/W3041918072,DİŞ HEKİMLİĞİNDE GÜNCEL İNTRAORAL TARAYICILAR,Halil BAKIÇ; Mustafa KOCACIKLI; Turan Korkmaz,2020,article,Atatürk Üniversitesi Diş Hekimliği Fakültesi Dergisi,3,Q05,no
10.17756/nwj.2023-s4-008,10.17756/nwj.2023-s4-008,https://openalex.org/W4390799389,Experimental Investigation of Kerf Angle and Drilling Rate in AWJM Deep Hole Drilling on SSAISI 316L,,2023,article,NanoWorld Journal,2,Q02,no
10.17760/d20323962,10.17760/d20323962,https://openalex.org/W3111179480,Development and validation of technology for fluorescence detection and enumeration of extremely rare circulating cells in vivo,Xuefei Tan,2019,dissertation,,1,Q04,no
10.17863/cam.14276,10.17863/cam.14276,https://openalex.org/W754132273,The effect of sintering and CMAS on the stability of plasma-sprayed zirconia thermal barrier coatings,Maya Shinozaki,2013,dissertation,Apollo (University of Cambridge),3,Q08,no
10.17869/enu.269081,10.17869/enu.269081,https://openalex.org/W1494259181,"Daylighting performance of tubular solar light pipes: measurement, modelling and validation.",Xiaodong Zhang,2026,dissertation,Research Output (Edinburgh Napier University),16,Q05,yes
10.17877/de290r-7713,10.17877/de290r-7713,https://openalex.org/W2158663708,Monitoring strategies for chatter detection in a drilling process,Amor Messaoud,2007,dissertation,Technische Universität Dortmund Eldorado (Technische Universität Dortmund),5,Q02,no
10.18287/2412-6179-co-1326,10.18287/2412-6179-co-1326,https://openalex.org/W4387910597,Investigation of polarization transformations performed with a refractive bi-conical axicon using the FDTD method,"Pavel A. Khorin; IPSI RAS – Branch of the FSRC “Crystallography and Photonics” RAS; A.M. Algubili; S. A. Degtyarev; IPSI RAS - Branch of the FSRC “Crystallography and Photonics” RAS; S. K. Sergunin; С. В. Карпеев; IPSI RAS - Branch of the FSRC “Crystallography and Photonics” RAS; S.N. Khonina 1,2; IPSI RAS - Branch of the FSRC “Crystallography and Photonics” RAS",2023,article,Computer Optics,5,Q05,no
10.18494/sam.2012.777,10.18494/sam.2012.777,https://openalex.org/W2287077708,Precision Profile Measurement System for Microholes Using Vibrating Optical Fiber,,2012,article,Sensors and Materials,3,Q04,yes
10.19080/etoaj.2021.04.555626,10.19080/etoaj.2021.04.555626,https://openalex.org/W3181626638,A Literature Review of Non-Contact Tools and Methods in Structural Health Monitoring,Sebastian Tamayo Vegas,2021,article,Engineering Technology Open Access Journal,12,Q12,no
10.19206/ce-117241,10.19206/ce-117241,https://openalex.org/W775809797,Measurement methods in marine engine endoscopy,Zbigniew Korczewski,2008,article,Silniki Spalinowe/Combustion Engines,1,Q08,no
10.19206/ce-150503,10.19206/ce-150503,https://openalex.org/W4284673013,Effect of deposition of carbon deposits on charge flow in EGR valve in CI engine,Marek Woźniak; Krzysztof Siczek; S. Zakrzewski; P. Just; Gustavo Ozuna; Constantin Onescu,2022,article,Silniki Spalinowe/Combustion Engines,3,Q05,no
10.20944/preprints202107.0077.v1,10.20944/preprints202107.0077.v1,https://openalex.org/W3178296821,High Temperature Magnetic Sensors,Edward Rokicki; Radosław Przysowa; Jerzy Kotkowski; Paweł Majewski,2021,preprint,Preprints.org,4,Q12,no
10.20944/preprints202306.0348.v1,10.20944/preprints202306.0348.v1,https://openalex.org/W4379375053,Core Needle Biopsy Guidance Based on Tissue Morphology Assessment With AI-OCT Imaging,Gopi Maguluri; John Grimble; Aliana Caron; Ge Zhu; Savitri Krishnamurthy; Amanda McWatters; Gillian Beamer; Seung‐Yi Lee; Nicusor Iftimia,2023,preprint,Preprints.org,6,Q10,no
10.20944/preprints202311.1704.v1,10.20944/preprints202311.1704.v1,https://openalex.org/W4389149594,Quality of Colour Rendering in Photographic Scenes Illuminated by Light Sources with Light-Shaping Attachments,Veronika Štampfl; Jure Ahtik,2023,preprint,Preprints.org,1,Q05,no
10.20944/preprints202401.2220.v1,10.20944/preprints202401.2220.v1,https://openalex.org/W4391444509,Advances in Aeroengine Cooling Hole Measurement: A Comprehensive Review,Shuyan Yan; Junkai Shi; Guannan Li; Can Hao; Ying Wang; Hao Yu; Weihu Zhou,2024,preprint,Preprints.org,3,Q03,yes
10.21014/acta_imeko.v9i4.737,10.21014/acta_imeko.v9i4.737,https://openalex.org/W3111958114,A sensor data fusion-based locating method for large-scale metrology,Andrea Rega; Ferdinando Vitolo; Stanislao Patalano; Salvatore Gerbino,2020,article,ACTA IMEKO,2,Q05,no
10.21014/actaimeko.v12i2.1510,10.21014/actaimeko.v12i2.1510,https://openalex.org/W4382788432,A theoretical model for uncertainty sources identification in tip-timing measurement systems,Giulio Tribbiani; Lorenzo Capponi; Tommaso Tocci; Tiberio Truffarelli; Roberto Marsili; Gianluca Rossi,2023,article,ACTA IMEKO,3,Q12,no
10.21062/mft.2023.098,10.21062/mft.2023.098,https://openalex.org/W4389367335,Design of a Photoelectric Measuring Robot for Straightness of Deep/Blind Hole with Automatic Centering Function,Zhao Haifeng,2023,article,MANUFACTURING TECHNOLOGY,4,Q02,yes
10.21062/ujep/105.2018/a/1213-2489/mt/18/3/357,10.21062/ujep/105.2018/a/1213-2489/mt/18/3/357,https://openalex.org/W2884298706,Investigation on the Effectiveness of Through-hole Replicas of Deep Small Holes,Elena Bassoli; Lucia Denti,2018,article,MANUFACTURING TECHNOLOGY,1,Q02;Q03;Q09,no
10.21083/978-1-77470-000-6,10.21083/978-1-77470-000-6,https://openalex.org/W4285721590,Groundwater Velocity,J.F. Devlin,2020,book,The Groundwater Project eBooks,6,Q08,no
10.21123/bsj.2020.17.3.0899,10.21123/bsj.2020.17.3.0899,https://openalex.org/W3082070570,Reconstruction of Three-Dimensional Object from Two-Dimensional Images by Utilizing Distance Regularized Level Algorithm and Mesh Object Generation,Samera Shams Hussein; Sukaina Sh Altyar; Lubab Ahmed Tawfeeq; Eman S. Harba,2020,article,Baghdad Science Journal,1,Q05,no
10.2113/2022/8179501,10.2113/2022/8179501,https://openalex.org/W4307808996,Mechanism of Rock Burst and Its Dynamic Control Measures in Extra-Thick Coal Seam Mining from below the Residual Coal Seam to below the Gob,Chong Jia; Xingping Lai; Feng Cui; Shuai Zhang; Jingxuan Sun; Mengqi Tian,2022,article,Lithosphere,3,Q02,no
10.21203/rs.3.rs-1273992/v1,10.21203/rs.3.rs-1273992/v1,https://openalex.org/W4210809563,Crack detection in upsetting of aluminum alloy using acoustic emission monitoring technology,Mingyu Ha; Ji Hoon Kim; Sang-Woo Kim,2022,preprint,Research Square,0,Q07,no
10.21203/rs.3.rs-1505492/v1,10.21203/rs.3.rs-1505492/v1,https://openalex.org/W4226394956,Simulation and Experimental Study on Metal Microstructure of Meniscus-Confined Electrodeposition,Jinkai Xu; Zhenming Xu; Wanfei Ren; Zhaoqiang Zou; Xue Wang,2022,preprint,Research Square,1,Q09,no
10.21203/rs.3.rs-157307/v1,10.21203/rs.3.rs-157307/v1,https://openalex.org/W4234986726,Flow Separation Control of Nacelle in Crosswind by Microsecond Pulsed Surface Dielectric Barrier Discharge Plasma Actuator,Yuhao Jia; Hua Liang; Qikun He; Zhi Su; Guoxing Song,2021,preprint,Research Square,2,Q12,no
10.21203/rs.3.rs-1716212/v1,10.21203/rs.3.rs-1716212/v1,https://openalex.org/W4282915118,Fabrication of high accuracy micro-hole by micro-EDM under tool electrode spiral motion feed mode aided with fixed reference axial compensation,Junfeng Gou; Jingyun Lai; Haoran Lin; K.C. Chan; T.M. Yue; Xinlang Zuo; Zhixiang Zou; Jiangwen Liu,2022,preprint,Research Square,1,Q09,no
10.21203/rs.3.rs-201791/v1,10.21203/rs.3.rs-201791/v1,https://openalex.org/W3130661972,Research on multi-sensor measurement system and evaluation method for roundness and straightness errors of deep-hole parts,Ci Song; Xibin Wang; zhibing Liu; Hui Chen,2021,preprint,Research Square,1,Q02,yes
10.21203/rs.3.rs-203027/v1,10.21203/rs.3.rs-203027/v1,https://openalex.org/W3164988060,Using Response Surface Methodology of Deep Hole Electrical Discharge Machining Study of Nickel-Base Alloy Inconel-718,Shao‐Hsien Chen; Kuo-Tai Huang,2021,preprint,Research Square,1,Q02,no
10.21203/rs.3.rs-2529144/v1,10.21203/rs.3.rs-2529144/v1,https://openalex.org/W4319349927,Study on surface Morphology of 7075 aluminum alloy deep hole by two-dimensional ultrasonic elliptical vibration turning,Yanqiu Ye; Jinglin Tong; Guiling Hu; Shuaikun Yang; Zhipeng Zhang,2023,preprint,Research Square,2,Q02,no
10.21203/rs.3.rs-3816694/v1,10.21203/rs.3.rs-3816694/v1,https://openalex.org/W4390656166,Optimization of process parameters for the new process of deep hole machining by roll machining technology,Tian Chunlei; Yan Cao; Chen Tian; Yuan Tianlong,2024,preprint,Research Square,0,Q02,no
10.21203/rs.3.rs-7805209/v1,10.21203/rs.3.rs-7805209/v1,https://openalex.org/W4415915690,Hash-NURF: Efficient Nested Transparent Object Reconstruction Using Multi-Resolution Hash Encoding,Fan Gao; Yibo Zhao; Youcheng Cai; Ligang Liu,2025,preprint,Research Square,0,Q05,no
10.21236/ada552103,10.21236/ada552103,https://openalex.org/W237047075,Evaluation of Nondestructive Methods for Determining Pavement Thickness,Lulu Edwards; Quint Mason,2011,report,,15,Q08,no
10.21278/tof.444007919,10.21278/tof.444007919,https://openalex.org/W3112601034,Electrochemical Small Diameter Deep Hole Drilling of Powder Metal Steel,Hacı Bekir Özerkan; Can Çoğun,2020,article,Transactions of FAMENA,13,Q02,no
10.21423/r1hd4k,10.21423/r1hd4k,https://openalex.org/W77789407,Advanced Technologies For Turbomachinery Systems - An Overview,Melvin J. Hartmann,1982,other,NASA STI Repository (National Aeronautics and Space Administration),2,Q12,no
10.21423/r1ps8f,10.21423/r1ps8f,https://openalex.org/W2339048925,Analysis Of Solid Particle Surface Impact Behavior In Turbomachines To Assess Blade Erosion And Fouling,Klaus Brun,2012,article,OAKTRUST (Texas A&M University),8,Q12,no
10.21423/r1rd4r,10.21423/r1rd4r,https://openalex.org/W2766482737,"Gas Turbine Blade Failures - Causes, Avoidance, And Troubleshooting.",Cyrus B. Meher-Homji,1998,article,OAKTRUST (Texas A&M University),56,Q12,no
10.2147/ijn.s381222,10.2147/ijn.s381222,https://openalex.org/W4307717484,Micro/Nanostructured Topography on Titanium Orchestrates Dendritic Cell Adhesion and Activation via β2 Integrin-FAK Signals,Yang Yang; Yujing Lin; Ruogu Xu; Zhengchuan Zhang; Wenyi Zeng; Xu Qiong; Feilong Deng,2022,article,International Journal of Nanomedicine,18,Q09,no
10.21595/jme.2023.23533,10.21595/jme.2023.23533,https://openalex.org/W4391511577,Comparison of optical 3D scanner and coordinate measurement system from the standpoint of macro-geometry measurement,Boris Pätoprstý; Marek Vozár; Róbert Hrušecký; Ivan Buranský,2024,article,Journal of Measurements in Engineering,2,Q02;Q09,no
10.21595/jve.2015.16485,10.21595/jve.2015.16485,https://openalex.org/W2893752895,Investigation of vibratory drilling model with adaptive control. Part 1: control of cutting continuity index,A. Gouskov; Sergey A. Voronov; I. I. Ivanov; S. Nikolaev; Daria V. Barysheva,2015,article,Journal of Vibroengineering,5,Q02,no
10.21595/vp.2017.19159,10.21595/vp.2017.19159,https://openalex.org/W2761227815,An optical fiber measurement system design on tool radial vibration,Jia Binghui; Feng Yong,2017,article,Vibroengineering PROCEDIA,5,Q12,no
10.21595/vp.2018.20278,10.21595/vp.2018.20278,https://openalex.org/W2895939755,On site calibration of inner defect detection based on structured light,Xinjie Shao; Shijian Zhu; Chao Ding; Bin Song,2018,article,Vibroengineering PROCEDIA,2,Q05,yes
10.2166/wst.2022.120,10.2166/wst.2022.120,https://openalex.org/W4223616619,The monitoring approaches and non-destructive testing technologies for sewer pipelines,Yajian Wang; Pengpeng Li; Jianfeng Li,2022,article,Water Science & Technology,49,Q05,no
10.2172/1048094,10.2172/1048094,https://openalex.org/W2289095545,Multiplexed Optical Fiber Sensors for Coal Fired Advanced Fossil Energy Systems,Anbo Wang; Gary Pickrell,2012,report,,1,Q10,no
10.2172/1183636,10.2172/1183636,https://openalex.org/W2341269097,Review of NDE Methods for Detection and Monitoring of Atmospheric SCC in Welded Canisters for the Storage of Used Nuclear Fuel,Ryan M. Meyer; Allan F. Pardini; Brady D. Hanson; Ken B. Sorenson,2013,report,,11,Q08,no
10.2172/138211,10.2172/138211,https://openalex.org/W62958631,Prototype Engineered Barrier System Field Test (PEBSFT); Final report,Abelardo Ramirez; Thomas A. Buscheck; R.G. Carlson; William A. Daily; K. Lee; Wunan Lin; N. Mao; Tzou‐Shin Ueng; H. Wang; D. Watwood,1991,report,,18,Q08,no
10.2172/1968798,10.2172/1968798,https://openalex.org/W4366364360,Ultrasonic Measurements of Temperature Profile and Heat Fluxes in Coal-Fired Power Plants (Final Report),Mikhail Skliar,2023,report,,2,Q08,no
10.2172/783821,10.2172/783821,https://openalex.org/W2262940511,Melt Rate Improvement for DWPF MB3: Melt Rate Furnace Testing,Michael E. Stone,2001,report,,8,Q08,no
10.2174/1874328501307010032,10.2174/1874328501307010032,https://openalex.org/W2143927775,A Review of Microfiber and Nanofiber Based Optical Sensors,George Y. Chen,2013,article,The Open Optics Journal,98,Q04,no
10.22214/ijraset.2017.11228,10.22214/ijraset.2017.11228,https://openalex.org/W2774839655,Condition Monitoring of Low Pressure Steam Turbine Blades,G. Vamsidhar Reddy,2017,article,International Journal for Research in Applied Science and Engineering Technology,1,Q12,no
10.22215/etd/2020-13959,10.22215/etd/2020-13959,https://openalex.org/W3042427679,Combustion Characteristics of n-heptane Through Temperature Variation Measurements Using Ignition Quality Tester,Osama Hmood,2020,dissertation,,1,Q08,no
10.22323/1.301.1042,10.22323/1.301.1042,https://openalex.org/W2885236850,Optimization of ARIANNA station configuration,S. W. Barwick,2018,conference-paper,Proceedings of 35th International Cosmic Ray Conference — PoS(ICRC2017),2,Q02,no
10.22541/au.164433207.74361091/v1,10.22541/au.164433207.74361091/v1,https://openalex.org/W4210867286,Gill proteome networks explain energy homeostasis during salinity stress in Oreochromis mossambicus,Larken Root; Dietmar Kültz,2022,preprint,,1,Q09,no
10.22541/au.167767027.79757161/v1,10.22541/au.167767027.79757161/v1,https://openalex.org/W4322738132,Gill proteome networks explain energy homeostasis during salinity stress in Oreochromis mossambicus,Larken Root; Dietmar Kültz,2023,preprint,,2,Q09,no
10.2307/4079958,10.2307/4079958,https://openalex.org/W2318941878,Incubation and Nesting Periods of Central American Birds,Alexander F. Skutch,1945,article,The Auk,87,Q02,no
10.2312/bzpm_0526_2006,10.2312/bzpm_0526_2006,https://openalex.org/W2246253202,Effects of ultraviolet radiation on early life stages of cold temperate and Arctic macroalgae : implications for recruitment and vertical depth distribution = Effekte von UV-Strahlung auf frühe Lebensstadien kaltgemäßigter und arktischer Makroalgen : Auswirkungen auf Rekrutierung und Vertikalverteilung,Michael Y. Roleda,2006,other,Helmholtz-Zentrum für Polar-und Meeresforschung (Alfred-Wegener-Institut),1,Q09,no
10.2320/matertrans.48.205,10.2320/matertrans.48.205,https://openalex.org/W1967147856,Drilling Microholes in Hot Tool Steel by Using Micro-Electro Discharge Machining,Tzu-Yao Tai; T. Masusawa; H. T. Lee,2007,article,MATERIALS TRANSACTIONS,12,Q09,no
10.2322/tastj.8.pb_67,10.2322/tastj.8.pb_67,https://openalex.org/W2082768967,Improvement of the Thrust Force of the ECR Ion Thruster μ10,Ryudo Tsukizaki; Hiroyuki Koizumi; S Hosoda; Kazutaka Nishiyama; Hitoshi Kuninaka,2010,article,TRANSACTIONS OF THE JAPAN SOCIETY FOR AERONAUTICAL AND SPACE SCIENCES AEROSPACE TECHNOLOGY JAPAN,14,Q04,no
10.2334/josnusd.22-0085,10.2334/josnusd.22-0085,https://openalex.org/W4293067504,Surface degradation and biofilm formation on hybrid and nanohybrid composites after immersion in different liquids,Gabriela Escamilla-Gómez; Octavio Sánchez-Vargas; Diana María Escobar‐García; Amaury Pozos‐Guillén; Norma Verónica Zavala-Alonso; Mariana Gutiérrez-Sánchez; Elı́as Pérez; Gregorio Sánchez; Gabriel Fernando Romo-Ramírez; Mariné Ortiz Magdaleno,2022,article,Journal of Oral Science,11,Q09,no
10.2351/7.0001284,10.2351/7.0001284,https://openalex.org/W4392488640,Influence of the material properties and the process parameters on the ablation behavior for the laser structuring of the diffusion media for fuel cells,Christian Geiger; Sophie Grabmann; Tony Weiß; Alena Gruendl; Michael F. Zaeh,2024,article,Journal of Laser Applications,6,Q09,no
10.2352/issn.2470-1173.2019.6.maap-477,10.2352/issn.2470-1173.2019.6.maap-477,https://openalex.org/W2975232007,Comparative analysis of transmittance measurement geometries and apparatus,Marjan Shahpaski; Luis Ricardo Sapaico; Sabine Süsstrunk,2019,article,Electronic Imaging,1,Q05,no
10.23919/iccas52745.2021.9650009,10.23919/iccas52745.2021.9650009,https://openalex.org/W4200521119,Meta Reinforcement Learning Based Underwater Manipulator Control,Jiyoun Moon; Sung-Hoon Bae; Michael Cashmore,2021,conference-paper,"2021 21st International Conference on Control, Automation and Systems (ICCAS)",7,Q08,no
10.23977/jemm.2026.110201,10.23977/jemm.2026.110201,https://openalex.org/W7162753806,Research on Calibration Method of Novel Rotating Laser Profilometer,Yanyu Ding; Zhenhao Zhang; Dongyang Feng; Xiaojun Zhao,2026,article,Journal of Engineering Mechanics and Machinery,0,Q06,no
10.24200/sci.2024.61682.7439,10.24200/sci.2024.61682.7439,https://openalex.org/W4409885132,Dynamical properties of Nonlinear oscillators by the variational iteration method,Jamil Abbas Haider; Shahbaz Ahmad; Sohail Nadeem,2024,article,Scientia Iranica,2,Q12,no
10.24294/tse.v1i4.874,10.24294/tse.v1i4.874,https://openalex.org/W2898383081,Experimental and simulative investigation of the oil distribution during a deep-hole drilling process and comparing of the RANS k-ω-SST and RANS hybrid SAS-SST turbulence model,Ekrem Oezkaya; Dirk Biermann,2018,article,Thermal Science and Engineering,4,Q02,no
10.24425/mms.2022.138547,10.24425/mms.2022.138547,https://openalex.org/W4384934913,Comparative accuracy analysis of triangulated surface models of a fossil skull digitized with various optic devices,Yaroslav Garashchenko; Ilja Kogan; Mirosław Rucki,2021,article,Metrology and Measurement Systems,6,Q05,no
10.24425/mms.2022.142273,10.24425/mms.2022.142273,https://openalex.org/W4386737689,Anatomical and functional assessment of patency of the upper respiratory tract in selected respiratory disorders – part 2,A. Zając; Andrzej Kukwa; Robert Barańska; Szymon Nitkiewicz; Edyta Zomkowska; Adam Rybak,2022,article,Metrology and Measurement Systems,4,Q08,no
10.24425/mper.2021.137679,10.24425/mper.2021.137679,https://openalex.org/W3184164476,Optimizing Body Machining Including Variable Casting Allowances,Andrzej Gessner,2021,article,Management and Production Engineering Review,1,Q05,no
10.2478/bpasts-2014-0073,10.2478/bpasts-2014-0073,https://openalex.org/W1999819240,Stack and draw fabrication of soft glass microstructured fiber optics,Dariusz Pysz; Ireneusz Kujawa; Ryszard Stępień; Mariusz Klimczak; Adam Filipkowski; Marcin Franczyk; Longin Kociszewski; Jan Buzniak; K. Haraśny; Ryszard Buczyński,2014,article,Bulletin of the Polish Academy of Sciences Technical Sciences,173,Q08,no
10.2478/czoto-2019-0074,10.2478/czoto-2019-0074,https://openalex.org/W2934943990,The Use of New Technology to Improve The Quality of Production on a CNC Machine Tool,Rafał Gołębski; Piotr Sikora; Adam Gnatowski,2019,article,System Safety Human - Technical Facility - Environment,6,Q02,no
10.2478/fas-2018-0007,10.2478/fas-2018-0007,https://openalex.org/W2964098147,A Brief Review on NDT&amp;E Methods For Structural Aircraft Components,Angelika Wronkowicz,2018,article,Fatigue of Aircraft Structures,16,Q08,no
10.2478/pomr-2021-0047,10.2478/pomr-2021-0047,https://openalex.org/W4206786252,Evaluation of Effectiveness of Waterjet Propulsor for a Small Underwater Vehicle,Lech Rowiński; Maciej Kaczmarczyk,2021,article,Polish Maritime Research,9,Q12,no
10.2478/rput-2022-0003,10.2478/rput-2022-0003,https://openalex.org/W4292882669,Analysis of form Error and Roughness of Hardened Steel Workpieces Internally Turned with Different Tools in Long Overhangs,Jozef Peterka; Wallyson Thomas De Silva; Róbert Straka; Tomáš Vopát; Jakub Hrbál; Michaela Kritikos,2022,article,Research Papers Faculty of Materials Science and Technology Slovak University of Technology,6,Q02,no
10.2478/v10012-007-0064-3,10.2478/v10012-007-0064-3,https://openalex.org/W2003880209,Contemporary diagnostic methods for ship engines: a report on scientific research activity of Polish Naval Academy in this field,Zbigniew Korczewski,2008,article,Polish Maritime Research,4,Q08,no
10.2478/v10048-008-0018-7,10.2478/v10048-008-0018-7,https://openalex.org/W2019540798,Using the Diffractive Optics for 3D Inspection of Nuclear Reactor Fuel Assembly Grid Spacers,L. V. Finogenov; L. H. Yü; P. S. Zavyalov,2008,article,Measurement Science Review,7,Q05,no
10.2493/jjspe.88.657,10.2493/jjspe.88.657,https://openalex.org/W4294767652,Current Micro-Coordinate Measuring Machine and Probe-System,Masaki Michihata,2022,article,Journal of the Japan Society for Precision Engineering,1,Q03,no
10.2493/jjspe.88.684,10.2493/jjspe.88.684,https://openalex.org/W4294767765,Researches on Low-Measurement Force and High-Sensitivity Microprobing Systems,So Ito,2022,article,Journal of the Japan Society for Precision Engineering,1,Q03,no
10.2507/31st.daaam.proceedings.108,10.2507/31st.daaam.proceedings.108,https://openalex.org/W3112480794,3D Measurement - Comparison of CMM and 3D Scanner,Željko Stojkić; Eva Culjak; Luka Šaravanja,2020,book-chapter,Annals of DAAAM for ... & proceedings of the ... International DAAAM Symposium,17,Q02,no
10.2514/1.13048,10.2514/1.13048,https://openalex.org/W2004152965,A Survey of Intelligent Control and Health Management Technologies for Aircraft Propulsion Systems,Jonathan S. Litt; Donald L. Simon; Sanjay Garg; Ten-Heui Guo; Carolyn R. Mercer; Richard C. Millar; Alireza Behbahani; Anupa Bajwa; Daniel T. Jensen,2004,article,Journal of Aerospace Computing Information and Communication,176,Q12,no
10.2514/1.c034647,10.2514/1.c034647,https://openalex.org/W2802198050,Airborne Acquisition of Blade Tip Displacements and Vortices on a Coaxial Helicopter,André Bauknecht; Markus Raffel; Benedikt Grebing,2018,article,Journal of Aircraft,9,Q12,no
10.2514/6.1997-165,10.2514/6.1997-165,https://openalex.org/W2314159147,Measurement of blade tip clearance using an ultrasonic sensor,Takeshi Tagashira; Nanahisa Sugiyama; Yukio Matsuda; Masakatsu Matsuki; Takeshi Tagashira; Nanahisa Sugiyama; Yukio Matsuda; Masakatsu Matsuki,1997,conference-paper,35th Aerospace Sciences Meeting and Exhibit,16,Q12,yes
10.2514/6.1999-2134,10.2514/6.1999-2134,https://openalex.org/W2102994568,Time-of-flight tip-clearance measurements,Harbans S. Dhadwal; Anatole P. Kurkov; D. C. Janetzke,1999,conference-paper,35th Joint Propulsion Conference and Exhibit,8,Q12,yes
10.2514/6.2002-1033,10.2514/6.2002-1033,https://openalex.org/W2022305324,Steady and unsteady flow field measurements within a NASA 22 inch fan model,GARY PODBOY; Martin J. Krupar; S. Helland; Christopher E. Hughes,2002,conference-paper,,77,Q12,no
10.2514/6.2002-2431,10.2514/6.2002-2431,https://openalex.org/W1980008264,Fan Noise Source Diagnostic Test- LDV Measured Flow Field Results,Gary Podboy; Martin J. Krupar; Christopher E. Hughes; Richard P. Woodward,2002,conference-paper,,58,Q12,no
10.2514/6.2010-3308,10.2514/6.2010-3308,https://openalex.org/W2133437115,A Microwave Blade Tip Clearance Sensor for Propulsion Health Monitoring,Mark R. Woike; Ali Abdul‐Aziz; Timothy J. Bencic,2010,conference-paper,AIAA Infotech@Aerospace 2010,18,Q12,yes
10.2514/6.2011-5781,10.2514/6.2011-5781,https://openalex.org/W2127164902,Cavitation and Flow Instabilities in a 4-Bladed Axial Inducer Designed by Means of a Reduced Order Analytical Model,Angelo Cervone; Lucio Torre; Angelo Pasini; Luca d’Agostino,2011,conference-paper,,8,Q12,no
10.2514/6.2014-3923,10.2514/6.2014-3923,https://openalex.org/W1976169540,"Design and operation of a fast, thin-film thermocouple probe on a turbine engine",Roger D. Meredith; John D. Wrbanek; Gustave C. Fralick; Lawrence C. Greer; Gary W. Hunter; Liang‐Yu Chen,2014,conference-paper,50th AIAA/ASME/SAE/ASEE Joint Propulsion Conference,18,Q08,no
10.2514/6.2016-1241,10.2514/6.2016-1241,https://openalex.org/W2317145687,Thermally-Driven Morphing with High Temperature Composites,Eric Eckstein; Michael C. Halbig; Paul M. Weaver,2016,conference-paper,"57th AIAA/ASCE/AHS/ASC Structures, Structural Dynamics, and Materials Conference",3,Q12,no
10.2514/6.2017-3552,10.2514/6.2017-3552,https://openalex.org/W2621054856,Airborne Acquisition of Blade Tip Displacements and Vortices on a Coaxial Ultralight Helicopter,André Bauknecht; Benedikt Grebing; Markus Raffel,2017,conference-paper,,2,Q12,no
10.2514/6.2023-3580,10.2514/6.2023-3580,https://openalex.org/W4379793552,Development of Compact LWIR Borescope Sensor for Non-contact 2D Engine Component Surface Temperature Measurement,Awnik Roy; Paul S. Hsu; Andy Zhang; Trevor C. Chen; Oleksandr Bibik; Subodh Adhikari; Benjamin Emerson; Tim Lieuwen,2023,conference-paper,,0,Q08,yes
10.2530/jslsm.32.394,10.2530/jslsm.32.394,https://openalex.org/W2334736092,In Vivo Determination of Tissue Optical Properties using Single Reflectance Fiber Probe with Two Source-collector Geometries,Izumi Nishidate; Keiichiro Yoshida; Satoko Kawauchi; Shunichi Sato; Manabu Sato,2012,article,Nippon Laser Igakkaishi,2,Q04,no
10.25518/esaform21.4002,10.25518/esaform21.4002,https://openalex.org/W3154827169,"A computer vision-based, in-situ springback monitoring technique for bending of large profiles",Taekwang Ha; Jun Ma; Jørgen Blindheim; Torgeir Welo; Geir Ringen; Jyhwen Wang,2021,article,ESAFORM 2021,5,Q08,no
10.25560/58209,10.25560/58209,https://openalex.org/W2810255644,"Effects of fuel properties, injector conditions and impingement on the sprays of direct injection engines",Sebastian Henkel,2015,dissertation,Spiral (Imperial College London),0,Q10,no
10.25560/75530,10.25560/75530,https://openalex.org/W3010003108,Sensorisation of a novel biologically inspired flexible needle,Vani Virdyawan,2018,dissertation,Spiral (Imperial College London),1,Q10,no
10.26083/tuprints-00003170,10.26083/tuprints-00003170,https://openalex.org/W2116171993,Fully exclusive measurements of quasi-free single-nucleon knockout reactions in inverse kinematics.,V. Panin,2012,dissertation,GSI Repository (German Federal Government),2,Q02,no
10.26083/tuprints-00005504,10.26083/tuprints-00005504,https://openalex.org/W2515991659,Scintillation screen materials for beam profile measurements of high energy ion beams,Renuka Krishnakumar,2016,dissertation,Technischen Universität Darmstadt,2,Q09,no
10.2746/042516409x478488,10.2746/042516409x478488,https://openalex.org/W1552293807,"Occlusal fissures of the equine cheek tooth: Prevalence, location and association with disease in 91 horses referred for dental investigation",Pieter H. L. Ramzan; L. S. Palmer,2010,article,Equine Veterinary Journal,22,Q08,no
10.29008/etc2011-252,10.29008/etc2011-252,https://openalex.org/W4415743287,Discharge Coefficient Characterization of Jet Array Impingement Holes For An Active Clearance Control System,Riccardo Da Soghe; Bruno Facchini; Francesco Maiuolo; Mirko Micio; Livio Tarchi,2011,conference-paper,Proceedings of ... European Conference on Turbomachinery Fluid Dynamics & Thermodynamics,0,Q12,no
10.29008/etc2017-217,10.29008/etc2017-217,https://openalex.org/W2790554827,High temperature eddy current sensor system for turbine blade tip clearance measurements,V. Sridhar; Kam Chana; Michael J. Pekris,2017,conference-paper,Proceedings of ... European Conference on Turbomachinery Fluid Dynamics & Thermodynamics,8,Q12,yes
10.29008/etc2025-137,10.29008/etc2025-137,https://openalex.org/W4415378664,Variation of tip clearance and incidence to induce rotating instabilities in a linear compressor cascade,Christoph Jasmund; Martin Lange; Ronald Mailach,2025,conference-paper,Proceedings of ... European Conference on Turbomachinery Fluid Dynamics & Thermodynamics,1,Q12,no
10.29026/oea.2024.230230,10.29026/oea.2024.230230,https://openalex.org/W4391911345,A highly sensitive LITES sensor based on a multi-pass cell with dense spot pattern and a novel quartz tuning fork with low frequency,Yahui Liu; Shunda Qiao; Chao Fang; Ying He; Haiyue Sun; Jian Liu; Yufei Ma,2024,article,Opto-Electronic Advances,321,Q04,no
10.29026/oes.2023.230026,10.29026/oes.2023.230026,https://openalex.org/W4388201288,A review of liquid crystal spatial light modulators: devices and applications,Yiqian Yang; Andrew Forbes; Liangcai Cao,2023,article,Opto-Electronic Science,206,Q05,no
10.29354/diag/141589,10.29354/diag/141589,https://openalex.org/W3196661373,Vision-based damage detection of aircraft engine’s compressor blades,Krzysztof Holak; W. Obrocki,2021,article,Diagnostyka,6,Q08,no
10.2961/jlmn.2006.01.0008,10.2961/jlmn.2006.01.0008,https://openalex.org/W2112595284,Surface Micro-Structuring of Silica Glass by Laser-Induced Backside Wet Etching with ns-Pulsed UV Laser at a High Repetition Rate,Hiroyuki Niino,2006,article,Journal of Laser Micro/Nanoengineering,24,Q09,no
10.2961/jlmn.2024.03.2007,10.2961/jlmn.2024.03.2007,https://openalex.org/W4405400647,Through Glass Via Drilling Using GHz-bursts of Femtosecond Pulses: Challenges and Implementation,"Balage, Pierre; Lopez, John; Guilberteau, Théo; Lafargue, Manon; Bonamis, Guillaume; Hönninger, Clemens; Manek-Hönninger, Inka",2024,article,Journal of Laser Micro/Nanoengineering,3,Q09,no
10.2967/jnmt.106.037846,10.2967/jnmt.106.037846,https://openalex.org/W2099305408,Principles of CT: Radiation Dose and Image Quality,L Goldman,2007,article,Journal of Nuclear Medicine Technology,424,Q02,no
10.2973/dsdp.proc.37.180.1977,10.2973/dsdp.proc.37.180.1977,https://openalex.org/W2482190640,"Leg 37 Cruise Synthesis: The Lithology, Structure, Petrology and Magnetic History of Layer 2",PT Robinson; James M. Hall; F. Aumento; William G. Melson; H. Bougault; L. V. Dmitriev; Joseph F. Fischer; Martin F. J. Flower; Robert C. Howe; R. D. Hyndman; G.A. Miles; Tim Wright,1977,book-chapter,U.S. Government Printing Office eBooks,9,Q02,no
10.2973/dsdp.proc.60.149.1982,10.2973/dsdp.proc.60.149.1982,https://openalex.org/W2502948663,Thermal Conductivity of Sediments and Igneous Rocks Recovered during Deep Sea Drilling Project Leg 60,Ki‐iti Horai,1982,book-chapter,U.S. Government Printing Office eBooks,32,Q02,no
10.2973/odp.proc.sr.126.162.1992,10.2973/odp.proc.sr.126.162.1992,https://openalex.org/W2187929380,"Downhole Electrical Images in Volcaniclastic Sequences of the Izu-Bonin Forearc Basin, Western Pacific",Philippe Pézard; M. A. Lovell; Richard N. Hiscott,1992,book-chapter,,12,Q02,no
10.2973/odp.proc.sr.148.152.1996,10.2973/odp.proc.sr.148.152.1996,https://openalex.org/W2185677515,Fracture Distribution from Downhole Electrical Images at the Base of the Sheeted Dike Complex in Hole 504B,M. Ayadi; Philippe Pézard; F.D. de Larouzière,1996,book-chapter,,6,Q02,no
10.2973/odp.proc.sr.153.043.1997,10.2973/odp.proc.sr.153.043.1997,https://openalex.org/W27615454,"Seismic velocities of lower crustal and upper mantle rocks from the slow-spreading Mid-Atlantic Ridge, south of the Kane Transform Zone (MARK)",D. J. Miller; N. I. Christensen,1997,book-chapter,,177,Q02,no
10.2991/cmsa-18.2018.50,10.2991/cmsa-18.2018.50,https://openalex.org/W2876785444,A Real-Time Method to Measure the Deviation of Deep Hole,Junqiang Liu; Fujia Wu; Xiaobing Gao; Ruicheng Li,2018,conference-paper,Advances in intelligent systems research/Advances in Intelligent Systems Research,2,Q02,yes
10.2991/icmmita-15.2015.320,10.2991/icmmita-15.2015.320,https://openalex.org/W2222989993,Simulation analysis of bubble motion under ultrasonic assisted Electrical Discharge Machining,Wenjun Kong; Ce Guo; Xijing Zhu,2015,conference-paper,Advances in computer science research,6,Q02,no
10.30657/pea.2020.26.22,10.30657/pea.2020.26.22,https://openalex.org/W3112898236,"Indicating and analysis the interrelation between terms – visual: management, control, inspection and testing",Krzysztof Knop,2020,article,Production Engineering Archives,32,Q08,no
10.30699/ics.journal.01.17,10.30699/ics.journal.01.17,https://openalex.org/W2791527145,Application of Electron and Light Microscope in Evaluate Decay Mechanism of Ancient Glass,Farahnaz Bayatnejad; Mohamadamin Emami,2017,article,nian Conservation Science Journal,1,Q05,no
10.30758/0555-2648-2024-70-4-477-498,10.30758/0555-2648-2024-70-4-477-498,https://openalex.org/W4405680236,Unsealing Subglacial Lake Vostok: Lessons and implications for future full-scale exploration,V. Lipenkov; A. V. Turkeev; Alexey Ekaykin; Irina A. Alekhina; Andrey N. Salamatin; N. I. Vasiliev,2024,article,Arctic and Antarctic Research,1,Q02,no
10.3116/16091833/ukr.j.phys.opt.2024.02043,10.3116/16091833/ukr.j.phys.opt.2024.02043,https://openalex.org/W4390085579,TRIBOLOGICAL PROPERTIES OF TEXTURED TITANIUM-ALLOY SURFACE UNDER DRY-SLIDING AND WATER-LUBRICATION CONDITIONS,Guojun Deng Guojun Deng; Jialiang Guo,2023,article,Ukrainian Journal of Physical Optics,10,Q09,no
10.31274/td-20240617-142,10.31274/td-20240617-142,https://openalex.org/W4399730688,Height modulation of nanopixel arrays via light controlled capillary force lithography,Myung Gi Ji,2024,dissertation,,2,Q03,no
10.3133/ofr76190,10.3133/ofr76190,https://openalex.org/W2581844453,Fission track dating,Charles W. Naeser,1976,report,Antarctica A Keystone in a Changing World,183,Q02,no
10.3133/ofr90404,10.3133/ofr90404,https://openalex.org/W79388949,Maps of the thickness of Cenozoic deposits and the isostatic residual gravity over basement for Nevada,R. C. Jachens; Barry C. Moring,1990,report,Antarctica A Keystone in a Changing World,130,Q02,no
10.3133/pp1389,10.3133/pp1389,https://openalex.org/W1670242840,Physical properties of the surface materials at the Viking landing sites on Mars,H. J. Moore; R. E. Hutton; Gary D. Clow; Cary R. Spitzer,1987,report,USGS professional paper,143,Q02,no
10.3133/pp560d,10.3133/pp560d,https://openalex.org/W195523536,Geology of the Arabian Peninsula: Sedimentary geology of Saudi Arabia,R. W. POWERS; Leon F. Ramirez; Calvin David Redmond; E.L. Elberg,1966,report,USGS professional paper,748,Q02,no
10.3133/wri014139,10.3133/wri014139,https://openalex.org/W2252374194,"An evaluation of borehole flowmeters used to measure horizontal ground-water flow in limestones of Indiana, Kentucky, and Tennessee, 1999",John T. Wilson; Wayne Mandell; Frederick L. Paillet; E. Randall Bayless; Randall T. Hanson; P.M. Kearl; William B. Kerfoot; M.W. Newhouse; William H. Pedler,2001,report,,58,Q08,yes
10.31390/gradschool_dissertations.970,10.31390/gradschool_dissertations.970,https://openalex.org/W2736552897,Design and fabrication of electromagnetic micro-relays using the UV-LIGA technique,John D. Williams,2004,dissertation,,6,Q02,no
10.3151/jact.17.381,10.3151/jact.17.381,https://openalex.org/W2958016385,Health Monitoring of Closure Joints in Accelerated Bridge Construction: A Review of Non-Destructive Testing Application,Saman Farhangdoust; Armin Mehrabi,2019,article,Journal of Advanced Concrete Technology,47,Q08,no
10.31548/machinery/4.2023.42,10.31548/machinery/4.2023.42,https://openalex.org/W4391435476,Application of machine learning and computer vision methods to determine the size of NPP equipment elements in difficult measurement conditions,Dmytro Belytskyi; R. Yermolenko; Kostiantyn Petrenko; O. Gogota,2023,article,Naukovij žurnal «Tehnìka ta energetika»,6,Q05,no
10.31648/ts.4966,10.31648/ts.4966,https://openalex.org/W3002830378,Wear Analysis of gun barrel drill blade in 1.0503 steel drilling process in Milpro HG12 oil environment with addition of ultra-dispersive copper particles and copper oxides,K. Rychlik; C. Senderowski,2020,article,Technical Sciences,1,Q02,no
10.3189/172756499781821409,10.3189/172756499781821409,https://openalex.org/W2035807260,"New maps of the ice thickness and subglacial topography in Dronning Maud Land, Antarctica, determined by means of airborne radio-echo sounding",Daniel Steinhage; Uwe Nixdorf; Ulrich Meyer; Heinrich Miller,1999,article,Annals of Glaciology,55,Q02,no
10.3189/2013aog62a034,10.3189/2013aog62a034,https://openalex.org/W2315368744,Characterization of ikaite (CaCO<sub>3</sub>·6H<sub>2</sub>O) crystals in first-year Arctic sea ice north of Svalbard,Daïki Nomura; Philipp Assmy; Gernot Nehrke; Mats A. Granskog; Michael Fischer; Gerhard Dieckmann; Agneta Fransson; Yubin Hu; Bernhard Schnetger,2013,article,Annals of Glaciology,31,Q09,no
10.3189/s0022143000026800,10.3189/s0022143000026800,https://openalex.org/W4252879956,"Internal Deformation and Thermal Anomalies in Lower Blue Glacier, Mount Olympus, Washington, U.S.A.",Ronald L. Shreve; Robert P. Sharp,1970,article,Journal of Glaciology,12,Q02,no
10.3233/atde220835,10.3233/atde220835,https://openalex.org/W4309462638,Transient Quantitative Identification Algorithm Based on Laser Impulse Response,Xiaolong Liu; Jushang Li; Ruitong Zhang; Hongjie Jiang; Xikuan Chen; Jihao Cheng; Fucheng Liu,2022,book-chapter,Advances in transdisciplinary engineering,0,Q05,no
10.32657/10220/48060,10.32657/10220/48060,https://openalex.org/W2945325461,Laser surface hardening of bearing steels,Niroj Maharjan,2019,dissertation,,1,Q09,no
10.32657/10220/48085,10.32657/10220/48085,https://openalex.org/W2947151470,Smart window for tuning transparency and noise absorption,Milan Shrestha,2019,dissertation,,2,Q09,no
10.32657/10356/50365,10.32657/10356/50365,https://openalex.org/W2527434783,Biodegradable ocular implant for sustained drug delivery,Yan Peng,2011,dissertation,,0,Q10,no
10.32657/10356/51008,10.32657/10356/51008,https://openalex.org/W2524266856,Investigation into dual modality fiber probe imaging system,Vaishakh Manu,2011,dissertation,,0,Q04,no
10.32657/10356/54663,10.32657/10356/54663,https://openalex.org/W2531356762,Biomimetic whisker transducer for vibrissal tactile sensing,Feng Ju,2013,dissertation,,0,Q03,no
10.33737/gpps19-bj-157,10.33737/gpps19-bj-157,https://openalex.org/W2979885826,Experimental Investigation of a Transonic Compressor with High Aspect Ratio Rotor Design,"Steffen Hormel; Daniel Franke; Jonas Foret; Heinz-Peter Schiffer; Tobias Froebel; MTU Aero Engines AG, Germany",2019,conference-paper,Proceedings,3,Q12,no
10.33737/gpps24-tc-168,10.33737/gpps24-tc-168,https://openalex.org/W4403053041,An integrated measurement method of blade tip clearance and blade vibration based on blade tip timing technology,Yiming Meng; Zhicheng Xiao; Shang Wang; Pengfei Chai; Hua Ouyang,2024,conference-paper,Proceedings,1,Q12,yes
10.3389/aot.2023.1237687,10.3389/aot.2023.1237687,https://openalex.org/W4385232189,Deflectometry for specular surfaces: an overview,Jan Burke; Alexey Pak; Sebastian Höfer; Mathias Ziebarth; Masoud Roschani; Jürgen Beyerer,2023,article,Advanced Optical Technologies,64,Q11,no
10.3389/fbioe.2020.00121,10.3389/fbioe.2020.00121,https://openalex.org/W3014590589,Advancements in Soft-Tissue Prosthetics Part A: The Art of Imitating Life,Rena L. J. Cruz; Maureen T. Ross; Sean K. Powell; Maria A. Woodruff,2020,article,Frontiers in Bioengineering and Biotechnology,34,Q05,no
10.3389/feart.2022.939360,10.3389/feart.2022.939360,https://openalex.org/W4290999323,A New Blasting Permeability Enhancement Scheme For Deep-Buried Soft Coal Mining Face Based on Borehole Deformation Characteristics,Dequan Xuan; Jianhua Zhang; Gang Huang; Peng Li; Zhifeng Zhang,2022,article,Frontiers in Earth Science,2,Q02,no
10.3389/fendo.2012.00103,10.3389/fendo.2012.00103,https://openalex.org/W2122980150,Hormone-stimulated modulation of endocytic trafficking in osteoclasts,Gudrun Stenbeck; Kevin M. Lawrence; Anthony P. Albert,2012,article,Frontiers in Endocrinology,5,Q09,no
10.3389/fmtec.2023.1104742,10.3389/fmtec.2023.1104742,https://openalex.org/W4319042984,Investigation of probing repeatability inside a micro-hole by changing probe approach direction for a local surface interaction force detection type microprobe,Masakazu Aruga; So Ito; Daichi Kato; Kimihisa Matsumoto; Kazuhide Kamiya,2023,article,Frontiers in Manufacturing Technology,2,Q03,yes
10.3389/fneng.2014.00034,10.3389/fneng.2014.00034,https://openalex.org/W1974854916,In vivo monitoring of glial scar proliferation on chronically implanted neural electrodes by fiber optical coherence tomography,Yijing Xie; Nadja Martini; Christina Hassler; Robert D. Kirch; Thomas Stieglitz; Andreas Seifert; Ulrich Hofmann,2014,article,Frontiers in Neuroengineering,55,Q04,no
10.3389/fphy.2022.1036485,10.3389/fphy.2022.1036485,https://openalex.org/W4313502804,Dynamic and high-speed measurement system for blade tip clearance of engine with optical comb,Jibo Han; Yu Bai; Linjie Lv; Tengfei Wu; Yahui Wu; Zhang Cao; Yongjun Yang,2022,article,Frontiers in Physics,2,Q12,yes
10.3389/fphy.2024.1453917,10.3389/fphy.2024.1453917,https://openalex.org/W4403475188,Updating assembly parameters for spacecraft assembly process state changes: based on data fusion method,Yue Liu; Lijuan Li; Xuezhu Lin; Lili Guo; Jing Sun; Hao Wang,2024,article,Frontiers in Physics,2,Q05,no
10.3389/fvets.2022.971318,10.3389/fvets.2022.971318,https://openalex.org/W4306990507,Virtual surgical planning and 3D printing: Methodology and applications in veterinary oromaxillofacial surgery,Jan Klasen; Graham Thatcher; Jason A. Bleedorn; Jason W. Soukup,2022,article,Frontiers in Veterinary Science,30,Q05,no
10.3390/aerospace12050419,10.3390/aerospace12050419,https://openalex.org/W4410206858,Advancements in Aircraft Engine Inspection: A MEMS-Based 3D Measuring Borescope,Jonathan Gail; Felix Kruse; Shanshan Gu-Stoppel; Ole Schmedemann; Günther Leder; Wolfgang Reinert; Lena Wysocki; Nils Burmeister; Lars Ratzmann; Thorsten Giese; Patrick Schütt; Gundula Piechotta; Thorsten Schüppstuhl,2025,article,Aerospace,2,Q08,yes
10.3390/aerospace12090852,10.3390/aerospace12090852,https://openalex.org/W4414409533,Simulation Study of Gas Cooling for Aero-Engine Borescope Probes,Lu Jia; Hao Zeng; Rui Xi; Jingbo Peng; Xinyao Hou,2025,article,Aerospace,0,Q08,yes
10.3390/aerospace8020030,10.3390/aerospace8020030,https://openalex.org/W3125286443,Automated Defect Detection and Decision-Support in Gas Turbine Blade Inspection,Jonas Aust; Sam Shankland; Dirk Pons; Ramakrishnan Mukundan; Antonija Mitrović,2021,article,Aerospace,65,Q08,no
10.3390/aerospace8040117,10.3390/aerospace8040117,https://openalex.org/W3153072237,Methodology for Evaluating Risk of Visual Inspection Tasks of Aircraft Engine Blades,Jonas Aust; Dirk Pons,2021,article,Aerospace,23,Q08,no
10.3390/aerospace9110695,10.3390/aerospace9110695,https://openalex.org/W4308527025,Development of a Large-Scale High-Speed Linear Cascade Rig for Turbine Blade Tip Heat Transfer Study,Hongmei Jiang; Peng Xu; Wenbo Xie; Shaopeng Lu; Yongmin Gu,2022,article,Aerospace,5,Q12,no
10.3390/agronomy12112732,10.3390/agronomy12112732,https://openalex.org/W4308352486,Postharvest Geometric Characterization of Table Olive Bruising from 3D Digitalization,Ramón González; Rafael Enrique Hidalgo Fernández; Jesús Rodero; Rafael R. Sola‐Guirado; Elena Sánchez‐López,2022,article,Agronomy,8,Q05,no
10.3390/app10051576,10.3390/app10051576,https://openalex.org/W3010024263,Methods for the Assessment of Critical Properties in Existing Masonry Structures under Seismic Loads—The ARES Project,Mislav Stepinac; Tomislav Kišiček; Tvrtko Renić; Ivan Hafner; Chiara Bedon,2020,article,Applied Sciences,58,Q08,no
10.3390/app10175930,10.3390/app10175930,https://openalex.org/W3082000192,Vibration Parameters Estimation by Blade Tip-Timing in Mistuned Bladed Disks in Presence of Close Resonances,S. Bornassi; Christian Maria Firrone; Teresa Maria Berruti,2020,article,Applied Sciences,21,Q12,no
10.3390/app11062870,10.3390/app11062870,https://openalex.org/W3137308317,Turbine Blade Temperature Field Prediction Using the Numerical Methods,Miroslav Spodniak; Karol Semrád; Katarína Draganová,2021,article,Applied Sciences,13,Q12,no
10.3390/app11199047,10.3390/app11199047,https://openalex.org/W3203647888,Non-Linear Dynamic Analysis of Drill String System with Fluid-Structure Interaction,Rongpeng Wang; Xiaoqin Liu; Guiqiu Song; Shihua Zhou,2021,article,Applied Sciences,18,Q02,no
10.3390/app13042419,10.3390/app13042419,https://openalex.org/W4320729931,A Novel Measurement Method for Determining Geometric Errors of Rotary Tables by Using LaserTRACER and Reflectors,Chi-Hua Hsu; Jr-Rung Chen; Fan-Hsi Hsu; Yu‐Ta Chen,2023,article,Applied Sciences,9,Q02,no
10.3390/app13095729,10.3390/app13095729,https://openalex.org/W4382340521,Analysis of Shield Tunnels Undercrossing an Existing Building and Tunnel Reinforcement Measures,Ping Lou; Weixiong Huang; Xinde Huang,2023,article,Applied Sciences,14,Q02,no
10.3390/app13105920,10.3390/app13105920,https://openalex.org/W4376278755,Vibration Parameters Identification of Rotating Blades Based on Blade Tip-Timing Sensor Waveforms,Liang Zhang; Qidi Wang; Xin Li,2023,article,Applied Sciences,4,Q12,no
10.3390/app13158597,10.3390/app13158597,https://openalex.org/W4385308727,A Method for Correcting Endoscopic Images to Measure the Size of Defects on the Inner Surface of a Hole,Pengtao Shi; Zhengwei Tian; Qiang Sheng; Peng Liu,2023,article,Applied Sciences,4,Q02,yes
10.3390/app132011344,10.3390/app132011344,https://openalex.org/W4387672788,Optimization Algorithm for Surface Defect Detection of Aircraft Engine Components Based on YOLOv5,Yi Qu; Cheng Wang; Yilei Xiao; Jiabo Yu; Xiancong Chen; Yakang Kong,2023,article,Applied Sciences,9,Q08,no
10.3390/app132111785,10.3390/app132111785,https://openalex.org/W4388020714,A Visual Fault Detection Algorithm of Substation Equipment Based on Improved YOLOv5,Yuezhong Wu; Falong Xiao; Fumin Liu; Yuxuan Sun; Xiaoheng Deng; Lixin Lin; Congxu Zhu,2023,article,Applied Sciences,21,Q08,no
10.3390/app14010254,10.3390/app14010254,https://openalex.org/W4390265857,Synchronous Vibration Parameter Recognition of Constant-Speed Blades Based on Blade Tip Clearance Measurement,Liang Zhang; Yiming Xia; Cong Chen; Qingxi Song; Junjun Cao,2023,article,Applied Sciences,1,Q12,yes
10.3390/app14051814,10.3390/app14051814,https://openalex.org/W4392030621,Quality of Colour Rendering in Photographic Scenes Illuminated by Light Sources with Light-Shaping Attachments,Veronika Štampfl; Jure Ahtik,2024,article,Applied Sciences,4,Q05,no
10.3390/app14052195,10.3390/app14052195,https://openalex.org/W4392516478,Layout Pattern of Small Panel and Large Coal Pillar for Rockburst Prevention and Water Control under Extra-Thick Water-Bearing Key Strata,Ning Zhang; Anye Cao; Weiwei Zhao; Hao Qi; Guowei Lv; Baixuan Wu,2024,article,Applied Sciences,2,Q02,no
10.3390/app15042105,10.3390/app15042105,https://openalex.org/W4407657611,Robust and Unbiased Estimation of Robot Pose and Pipe Diameter for Natural Gas Pipeline Inspection Using 3D Time-of-Flight (ToF) Sensors,Hoa‐Hung Nguyen; Jae-Hyun Park; Jae‐Jun Kim; Kwanghyun Yoo; Dong‐Kyu Kim; Han‐You Jeong,2025,article,Applied Sciences,6,Q05,yes
10.3390/app7040403,10.3390/app7040403,https://openalex.org/W2606126646,A Three-Dimensional Resonant Triggering Probe for Micro-CMM,Qiangxian Huang; Chen Chen; Kui Wu; Liansheng Zhang; Ruijun Li; Kuang–Chao Fan,2017,article,Applied Sciences,20,Q03,no
10.3390/app7100973,10.3390/app7100973,https://openalex.org/W2757107476,A Review of Three-Dimensional Scanning Near-Field Optical Microscopy (3D-SNOM) and Its Applications in Nanoscale Light Management,Paul Bazylewski; Sabastine Ezugwu; Giovanni Fanchini,2017,article,Applied Sciences,115,Q04,no
10.3390/app8122671,10.3390/app8122671,https://openalex.org/W2905041960,A Novel Design of Through-Hole Depth On-Machine Optical Measuring Equipment for Automatic Drilling and Riveting,Nianhan Wu; Wu Zhao; Xin Wang; Ye Tao; Zhengmeng Hou,2018,article,Applied Sciences,5,Q09,yes
10.3390/app9010155,10.3390/app9010155,https://openalex.org/W2906975642,Effects of Nozzle Exit Angle on the Pressure Characteristics of SRWJs Used for Deep-Hole Drilling,Deng Li; Zu’an Wang; Yuan Miao; Fan Qi; Xiaochuan Wang,2019,article,Applied Sciences,15,Q02,no
10.3390/app9020242,10.3390/app9020242,https://openalex.org/W2909281965,Ultraprecision Diameter Measurement of Small Holes with Large Depth-To-Diameter Ratios Based on Spherical Scattering Electrical-Field Probing,Xingyuan Bian; Junning Cui; Yesheng Lu; Jiubin Tan,2019,article,Applied Sciences,22,Q03;Q09,yes
10.3390/app9050949,10.3390/app9050949,https://openalex.org/W2921674113,Recent Advances in Plasmonic Sensor-Based Fiber Optic Probes for Biological Applications,M. S. Aruna Gandhi; Suoda Chu; K. Senthilnathan; P. Ramesh Babu; K. Nakkeeran; Qian Li,2019,article,Applied Sciences,136,Q04,no
10.3390/app9183781,10.3390/app9183781,https://openalex.org/W2972309292,YOLOv3-Lite: A Lightweight Crack Detection Network for Aircraft Structure Based on Depthwise Separable Convolutions,Yadan Li; Zhenqi Han; Haoyu Xu; Lizhuang Liu; Xiaoqiang Li; Keke Zhang,2019,article,Applied Sciences,113,Q08,no
10.3390/app9194117,10.3390/app9194117,https://openalex.org/W2977370656,Tailored Chip Breaker Development for Polycrystalline Diamond Inserts: FEM-Based Design and Validation,Itxaso Cascón; Jon Ander Sarasua; Ahmed Elkaseer,2019,article,Applied Sciences,19,Q09,no
10.3390/app9245359,10.3390/app9245359,https://openalex.org/W2993012654,Material Removal in Ultrasonic Abrasive Polishing of Additive Manufactured Components,Jingsi Wang; Jiaqi Zhu; Pay Jun Liew,2019,article,Applied Sciences,44,Q09,no
10.3390/biomimetics9010034,10.3390/biomimetics9010034,https://openalex.org/W4390608243,A Study on the Radiation Cooling Characteristics of Cerambycini Latreille,Jie Xu; Delei Liu,2024,article,Biomimetics,5,Q05,no
10.3390/biomimetics9030180,10.3390/biomimetics9030180,https://openalex.org/W4392897043,Snake Robot with Motion Based on Shape Memory Alloy Spring-Shaped Actuators,Ricardo Cortez; Marco Antonio Sandoval-Chileño; Norma Lozada‐Castillo; Alberto Luviano‐Juárez,2024,article,Biomimetics,24,Q08,no
10.3390/bios10070077,10.3390/bios10070077,https://openalex.org/W3041803159,Overview of Recent Advances in the Design of Plasmonic Fiber-Optic Biosensors,Yashar E. Monfared,2020,article,Biosensors,140,Q04,no
10.3390/bios11030061,10.3390/bios11030061,https://openalex.org/W3131942823,Fiber Optic Sensors: A Review for Glucose Measurement,José Luis Cano-Pérez; Jaime Gutiérrez-Gutiérrez; Christian Perezcampos-Mayoral; Eduardo Pérez‐Campos; María del Socorro Pina Canseco; L. Tepech-Carrillo; Laura Pérez‐Campos Mayoral; Marciano Vargas-Treviño; Edmundo López Apreza; Roberto Rojas Laguna,2021,article,Biosensors,64,Q04,no
10.3390/bios11090305,10.3390/bios11090305,https://openalex.org/W3197682805,Immunosensing Based on Optical Fiber Technology: Recent Advances,Maria Simone Soares; M. A. Vidal; Nuno F. Santos; F.M. Costa; Carlos Marques; Sónia O. Pereira; Cátia Leitão,2021,article,Biosensors,120,Q04,no
10.3390/bios12100843,10.3390/bios12100843,https://openalex.org/W4303685510,Advances in Novel Nanomaterial-Based Optical Fiber Biosensors—A Review,Muyang Li; Ragini Singh; Yiran Wang; Carlos Marques; Bingyuan Zhang; Santosh Kumar,2022,article,Biosensors,130,Q04,no
10.3390/bios12111016,10.3390/bios12111016,https://openalex.org/W4309211740,Novel Optical Fiber-Based Structures for Plasmonics Sensors,Zhi Wang; Wen Zhang; Xuecheng Liu; Muyang Li; Xianzheng Lang; Ragini Singh; Carlos Marques; Bingyuan Zhang; Santosh Kumar,2022,article,Biosensors,61,Q04,no
10.3390/bios13030405,10.3390/bios13030405,https://openalex.org/W4328124534,"Recent Advancements of LSPR Fiber-Optic Biosensing: Combination Methods, Structure, and Prospects",Hongxin Zhang; Xue Zhou; Xuegang Li; Pengqi Gong; Yanan Zhang; Yong Zhao,2023,article,Biosensors,85,Q04,no
10.3390/bios13090835,10.3390/bios13090835,https://openalex.org/W4386099077,Optical Fibre-Based Sensors—An Assessment of Current Innovations,Svetlana N. Khonina; Nikolay L. Kazanskiy; Muhammad Ali Butt,2023,article,Biosensors,71,Q04,no
10.3390/books978-3-03842-605-9,10.3390/books978-3-03842-605-9,https://openalex.org/W4211200678,Micro/Nano Manufacturing,Hans Nørgaard Hansen; Guido Tosello,2017,book,,2,Q03,no
10.3390/books978-3-03921-035-0,10.3390/books978-3-03921-035-0,https://openalex.org/W4211178956,Product/Process Fingerprint in Micro Manufacturing,Guido Tosello,2019,book,,2,Q03,no
10.3390/coatings13050874,10.3390/coatings13050874,https://openalex.org/W4381712449,Effects of Laser Shock Peening on Corrosion Resistance of Additive Manufactured AlSi10Mg,Erfan Maleki; Okan Ünal; Shuai Shao; Nima Shamsaei,2023,article,Coatings,24,Q09,no
10.3390/coatings14040501,10.3390/coatings14040501,https://openalex.org/W4394916033,Automatic Defect Detection of Jet Engine Turbine and Compressor Blade Surface Coatings Using a Deep Learning-Based Algorithm,Md Hasib Zubayer; Chaoqun Zhang; Wen Liu; Yafei Wang; Haque Md Imdadul,2024,article,Coatings,14,Q08,no
10.3390/coatings15101216,10.3390/coatings15101216,https://openalex.org/W4415246922,An Overview of Metallic Abradable Coatings in Gas Turbine Engines,Kaue Bertuol; Bruno Edu Arendarchuck; Pantcho Stoyanov,2025,article,Coatings,6,Q12,no
10.3390/colloids7010015,10.3390/colloids7010015,https://openalex.org/W4321093473,Dynamic Light Scattering: A Powerful Tool for In Situ Nanoparticle Sizing,Zixian Jia; Jiantao Li; Lin Gao; Dezheng Yang; Andreï Kanaev,2023,article,Colloids and Interfaces,224,Q04,no
10.3390/cryst12101340,10.3390/cryst12101340,https://openalex.org/W4296618901,Laser Written Stretchable Diffractive Optic Elements in Liquid Crystal Gels,Bohan Chen; Zimo Zhao; Camron Nourshargh; Chao He; Patrick S. Salter; Martin J. Booth; Steve J. Elston; Stephen Morris,2022,article,Crystals,9,Q05,no
10.3390/designs9050120,10.3390/designs9050120,https://openalex.org/W4415127359,Multibody Dynamics for Assessing Tolerance Effects in Roller-Bearing-Supported Rings,Ulyana Konopada; Giulia Pascoletti; Mauro Corrado; Elisabetta M. Zanetti,2025,article,Designs,0,Q11,no
10.3390/diagnostics13132276,10.3390/diagnostics13132276,https://openalex.org/W4383376593,Core Needle Biopsy Guidance Based on Tissue Morphology Assessment with AI-OCT Imaging,Gopi Maguluri; John Grimble; Aliana Caron; Ge Zhu; Savitri Krishnamurthy; Amanda McWatters; Gillian Beamer; Seung‐Yi Lee; Nicusor Iftimia,2023,article,Diagnostics,9,Q10,no
10.3390/dj11090213,10.3390/dj11090213,https://openalex.org/W4386617196,Three-Dimensional Printed Tooth Model with Root Canal Ledge: A Novel Educational Tool for Endodontic Training,Rui Zhang; Renjie Tang; Sebastian Spintzyk; Yuting Tian; Yong Xiang; Yichen Xu; Tao Hu,2023,article,Dentistry Journal,9,Q05,no
10.3390/dj14010016,10.3390/dj14010016,https://openalex.org/W7117979527,Accuracy of a Novel Desktop Micro-CT Scanner for Direct Digitization of Dental Impressions: A Comparative In Vitro Study,Jiaying Gu; Liqing Zhu; Wenyue Yang; Yuan Zhang; Fan He; Yunwen Xu; X. Gu; James Kit Hon Tsoi; Yuanfei Fu,2026,article,Dentistry Journal,0,Q11,no
10.3390/electronics15132942,10.3390/electronics15132942,https://openalex.org/W7167507132,Dimensional Measurement of Micro-Holes via Electronic Control Scanning and Computer Vision Data Fusion,Siyuan Liu; Y Qu; Y L Qiu; HangCheng Wu; S J Yang; Weiwei Li,2026,article,Electronics,0,Q03,yes
10.3390/electronics9081287,10.3390/electronics9081287,https://openalex.org/W3048845371,Effects of the Target on the Performance of an Ultra-Low Power Eddy Current Displacement Sensor for Industrial Applications,Alessandro Bertacchini; Marco Lasagni; Gabriele Sereni,2020,article,Electronics,9,Q12,no
10.3390/en10040476,10.3390/en10040476,https://openalex.org/W2604663666,A Novel Caving Model of Overburden Strata Movement Induced by Coal Mining,Dongjing Xu; Suping Peng; Shiyao Xiang; Yunlan He,2017,article,Energies,31,Q08,no
10.3390/en11040890,10.3390/en11040890,https://openalex.org/W2797655065,On the Evolution and Application of the Thermal Network Method for Energy Assessments in Buildings,Ali Bagheri; Véronique Feldheim; Christos S. Ioakimidis,2018,article,Energies,26,Q05,no
10.3390/en16010150,10.3390/en16010150,https://openalex.org/W4312201406,Unsteady Pressure Pulsations in Pumps—A Review,Ning Zhang; Delin Li; Bo Gao; Dan Ni; Zhong Li,2022,article,Energies,52,Q12,no
10.3390/en16062711,10.3390/en16062711,https://openalex.org/W4324382892,Exploring Prognostic and Diagnostic Techniques for Jet Engine Health Monitoring: A Review of Degradation Mechanisms and Advanced Prediction Strategies,Maria Grazia De Giorgi; Nicola Menga; Antonio Ficarella,2023,article,Energies,33,Q12,no
10.3390/fib6040072,10.3390/fib6040072,https://openalex.org/W2894287378,A Time-Efficient Dip Coating Technique for the Deposition of Microgels onto the Optical Fiber Tip,Lorenzo Scherino; M Giaquinto; Alberto Micco; Anna Aliberti; E. Bobeico; V. La Ferrara; Menotti Ruvo; Armando Ricciardi; Andrea Cusano,2018,article,Fibers,28,Q04,no
10.3390/gels11070545,10.3390/gels11070545,https://openalex.org/W4412393494,"Polydextrose Addition Improves the Chewiness and Extended Shelf-Life of Chinese Steamed Bread Through the Formation of a Sticky, Elastic Network Structure",Chang Liu; Bing Dai; Xiaohong Luo; Hongdong Song; Xingjun Li,2025,article,Gels,4,Q09,no
10.3390/heritage6030154,10.3390/heritage6030154,https://openalex.org/W4323846079,An Overview of Geophysical Techniques and Their Potential Suitability for Archaeological Studies,Raffaele Martorana; Patrizia Capizzi; Antonino Pisciotta; Salvatore Scudero; Carla Bottari,2023,article,Heritage,48,Q11,no
10.3390/heritage6050210,10.3390/heritage6050210,https://openalex.org/W4367181371,Digital Documentation in Narrow Burial Spaces Using a 360° Borescope Prototype,Riccardo Valente; Luigi Barazzetti; M. Previtali; Fabio Roncoroni,2023,article,Heritage,3,Q08,yes
10.3390/ijms241310450,10.3390/ijms241310450,https://openalex.org/W4381682130,The Effectiveness of Cyrene as a Solvent in Exfoliating 2D TMDs Nanosheets,Jaber Adam; Manjot Singh; Avazbek Abduvakhidov; Maria Rosaria Del Sorbo; Chiara Feoli; Fida Hussain; Jasneet Kaur; Antonia Mirabella; Manuela Rossi; Antonio Sasso; Mohammadhassan Valadan; Michela Varra; Giulia Rusciano; C. Altucci,2023,article,International Journal of Molecular Sciences,25,Q09,no
10.3390/ijtpp5030013,10.3390/ijtpp5030013,https://openalex.org/W3039842266,Experimental and Numerical Analysis of Deformation in a Rotating RC Helicopter Blade,Pedro J. Sousa; Francisco Barros; Paulo J. Tavares; P.M.G.P. Moreira,2020,article,International Journal of Turbomachinery Propulsion and Power,3,Q05,no
10.3390/ijtpp7020016,10.3390/ijtpp7020016,https://openalex.org/W4280551208,Machine Learning Methods in CFD for Turbomachinery: A Review,James Hammond; Nick Pepper; Francesco Montomoli; Vittorio Michelassi,2022,article,International Journal of Turbomachinery Propulsion and Power,58,Q12,no
10.3390/ijtpp8030024,10.3390/ijtpp8030024,https://openalex.org/W4385445387,Heat Transfer Analysis of Damaged Shrouded High-Pressure Turbine Rotor Blades,M. Carta; Tiziano Ghisu; Shahrokh Shahpar,2023,article,International Journal of Turbomachinery Propulsion and Power,14,Q12,no
10.3390/jcm12165398,10.3390/jcm12165398,https://openalex.org/W4386030627,"Image-to-Patient Registration in Computer-Assisted Surgery of Head and Neck: State-of-the-Art, Perspectives, and Challenges",Ali Taleb; C. Guigou; Sarah Leclerc; Alain Lalande; Alexis Bozorg Grayeli,2023,article,Journal of Clinical Medicine,25,Q05,no
10.3390/jmmp4020028,10.3390/jmmp4020028,https://openalex.org/W3013567659,Lateral Vibrations in Deep Hole Drilling Due to Land Width Variation,Marcel Volz; Eberhard Abele; Matthias Weigold,2020,article,Journal of Manufacturing and Materials Processing,5,Q02,no
10.3390/jmmp7030080,10.3390/jmmp7030080,https://openalex.org/W4366830231,Optical Methods of Error Detection in Additive Manufacturing: A Literature Review,Brianna Wylie; Carl A. Moore,2023,article,Journal of Manufacturing and Materials Processing,12,Q08,no
10.3390/jmmp9090319,10.3390/jmmp9090319,https://openalex.org/W4414387639,Investigation on the Mechanical Properties of White Layers by Cutting and Burnishing Coupling Effect in BTA Deep Hole Drilling,Huang Zhang; Pengxiang Yan; Haoran Guo; Ze Chen; Zihao Hou; Yaoming Li,2025,article,Journal of Manufacturing and Materials Processing,1,Q02,no
10.3390/jmse13101907,10.3390/jmse13101907,https://openalex.org/W4414793089,Impact of Variability in Blade Manufacturing on Transonic Compressor Rotor Performance,Qing Yang; Jun Chen; Wenbo Shao; Ruijie Zhao,2025,article,Journal of Marine Science and Engineering,0,Q12,no
10.3390/lubricants13110493,10.3390/lubricants13110493,https://openalex.org/W4416131047,Review and Prospect of Research Status on Sliding Bearing Coatings,Fengming Du; Zhen Guo; Renhao Mo; Wenqing Lin; Shuai Zhang,2025,article,Lubricants,4,Q09,no
10.3390/ma10010008,10.3390/ma10010008,https://openalex.org/W2566689811,Comparison of Maraging Steel Micro- and Nanostructure Produced Conventionally and by Laser Additive Manufacturing,Eric A. Jägle; Zhendong Sheng; Philipp Kürnsteiner; Sörn Ocylok; Andreas Weisheit; Dierk Raabe,2016,article,Materials,263,Q02,no
10.3390/ma12010121,10.3390/ma12010121,https://openalex.org/W2906905739,Immobilized Enzymes in Biosensor Applications,Hoang Hiep Nguyen; Sun Hyeok Lee; Ui Jin Lee; César D. Fermin; Moonil Kim,2019,article,Materials,600,Q04,no
10.3390/ma12030522,10.3390/ma12030522,https://openalex.org/W2914243448,Ultrasonic Vibration Assisted Electro-Discharge Machining (EDM)—An Overview,Nurbol Sabyrov; Muhammad P. Jahan; Azat Bilal; Asma Perveen,2019,article,Materials,99,Q02,no
10.3390/ma12091455,10.3390/ma12091455,https://openalex.org/W2943235740,Effect of Hot Deformation Process Parameters on Microstructure and Corrosion Behavior of 35CrMoV Steel,Qiu-Mei Yang; Yajun Zhou; Zheng Li; Daheng Mao,2019,article,Materials,21,Q09,no
10.3390/ma12142298,10.3390/ma12142298,https://openalex.org/W2961673622,Impact of Process Parameters on the Quality of Deep Holes Drilled in Inconel 718 Using EDD,Magdalena Machno,2019,article,Materials,25,Q02,no
10.3390/ma13020255,10.3390/ma13020255,https://openalex.org/W2999388800,"On Residual Stress Development, Prevention, and Compensation in Metal Additive Manufacturing",Kevin Carpenter; Ali Tabei,2020,article,Materials,158,Q02,no
10.3390/ma13204626,10.3390/ma13204626,https://openalex.org/W3092987321,Pyrometric-Based Melt Pool Monitoring Study of CuCr1Zr Processed Using L-PBF,Katia Artzt; Martin Siggel; Jan Kleinert; Jörg Riccius; Guillermo Requena; Jan Haubrich,2020,article,Materials,18,Q10,no
10.3390/ma14020239,10.3390/ma14020239,https://openalex.org/W3118474425,Wear Resistance Improvement of Cemented Tungsten Carbide Deep-Hole Drills after Ion Implantation,Dmitrij Morozow; Marek Barlak; Z. Werner; Marcin Pisarek; P. Konarski; Jerzy Zagórski; Mirosław Rucki; Leszek Chałko; Marek Łagodziński; Jakub W. Narojczyk; Zbigniew Krzysiak; Jacek Caban,2021,article,Materials,30,Q02,no
10.3390/ma15031221,10.3390/ma15031221,https://openalex.org/W4210539820,Wear Behaviors of AISI 4145H Drilling Tool Steel under Drilling Fluid Environment Conditions,Changsheng Yue; Hong Cai; Lingrong Kong; Chenfan Liang; Zhijian Peng; Yu Wang,2022,article,Materials,7,Q09,no
10.3390/ma15175835,10.3390/ma15175835,https://openalex.org/W4293219316,The Impact of Sintering Technology and Milling Technology on Fitting Titanium Crowns to Abutment Teeth—In Vitro Studies,Wojciech Ryniewicz; Łukasz Bojko; Anna M. Ryniewicz,2022,article,Materials,8,Q05,no
10.3390/ma15228178,10.3390/ma15228178,https://openalex.org/W4309288226,BTA Deep Hole Vibration Drilling for Nickel-Based Alloys: Cooling Patterns and Cutter Tooth Wear Mechanisms,Yuhua Shi; Jianming Zheng; Feng Pei; Peng Shang; Chi Liu; Ting Chen; Shijie Shan,2022,article,Materials,9,Q02,no
10.3390/ma16062536,10.3390/ma16062536,https://openalex.org/W4360616627,Effect of Femtosecond Laser Processing Parameters on the Ablation Microgrooves of RB-SiC Composites,Feng Yang; Renke Kang; Hongbin Ma; Guangyi Ma; Dongjiang Wu; Zhigang Dong,2023,article,Materials,10,Q09,no
10.3390/ma16093424,10.3390/ma16093424,https://openalex.org/W4367317317,Luminescence Characteristics of the MOCVD GaN Structures with Chemically Etched Surfaces,T. Čeponis; Jevgenij Pavlov; A. Kadys; A. Vaitkevičius; E. Gaubas,2023,article,Materials,2,Q09,no
10.3390/ma16134815,10.3390/ma16134815,https://openalex.org/W4383227281,Comparison of Optical and Stylus Methods for Surface Texture Characterisation in Industrial Quality Assurance of Post-Processed Laser Metal Additive Ti-6Al-4V,Theresa Buchenau; Tobias Mertens; Hubertus Lohner; Hauke Bruening; Marc Amkreutz,2023,article,Materials,21,Q11,no
10.3390/ma16155286,10.3390/ma16155286,https://openalex.org/W4385347119,Optimization of Cutting Parameters for Deep Hole Boring of Ti-6Al-4V Deep Bottle Hole,Wanzhong Li; Huan Zheng; Yazhou Feng,2023,article,Materials,7,Q02,no
10.3390/ma16206686,10.3390/ma16206686,https://openalex.org/W4387639214,Experimental Investigation of Tool Wear and Machining Quality of BTA Deep-Hole Drilling in Low-Carbon Alloy Steel SA-5083,Xubo Li; Chuanmiao Zhai; Wenqi He; Ye Lu; Bodong Zhang,2023,article,Materials,11,Q02,no
10.3390/ma17030689,10.3390/ma17030689,https://openalex.org/W4391462488,Study on the Effect of Electrolytes on Processing Efficiency and Accuracy of Titanium Alloy Utilizing Laser and Shaped Tube Electrochemical Machining,Chenyu Sun; Yufeng Wang; Yang Yong; Zhehe Yao; Yunfeng Liu; Qiang Wu; Jie Yan; Jianhua Yao; Wenwu Zhang,2024,article,Materials,11,Q09,no
10.3390/ma17071551,10.3390/ma17071551,https://openalex.org/W4393255244,Operating Properties of Deep Hole Boring Tools with Modified Design,Norbert Kępczak; Grzegorz Bechciński; Radosław Rosik,2024,article,Materials,1,Q02,no
10.3390/ma18020228,10.3390/ma18020228,https://openalex.org/W4406147935,Tissue Paper Softness: A Comparison Between Different Experimental Assessment Approaches,António de O. Mendes; Joana C. Vieira; Ana M. Carta; Joana M. R. Curto; Maria E. Amaral; Ana Paula Costa; Paulo T. Fiadeiro,2025,article,Materials,1,Q09,no
10.3390/ma18040794,10.3390/ma18040794,https://openalex.org/W4407393141,Multi-Perspective Characterization of a Performance of a Barrel Drill Made of Tungsten Carbide Composite,K. Rychlik; Mirosław Bramowicz; Sławomir Kulesza,2025,article,Materials,1,Q02,no
10.3390/ma9050338,10.3390/ma9050338,https://openalex.org/W2345554133,Biopolymer Green Lubricant for Sustainable Manufacturing,Shih-Chen Shi; Fu‐I Lu,2016,article,Materials,31,Q09,no
10.3390/machines10040268,10.3390/machines10040268,https://openalex.org/W4224299970,Research into the Impact of Spindle Speed and Feed Rate Changes on the Life of a Deep-Drilling Technology Tool,Martin Pollák; Marek Kočiško; Jaroslav Petrus; Sorin Grozav; Vasile Ceclan,2022,article,Machines,4,Q02,no
10.3390/machines12030152,10.3390/machines12030152,https://openalex.org/W4392031748,Analytical Solution for Electromagnetic Performance Analysis of Permanent Magnet Synchronous Motor with a Parallel Magnetized Cylindrical Permanent Magnet,Hao Lin; Haipeng Geng; Ling Li; Leiming Song; Xiaojun Hu,2024,article,Machines,3,Q05,no
10.3390/machines13010049,10.3390/machines13010049,https://openalex.org/W4406330302,Smart Defect Detection in Aero-Engines: Evaluating Transfer Learning with VGG19 and Data-Efficient Image Transformer Models,Samira Mohammadi; Vahid Rahmanian; Sasan Sattarpanah Karganroudi; Mehdi Adda,2025,article,Machines,8,Q08,no
10.3390/machines13050401,10.3390/machines13050401,https://openalex.org/W4410303433,Intelligent Thermal Condition Monitoring for Predictive Maintenance of Gas Turbines Using Machine Learning,Sadiq T. Bunyan; Zeashan Hameed Khan; Luttfi A. Al-Haddad; Hayder A. Dhahad; Mustafa I. Al-Karkhi; Ahmed Ali Farhan Ogaili; Zainab T. Al‐Sharify,2025,article,Machines,29,Q08,no
10.3390/machines14040428,10.3390/machines14040428,https://openalex.org/W7154103333,Quality Control in Seamless Copper Tube Manufacturing: A Narrative Review &amp; Future Perspective,Kyriakos Sabatakakis; Apostolos Kaimenopoulos; Dimitrios Karatasios; Panagiotis Stavropoulos,2026,review,Machines,0,Q05;Q11,no
10.3390/math8020207,10.3390/math8020207,https://openalex.org/W3005047486,Aircraft Trajectory Tracking Using Radar Equipment with Fuzzy Logic Algorithm,Maria Simona Raboacă; Cătălin Dumitrescu; Ioana Manta,2020,article,Mathematics,23,Q08,no
10.3390/math9243242,10.3390/math9243242,https://openalex.org/W4200593808,Research on Deep-Hole Cutting Blasting Efficiency in Blind Shafting with High In-Situ Stress Environment Using the Method of SPH,Bo Sun; Zhiyu Zhang; Jiale Meng; Yonghui Huang; Hongchao Li; Jun Wang,2021,article,Mathematics,9,Q02,no
10.3390/met11010148,10.3390/met11010148,https://openalex.org/W3118973749,Effects of Side Flushing and Multi-Aperture Inner Flushing on Characteristics of Electrical Discharge Machining Macro Deep Holes,Suppawat Chuvaree; Kannachai Kanlayasiri,2021,article,Metals,10,Q02;Q09,no
10.3390/met11071009,10.3390/met11071009,https://openalex.org/W3173872139,Predicted Torque Model in Low-Frequency-Assisted Boring (LFAB) Operations,Fernando Veiga; A. Gil; Mariluz Penalva; Octavio Pereira; Alfredo Suárez; Luís Norberto López de Lacalle,2021,article,Metals,2,Q02,no
10.3390/met14010014,10.3390/met14010014,https://openalex.org/W4390060192,Progress in Simulation Modeling Based on the Finite Element Method for Electrical Discharge Machining,Liwei Li; Shuo Sun; Wenbo Xing; Yuyan Zhang; Yonglei Wu; Yingjie Xu; Hongyan Wang; Guojun Zhang; Guofu Luo,2023,article,Metals,10,Q02,no
10.3390/met14121351,10.3390/met14121351,https://openalex.org/W4404760620,A Novel Design Method for Chip Flute of Indexable Insert Drill Used at Large Drilling Depth,Aisheng Jiang; Zhanqiang Liu; Jinfu Zhao,2024,article,Metals,1,Q02,no
10.3390/metrology3020010,10.3390/metrology3020010,https://openalex.org/W4382312309,Creepage Distance Estimation of Hairpin Stators Using 3D Feature Extraction,Niklas Grambow; Lennart Hinz; Christian Bonk; Jörg Krüger; Eduard Reithmeier,2023,article,Metrology,3,Q07,no
10.3390/metrology5020033,10.3390/metrology5020033,https://openalex.org/W4411065179,Common Practices and Methodologies in Scientific Functional Characterization of Surface Topography,Abbass Walid; Matthias Eifler,2025,article,Metrology,2,Q05,no
10.3390/metrology5040066,10.3390/metrology5040066,https://openalex.org/W4415932675,Integrating Reverse Engineering for Digital Model Reconstruction and Remanufacturing of Mechanical Components: A Systematic Review,Binoy Debnath; Zahra Pourfarash; Bhairavsingh Ghorpade; Shivakumar Raman,2025,review,Metrology,8,Q01;Q11,no
10.3390/metrology5040073,10.3390/metrology5040073,https://openalex.org/W4417050830,Verification of Microprobe Calibration Based on Actual Diameter Measurement of the Probe Tip Sphere,Shota Ito; Daichi Inukai; Takehiro Tomioka; Yasutomo Sugisawa; Kenta MATSUMOTO; Kazuhide Kamiya,2025,article,Metrology,1,Q03,no
10.3390/metrology6010003,10.3390/metrology6010003,https://openalex.org/W7122741622,"Recent Advances in Digital Fringe Projection Profilometry (2022–2025): Techniques, Applications, and Metrological Challenges—A Review",Mishraim Sanchez-Torres; Ismael Hernández-Capuchin; Cristina Ramírez-Fernández; Eddie Clemente; José Luis Javier Sánchez-González; Alan López-Martínez,2026,article,Metrology,8,Q09,no
10.3390/mi10040246,10.3390/mi10040246,https://openalex.org/W2939796456,Multichannel Inductive Sensor Based on Phase Division Multiplexing for Wear Debris Detection,Sen Wu; Zhijian Liu; Haichao Yuan; Kezhen Yu; Yuefeng Gao; Liankun Liu; Xinxiang Pan,2019,article,Micromachines,24,Q12,no
10.3390/mi11020114,10.3390/mi11020114,https://openalex.org/W3003121441,Optical Fiber Tweezers: A Versatile Tool for Optical Trapping and Manipulation,Xiaoting Zhao; Nan Zhao; Yang Shi; Hongbao Xin; Baojun Li,2020,article,Micromachines,124,Q04,no
10.3390/mi11070666,10.3390/mi11070666,https://openalex.org/W3041992595,"Grating Couplers on Silicon Photonics: Design Principles, Emerging Trends and Practical Issues",Li-Rong Lilly Cheng; Simei Mao; Zhi Li; Yaqi Han; H. Y. Fu,2020,article,Micromachines,288,Q04,no
10.3390/mi11090868,10.3390/mi11090868,https://openalex.org/W3087056808,Surface Quality Improvement of 3D Microstructures Fabricated by Micro-EDM with a Composite 3D Microelectrode,Jianguo Lei; Kai Jiang; Xiaoyu Wu; Hang Zhao; Bin Xu,2020,article,Micromachines,7,Q09,no
10.3390/mi12121524,10.3390/mi12121524,https://openalex.org/W4200188317,Application and Analysis of Discrete Fiber Probes in Determining Detonation Velocity of Microcharges,Guodong Zhang; Yulong Zhao; Jing Sun,2021,article,Micromachines,1,Q04,no
10.3390/mi12121546,10.3390/mi12121546,https://openalex.org/W4200212195,Fabricating Silicon Resonators for Analysing Biological Samples,Momoko Kumemura; Deniz Pekin; Vivek Anand Menon; Isabelle Van Seuningen; Dominique Collard; Mehmet C. Tarhan,2021,article,Micromachines,5,Q09,no
10.3390/mi13071091,10.3390/mi13071091,https://openalex.org/W35888908,Dynamic virtual machine scheduling in clouds for architectural shared resources,Jeongseob Ahn; Changdae Kim; Jaeung Han; Young-ri Choi; Jaehyuk Huh,2012,article,USENIX conference on Hot Topics in Cloud Ccomputing,68,Q02,no
10.3390/mi13081297,10.3390/mi13081297,https://openalex.org/W4291670088,Femtosecond Laser Fabrication of Submillimeter Microlens Arrays with Tunable Numerical Apertures,Tongzhen Yang; Minjing Li; Qing Yang; Yu Lu; Cheng Yang; Chengjun Zhang; Bing Du; Xun Hou; Feng Chen,2022,article,Micromachines,9,Q09,no
10.3390/mi13091398,10.3390/mi13091398,https://openalex.org/W4293761054,Prediction Model for Liquid-Assisted Femtosecond Laser Micro Milling of Quartz without Taper,Hongbing Yuan; Zhihao Chen; Peichao Wu; Yimin Deng; Xiaowen Cao; Wenwu Zhang,2022,article,Micromachines,4,Q09,no
10.3390/mi14010132,10.3390/mi14010132,https://openalex.org/W4313583359,A Deep-Hole Microdrilling Study of Pure Magnesium for Biomedical Applications,Margherita Pizzi; Francesco De Gaetano; Marco Ferroni; Federica Boschetti; Massimiliano Annoni,2023,article,Micromachines,9,Q02,no
10.3390/mi14081494,10.3390/mi14081494,https://openalex.org/W4386188354,Effect of Particle Migration on the Stress Field in Microfluidic Flows of Blood Analog Fluids at High Reynolds Numbers,Finn Knüppel; Ang Sun; Frank–Hendrik Wurm; Jeanette Hussong; Benjamin Torner,2023,article,Micromachines,5,Q12,no
10.3390/mi14122185,10.3390/mi14122185,https://openalex.org/W4389191950,Experimental Study on the Roundness of Deep Holes in 7075 Aluminum Alloy Parts by Two-Dimensional Ultrasonic Elliptical Vibration Boring,Shuaikun Yang; Jinglin Tong; Ziqiang Liu; Yanqiu Ye; Haojie Zhai; Hongqing Tao,2023,article,Micromachines,3,Q02,no
10.3390/mi15060793,10.3390/mi15060793,https://openalex.org/W4399730412,Viscosity Modeling for Blood and Blood Analog Fluids in Narrow Gap and High Reynolds Numbers Flows,Finn Knüppel; Sasha Malchow; Ang Sun; Jeanette Hussong; Alexander Hartmann; Frank–Hendrik Wurm; Benjamin Torner,2024,article,Micromachines,5,Q12,no
10.3390/mi15070814,10.3390/mi15070814,https://openalex.org/W4399969908,A Cutting Force and Hole Geometry Study for Precision Deep-Hole Microdrilling of Magnesium,Margherita Pizzi; Antonio Costetti; Francesco De Gaetano; Marco Ferroni; Francesco Arleo; Federica Boschetti; Massimiliano Annoni,2024,article,Micromachines,8,Q02,no
10.3390/mi16080846,10.3390/mi16080846,https://openalex.org/W4412637690,Process Optimization on Trepanning Drilling in Titanium Alloy Using a Picosecond Laser via an Orthogonal Experiment,Liang Wang; Yefei Rong; Long Xu; Changjian Wu; Kaibo Xia,2025,article,Micromachines,4,Q09,no
10.3390/min12070788,10.3390/min12070788,https://openalex.org/W4283386829,Parameter Optimization and Fragmentation Prediction of Fan-Shaped Deep Hole Blasting in Sanxin Gold and Copper Mine,Bo Ke; Ruohan Pan; Jian Zhang; Wei Wang; Yong Hu; Gao Lei; Xiuwen Chi; Gaofeng Ren; Yuhao You,2022,article,Minerals,28,Q02,no
10.3390/min12121605,10.3390/min12121605,https://openalex.org/W4311398840,Mechanism and Application of Hydraulic Fracturing in the High-Level Thick and Hard Gangue Layer to Improve Top Coal Caving in Fully Mechanized Caving Mining of an Ultra-Thick Coal Seam,Hongye Luo; Shun Liang; Qiangling Yao; Yisong Hao; Xuehua Li; Furong Wang; Xiaoyu Chen; Miao Yang,2022,article,Minerals,6,Q08,no
10.3390/molecules29173995,10.3390/molecules29173995,https://openalex.org/W4401811139,Exploring the Dynamics of Charge Transfer in Photocatalysis: Applications of Femtosecond Transient Absorption Spectroscopy,Na Li; Yan Ma; Wanjun Sun,2024,article,Molecules,37,Q09,no
10.3390/nano14161345,10.3390/nano14161345,https://openalex.org/W4401584131,Optical Fiber Probe with Integrated Micro-Optical Filter for Raman and Surface-Enhanced Raman Scattering Sensing,Md Abdullah Al Mamun; Tomas Katkus; Anita Mahadevan‐Jansen; Saulius Juodkazis; Paul R. Stoddart,2024,article,Nanomaterials,2,Q04,no
10.3390/nano14231867,10.3390/nano14231867,https://openalex.org/W4404584543,Recent Advances and Remaining Challenges in Perovskite Solar Cell Components for Innovative Photovoltaics,P. Baraneedharan; Sankar Sekar; M. Silambarasan; Djaloud Ahamada; Syed Ali Beer Mohamed; Youngmin Lee; Sejoon Lee,2024,article,Nanomaterials,35,Q05,no
10.3390/nano9101452,10.3390/nano9101452,https://openalex.org/W2979496728,Formation and Characterization of Hole Nanopattern on Photoresist Layer by Scanning Near-Field Optical Microscope,Agata Roszkiewicz; Amrita Jain; M. Teodorczyk; W. Nasalski,2019,article,Nanomaterials,10,Q09,no
10.3390/photonics10121337,10.3390/photonics10121337,https://openalex.org/W4389274255,Fast and Accurate Measurement of Hole Systems in Curved Surfaces,Ping Wang; Lingbao Kong; Huijun An; Minge Gao; Hailong Cui,2023,article,Photonics,2,Q05,yes
10.3390/photonics12070702,10.3390/photonics12070702,https://openalex.org/W4412200854,Simulation-Driven End-to-End Deep Learning Method for White-Light Interference Topography Reconstruction,Xuan Qi; Yudong Lian; Yulei Wang; Zhiwei Lü,2025,article,Photonics,4,Q05,no
10.3390/photonics9020086,10.3390/photonics9020086,https://openalex.org/W4210539964,Optical Biomedical Diagnostics Using Lab-on-Fiber Technology: A Review,Banshi D. Gupta; Anisha Pathak; Anand M. Shrivastav,2022,article,Photonics,34,Q04,no
10.3390/polym10030280,10.3390/polym10030280,https://openalex.org/W2793876312,Optical Fiber Sensors Based on Polymeric Sensitive Coatings,Pedro J. Rivero; Javier Goicoechea; Francisco J. Arregui,2018,article,Polymers,75,Q04,no
10.3390/polym13142271,10.3390/polym13142271,https://openalex.org/W3181950855,Estimating the Accuracy of Mandible Anatomical Models Manufactured Using Material Extrusion Methods,P. Turek; Grzegorz Budzik,2021,article,Polymers,26,Q11,no
10.3390/polym14224886,10.3390/polym14224886,https://openalex.org/W4308969755,Effective and Easy Techniques of Collagen Deposition onto Polylactide Films: DC-Discharge Plasma Treatment vs. Chemical Entrapment,Tatiana S. Demina; М. С. Пискарев; Aisylu V. Birdibekova; Nadezhda N. Veryasova; Anastasia Shpichka; Nastasia V. Kosheleva; А. К. Гатин; Е. А. Скрылева; Elena Istranova; A. B. Gilman; Т. А. Акопова; Peter Timashev,2022,article,Polymers,4,Q09,no
10.3390/pr8060663,10.3390/pr8060663,https://openalex.org/W3033068655,Effects of the Microbubble Generation Mode on Hydrodynamic Parameters in Gas–Liquid Bubble Columns,Shanglei Ning; Haibo Jin; Guangxiang He; Lei Ma; Xiaoyan Guo; Rongyue Zhang,2020,article,Processes,10,Q04,no
10.3390/pr9040603,10.3390/pr9040603,https://openalex.org/W3151183118,Pressure Relief by Blasting Roof Cutting in Close Seam Group Mining under Thick Sandstone to Enhance Gas Extraction for Mining Safety,Kui Gao; Ping Huang; Zegong Liu; Jian Liu; Fei Wang; Chi‐Min Shu,2021,article,Processes,21,Q02,no
10.3390/pr9101827,10.3390/pr9101827,https://openalex.org/W3205059430,Heat Transfer Enhancement in Gravity Heat Pipes Using AAO Nanostructure Generated on Condenser Section Inner Surface,Chun-Ching Kuo; Huei Chu Weng,2021,article,Processes,1,Q05,no
10.3390/rs15030599,10.3390/rs15030599,https://openalex.org/W4317436271,Auto-Diagnosis of Time-of-Flight for Ultrasonic Signal Based on Defect Peaks Tracking Model,Fan Yang; Dongliang Shi; Long-Yin Lo; Qian Mao; J. Zhang; Kwok Ho Lam,2023,article,Remote Sensing,19,Q05,no
10.3390/s110807773,10.3390/s110807773,https://openalex.org/W2165787319,A Review of Optical NDT Technologies,Yongkai Zhu; Gui-Yun Tian; Rongsheng Lu; Hong Zhang,2011,article,Sensors,224,Q07;Q08,no
10.3390/s120708861,10.3390/s120708861,https://openalex.org/W2026471456,Microfiber-Based Bragg Gratings for Sensing Applications: A Review,Jun-long Kou; Ming Ding; Jing Feng; Yanqing Lu; Fei Xu; Gilberto Brambilla,2012,article,Sensors,129,Q04,no
10.3390/s130607385,10.3390/s130607385,https://openalex.org/W2028207174,An Optical Fiber Bundle Sensor for Tip Clearance and Tip Timing Measurements in a Turbine Rig,Iker García; Josu Beloki; Joseba Zubía; Gotzon Aldabaldetreku; M. A. Illarramendi; Felipe Jiménez,2013,article,Sensors,96,Q12,yes
10.3390/s140305677,10.3390/s140305677,https://openalex.org/W2087615707,An Integrated Photoluminescence Sensing Platform Using a Single-Multi-Mode Fiber Coupler-Based Probe,Feng Long; Anna Zhu; Hanchang Shi,2014,article,Sensors,4,Q04,no
10.3390/s150715494,10.3390/s150715494,https://openalex.org/W1518925799,Optical Fiber Sensors for Aircraft Structural Health Monitoring,Iker García; Joseba Zubía; Gaizka Durana; Gotzon Aldabaldetreku; M. A. Illarramendi; Joel Villatoro,2015,article,Sensors,215,Q12,no
10.3390/s151025090,10.3390/s151025090,https://openalex.org/W1792726208,Surface Plasmon Scattering in Exposed Core Optical Fiber for Enhanced Resolution Refractive Index Sensing,Elizaveta Klantsataya; F. Alexandre; Heike Ebendorff‐Heidepriem; Peter Hoffmann; Tanya M. Monro,2015,article,Sensors,106,Q04,no
10.3390/s16091508,10.3390/s16091508,https://openalex.org/W2521762757,A Differential Reflective Intensity Optical Fiber Angular Displacement Sensor,Binghui Jia; He Lei; Guodong Yan; Yong Feng,2016,article,Sensors,22,Q12,no
10.3390/s16111877,10.3390/s16111877,https://openalex.org/W2549726194,A Laser-Based Measuring System for Online Quality Control of Car Engine Block,Xingqiang Li; Zhong Wang; Luhua Fu,2016,article,Sensors,34,Q03,no
10.3390/s16111897,10.3390/s16111897,https://openalex.org/W2550263992,Tip-Clearance Measurement in the First Stage of the Compressor of an Aircraft Engine,Iker García; Radosław Przysowa; Josu Amorebieta; Joseba Zubía,2016,article,Sensors,33,Q12,yes
10.3390/s17010012,10.3390/s17010012,https://openalex.org/W2562692873,Plasmonic Fiber Optic Refractometric Sensors: From Conventional Architectures to Recent Design Trends,Elizaveta Klantsataya; Peipei Jia; Heike Ebendorff‐Heidepriem; Tanya M. Monro; F. Alexandre,2016,article,Sensors,225,Q04,no
10.3390/s17010165,10.3390/s17010165,https://openalex.org/W2576945763,Optical Tip Clearance Measurements as a Tool for Rotating Disk Characterization,Iker García; Joseba Zubía; Josu Beloki; J. Arrué; Gaizka Durana; Gotzon Aldabaldetreku,2017,article,Sensors,11,Q12,yes
10.3390/s17020294,10.3390/s17020294,https://openalex.org/W2587047648,Calibration of Laser Beam Direction for Inner Diameter Measuring Device,Tongyu Yang; Zhong Wang; Zhengang Wu; Xingqiang Li; Lei Wang; Changjie Liu,2017,article,Sensors,29,Q05,yes
10.3390/s17051097,10.3390/s17051097,https://openalex.org/W2612681176,A Blade Tip Timing Method Based on a Microwave Sensor,Jilong Zhang; Fajie Duan; Guangyue Niu; Jiajia Jiang; Jie Li,2017,article,Sensors,52,Q12,no
10.3390/s17071531,10.3390/s17071531,https://openalex.org/W2733211158,Temperature Measurement and Numerical Prediction in Machining Inconel 718,José Díaz‐Álvarez; Alberto Tapetado; Carmen Vázquez; H. Miguélez,2017,article,Sensors,54,Q04,no
10.3390/s17081745,10.3390/s17081745,https://openalex.org/W2741603970,Sparse Representation Based Frequency Detection and Uncertainty Reduction in Blade Tip Timing Measurement for Multi-Mode Blade Vibration Monitoring,Minghao Pan; Yongmin Yang; Fengjiao Guan; Haifeng Hu; Hailong Xu,2017,article,Sensors,105,Q12,no
10.3390/s18030749,10.3390/s18030749,https://openalex.org/W2790003318,Filament Breakage Monitoring in Fused Deposition Modeling Using Acoustic Emission Technique,Zhensheng Yang; Jin Li; Youruiling Yan; Yiming Mei,2018,article,Sensors,67,Q08,no
10.3390/s18030903,10.3390/s18030903,https://openalex.org/W2791270922,Micro/Nanofibre Optical Sensors: Challenges and Prospects,Limin Tong,2018,article,Sensors,144,Q04,no
10.3390/s18040995,10.3390/s18040995,https://openalex.org/W2795125005,Infrared Hollow Optical Fiber Probe for Localized Carbon Dioxide Measurement in Respiratory Tracts,Takashi Katagiri; Kyosuke Shibayama; Takeru Iida; Yuji Matsuura,2018,article,Sensors,17,Q04,no
10.3390/s18072166,10.3390/s18072166,https://openalex.org/W2838683405,A Blade Defect Diagnosis Method by Fusing Blade Tip Timing and Tip Clearance Information,Jiwang Zhang; Laibin Zhang; Lixiang Duan,2018,article,Sensors,22,Q12,no
10.3390/s18072243,10.3390/s18072243,https://openalex.org/W2849998126,A Miniature Binocular Endoscope with Local Feature Matching and Stereo Matching for 3D Measurement and 3D Reconstruction,Di Wang; Hua Liu; Xiang Cheng,2018,article,Sensors,28,Q08,no
10.3390/s18124229,10.3390/s18124229,https://openalex.org/W2902147196,Development of a Micro/Nano Probing System Using Double Elastic Mechanisms,Ruijun Li; Peng Xu; Pengyu Wang; Kuang–Chao Fan; Rongjun Cheng; Qiangxian Huang,2018,article,Sensors,12,Q03,no
10.3390/s18124298,10.3390/s18124298,https://openalex.org/W2904367039,Etched Fiber Bragg Grating Biosensor Functionalized with Aptamers for Detection of Thrombin,Aliya Bekmurzayeva; Kanat Dukenbayev; Madina Shaimerdenova; Ildar Bekniyazov; Takhmina Ayupova; Marzhan Sypabekova; Carlo Molardi; Daniele Tosi,2018,article,Sensors,96,Q04,no
10.3390/s19010061,10.3390/s19010061,https://openalex.org/W2906640726,Experimental Investigation of High Temperature-Resistant Inductive Sensor for Blade Tip Clearance Measurement,Ziyu Zhao; Zhenxia Liu; Yaguo Lyu; Yajun Gao,2018,article,Sensors,19,Q12,yes
10.3390/s19030711,10.3390/s19030711,https://openalex.org/W2914378896,A Review of NDT/Structural Health Monitoring Techniques for Hot Gas Components in Gas Turbines,Frank Mevissen; Michele Meo,2019,article,Sensors,97,Q12,no
10.3390/s19040761,10.3390/s19040761,https://openalex.org/W2912447061,Eddy Current Sensor System for Blade Tip Clearance Measurement Based on a Speed Adjustment Model,Jiang Wu; Bin Wen; Yu Zhou; Qi Zhang; Shuiting Ding; Farong Du; Shuguang Zhang,2019,article,Sensors,24,Q12,yes
10.3390/s19061410,10.3390/s19061410,https://openalex.org/W2922626034,Long Slender Piezo-Resistive Silicon Microprobes for Fast Measurements of Roughness and Mechanical Properties inside Micro-Holes with Diameters below 100 µm,Uwe Brand; Min Xu; Lutz Doering; Jannick Langfahl‐Klabes; Heinrich Behle; Sebastian Bütefisch; Thomas Ahbe; Erwin Peiner; Stefan Völlmeke; Thomas Frank; Bodo Mickan; I. Kiselev; Michael Hauptmannl; Michael V. Drexel,2019,article,Sensors,19,Q03,yes
10.3390/s19071538,10.3390/s19071538,https://openalex.org/W2926899804,Research on a Novel Fabry–Perot Interferometer Model Based on the Ultra-Small Gradient-Index Fiber Probe,Chi Wang; Jianmei Sun; Chenye Yang; Bin Kuang; Fang Dong; Anand Asundi,2019,article,Sensors,11,Q04,no
10.3390/s19102244,10.3390/s19102244,https://openalex.org/W2946041923,Performance Comparison of Three Fibre-Based Reflective Optical Sensors for Aero Engine Monitorization,Rubén Fernández; Josu Amorebieta; Josu Beloki; Gotzon Aldabaldetreku; Iker García; Joseba Zubía; Gaizka Durana,2019,article,Sensors,12,Q12,no
10.3390/s19102294,10.3390/s19102294,https://openalex.org/W2945865790,Tapered Optical Fibre Sensors: Current Trends and Future Perspectives,Sergiy Korposh; Stephen W. James; Seung-Woo Lee; Ralph P. Tatam,2019,article,Sensors,192,Q04,no
10.3390/s19204601,10.3390/s19204601,https://openalex.org/W2981463386,"A Simple, Low-Cost Micro-Coating Method for Accuracy Improvement and Its Application in Pressure Sensors",Jialin Yao; Yuxuan Chen; Wenjiang Qiang; Xizi Wang; Hao Wei; Bo-Hang Gao; Xing Yang,2019,article,Sensors,2,Q05,no
10.3390/s19224970,10.3390/s19224970,https://openalex.org/W2985276643,Improved Visual Inspection through 3D Image Reconstruction of Defects Based on the Photometric Stereo Technique,Sanao Huang; Ke Xu; Ming Li; M. Wu,2019,article,Sensors,20,Q05,no
10.3390/s20154142,10.3390/s20154142,https://openalex.org/W3045406402,Depth-of-Field-Extended Plenoptic Camera Based on Tunable Multi-Focus Liquid-Crystal Microlens Array,Mingce Chen; Wenda He; Dong Wei; Chai Hu; Jiashuo Shi; Xinyu Zhang; Haiwei Wang; Changsheng Xie,2020,article,Sensors,32,Q05,no
10.3390/s20185253,10.3390/s20185253,https://openalex.org/W3086657756,Refractive Index Sensor Based on Double Side-Polished U-Shaped Plastic Optical Fiber,Shumin Wang; Daming Zhang; Yan Xu; Siwen Sun; Xiaoqiang Sun,2020,article,Sensors,44,Q04,no
10.3390/s20247178,10.3390/s20247178,https://openalex.org/W3111797832,Multi-Parameter Measurement of Rotors Using the Doppler Effect of Frequency-Swept Interferometry,Bin Shao; Wei Zhang; Peng Zhang; Weimin Chen,2020,article,Sensors,8,Q12,no
10.3390/s21020500,10.3390/s21020500,https://openalex.org/W3118655880,Flame Image Processing and Classification Using a Pre-Trained VGG16 Model in Combustion Diagnosis,Zbigniew Omiotek; Andrzej Kotyra,2021,article,Sensors,59,Q08,no
10.3390/s21051557,10.3390/s21051557,https://openalex.org/W3129468402,Investigating the Trackability of Silicon Microprobes in High-Speed Surface Measurements,Min Xu; Zhi Li; Michael Fahrbach; Erwin Peiner; Uwe Brand,2021,article,Sensors,11,Q03,no
10.3390/s21072553,10.3390/s21072553,https://openalex.org/W3142290225,3D Sensors for Sewer Inspection: A Quantitative Review and Analysis,Chris Bahnsen; Anders S. Johansen; Mark Philip Philipsen; Jesper W. Henriksen; Kamal Nasrollahi; Thomas B. Moeslund,2021,article,Sensors,38,Q05;Q11,no
10.3390/s21165262,10.3390/s21165262,https://openalex.org/W3187266025,Surface Plasmonic Sensors: Sensing Mechanism and Recent Applications,Qilin Duan; Yineng Liu; Shanshan Chang; Huanyang Chen; Jinhui Chen,2021,article,Sensors,194,Q04,no
10.3390/s21175955,10.3390/s21175955,https://openalex.org/W3196453779,In-Line Measurement of the Surface Texture of Rolls Using Long Slender Piezoresistive Microprobes,Linus Teir; Tuomas Lindstedt; Thomas Widmaier; Björn Hemming; Uwe Brand; Michael Fahrbach; Erwin Peiner; Antti Lassila,2021,article,Sensors,16,Q03,no
10.3390/s21186135,10.3390/s21186135,https://openalex.org/W3199220178,Assessment of the Effect of Cleanliness on the Visual Inspection of Aircraft Engine Blades: An Eye Tracking Study,Jonas Aust; Antonija Mitrović; Dirk Pons,2021,article,Sensors,29,Q08,no
10.3390/s21186138,10.3390/s21186138,https://openalex.org/W3199825139,Methods of Hidden Periodicity Discovering for Gearbox Fault Detection,Ihor Javorskyj; Ivan Matsko; Roman Yuzefovych; Oleh Lychak; R. M. Lys,2021,article,Sensors,32,Q08,no
10.3390/s21196469,10.3390/s21196469,https://openalex.org/W3201899256,Recent Advances in Biomedical Photonic Sensors: A Focus on Optical-Fibre-Based Sensing,Mario Ochoa; José Francisco Algorri; Pablo Roldán-Varona; Luis Rodŕıguez-Cobo; José Miguel López Higuera,2021,article,Sensors,68,Q04,no
10.3390/s22010262,10.3390/s22010262,https://openalex.org/W4205208438,False Ceiling Deterioration Detection and Mapping Using a Deep Learning Framework and the Teleoperated Reconfigurable ‘Falcon’ Robot,Archana Semwal; Mohan Rajesh Elara; Lee Ming Jun Melvin; Povendhan Palanisamy; Chanthini Baskar; Lim Yi; Sathian Pookkuttath; Balakrishnan Ramalingam,2021,article,Sensors,9,Q08,no
10.3390/s22020560,10.3390/s22020560,https://openalex.org/W4206062533,A Comparative Study between Scanning Devices for 3D Printing of Personalized Ostomy Patches,Sofia Zahia; Begonya García-Zapirain; Jon Anakabe; Joan Ander; Oscar Jossa-Bastidas; Alberto Loizate Totoricagüena,2022,article,Sensors,18,Q05,no
10.3390/s22031298,10.3390/s22031298,https://openalex.org/W4211092366,Using a Tip Characterizer to Investigate Microprobe Silicon Tip Geometry Variation in Roughness Measurements,Min Xu; Ziqi Zhou; Thomas Ahbe; Erwin Peiner; Uwe Brand,2022,article,Sensors,4,Q03,no
10.3390/s22072694,10.3390/s22072694,https://openalex.org/W4221059772,Advanced Fiber Sensors Based on the Vernier Effect,Yunhao Chen; L. Zhao; Shuai Hao; Jianing Tang,2022,article,Sensors,75,Q04,no
10.3390/s22145363,10.3390/s22145363,https://openalex.org/W4285802442,"Review of Optical Fiber Sensors for Temperature, Salinity, and Pressure Sensing and Measurement in Seawater",Honglin Liang; Jing Wang; Lihui Zhang; Jichao Liu; Shanshan Wang,2022,article,Sensors,79,Q04,no
10.3390/s22155722,10.3390/s22155722,https://openalex.org/W4289529413,Optical Fiber Sensors for High-Temperature Monitoring: A Review,Shaonian Ma; Yanping Xu; Yuxi Pang; Xian Zhao; Yongfu Li; Zengguang Qin; Zhaojun Liu; Ping Lü; Xiaoyi Bao,2022,article,Sensors,157,Q04,no
10.3390/s23010013,10.3390/s23010013,https://openalex.org/W4313435946,A Three-Dimensional Structured Light Vision System by Using a Combination of Single-Line and Three-Line Lasers,Qiucheng Sun; Zeming Ren; Jinlong Zhu; Weiyu Dai; Mingze Wang; Mingyu Sun,2022,article,Sensors,19,Q05,no
10.3390/s23020596,10.3390/s23020596,https://openalex.org/W4313576926,An Overview on Image-Based and Scanner-Based 3D Modeling Technologies,Styliani Verykokou; Charalabos Ioannidis,2023,article,Sensors,94,Q05,no
10.3390/s23031129,10.3390/s23031129,https://openalex.org/W4317398965,Experimental Investigation on Hardware and Triggering Effect in Tip-Timing Measurement Uncertainty,Lorenzo Capponi; Tommaso Tocci; Marco Marrazzo; Roberto Marsili; Gianluca Rossi,2023,article,Sensors,15,Q12,no
10.3390/s23042187,10.3390/s23042187,https://openalex.org/W4320918877,Review of Seawater Fiber Optic Salinity Sensors Based on the Refractive Index Detection Principle,Gaochao Li; Yongjie Wang; Ancun Shi; Yuanhui Liu; Fang Li,2023,article,Sensors,59,Q04,no
10.3390/s23052600,10.3390/s23052600,https://openalex.org/W4322502807,State-Space Model for Arrival Time Simulations and Methodology for Offline Blade Tip-Timing Software Characterization,Tommaso Tocci; Lorenzo Capponi; Gianluca Rossi; Roberto Marsili; Marco Marrazzo,2023,article,Sensors,8,Q12,no
10.3390/s23146433,10.3390/s23146433,https://openalex.org/W4384557796,A Method for Measuring Parameters of Defective Ellipse Based on Vision,He Zhang; Li Wang; Wenya Liu; Jiwen Cui; Jiubin Tan,2023,article,Sensors,3,Q04,no
10.3390/s23208603,10.3390/s23208603,https://openalex.org/W4387822724,Development of a Procedure for Torsion Measurement Using a Fan-Shaped Distance Meter System,M. Goering; Thomas Lühmann,2023,article,Sensors,2,Q12,no
10.3390/s24061998,10.3390/s24061998,https://openalex.org/W4393043865,Crop Leaf Phenotypic Parameter Measurement Based on the RKM-D Point Cloud Method,Weiyi Mu; Yuanxin Li; Mingjiang Deng; Ning Han; Xin Guo,2024,article,Sensors,2,Q05,no
10.3390/s24072152,10.3390/s24072152,https://openalex.org/W4393218573,Advances in Aeroengine Cooling Hole Measurement: A Comprehensive Review,Shuyan Yan; Junkai Shi; Guannan Li; Can Hao; Ying Wang; Hao Yu; Weihu Zhou,2024,article,Sensors,21,Q03,yes
10.3390/s24113554,10.3390/s24113554,https://openalex.org/W4399209426,Three-Dimensional-Scanning of Pipe Inner Walls Based on Line Laser,L Kong; Linqian Ma; Keyuan Wang; Xingshuo Peng; Nan Geng,2024,article,Sensors,6,Q05;Q06,yes
10.3390/s24123786,10.3390/s24123786,https://openalex.org/W4399533755,A Visual Measurement Method for Deep Holes in Composite Material Aerospace Components,Fantong Meng; Jiankun Yang; Guolin Yang; Haibo Lu; Zhigang Dong; Renke Kang; Dongming Guo; Yan Qin,2024,article,Sensors,9,Q02,yes
10.3390/s24144484,10.3390/s24144484,https://openalex.org/W4400534204,Measurement Approach for the Pose of Flanges in Cabin Assemblies through Distributed Vision,Xiaojie Ma; Jieyu Zhang; Tianchao Miao; Fawen Xie; Zhongqiu Geng,2024,article,Sensors,1,Q05,no
10.3390/s24175790,10.3390/s24175790,https://openalex.org/W4402319971,Research on Point Cloud Acquisition and Calibration of Deep Hole Inner Surfaces Based on Collimated Ring Laser Beams,Huifu Du; Xiaowei Zhao; Daguo Yu; Hongyan Shi; Ziyang Zhou,2024,article,Sensors,9,Q02;Q05;Q09;Q11,no
10.3390/s24185935,10.3390/s24185935,https://openalex.org/W4402526626,A Machine Vision Method for Identifying Blade Tip Clearance in Wind Turbines,Le Zhang; Jiadan Wei,2024,article,Sensors,6,Q12,no
10.3390/s24185938,10.3390/s24185938,https://openalex.org/W4402524482,Numerical Investigation on the Influence of Turbine Rotor Parameters on the Eddy Current Sensor for the Dynamic Blade Tip Clearance Measurement,Lingqiang Zhao; Fulin Liu; Yaguo Lyu; Zhenxia Liu; Ziyu Zhao,2024,article,Sensors,6,Q12,yes
10.3390/s24186117,10.3390/s24186117,https://openalex.org/W4402768272,Automatic Measurement of Seed Geometric Parameters Using a Handheld Scanner,Xia Huang; Fengbo Zhu; Xiqi Wang; Bo Zhang,2024,article,Sensors,7,Q02,no
10.3390/s24186133,10.3390/s24186133,https://openalex.org/W4402766640,Experimental Investigation on the Effect of Coil Shape on Planar Eddy Current Sensor Characteristic for Blade Tip Clearance,Lingqiang Zhao; Yaguo Lyu; Fulin Liu; Zhenxia Liu; Ziyu Zhao,2024,article,Sensors,5,Q12,yes
10.3390/s24206554,10.3390/s24206554,https://openalex.org/W4403318913,Interior Profile Accuracy Assessment Method of Deep-Hole Parts Based on Servo Drive System,Jintao Liang; K. Wang; Xiaotian Song; Xiaolan Han,2024,article,Sensors,4,Q02,yes
10.3390/s24237709,10.3390/s24237709,https://openalex.org/W4405001925,FPGA-Based Sensors for Distributed Digital Manufacturing Systems: A State-of-the-Art Review,L.M. Khan; Sriram Praneeth Isanaka; Frank Liou,2024,article,Sensors,6,Q10,no
10.3390/s24237734,10.3390/s24237734,https://openalex.org/W4405001258,Extension of the Side Distance Measurement Aspect Ratio in the Measurement of a Slot or Bore Using a Commercial Laser Triangulation Sensor,Jan Hošek,2024,article,Sensors,2,Q05,yes
10.3390/s24237786,10.3390/s24237786,https://openalex.org/W4405074481,Improving Sewer Damage Inspection: Development of a Deep Learning Integration Concept for a Multi-Sensor System,Jan Thomas Jung; Alexander Reiterer,2024,article,Sensors,11,Q05,no
10.3390/s24237847,10.3390/s24237847,https://openalex.org/W4405184989,An On-Machine Measuring Apparatus for Dimension and Form Errors of Deep-Hole Parts,Jintao Liang; Xiaotian Song; K. Wang; Xiaolan Han,2024,article,Sensors,6,Q02;Q05,yes
10.3390/s24248050,10.3390/s24248050,https://openalex.org/W4405496122,Design and Uncertainty Evaluation of a Calibration Setup for Turbine Blades Vibration Measurement,Lorenzo Capponi; Giulio Tribbiani; Vittoria Medici; Stéphane Fabri; Andrea Prato; Paolo Castellini; Alessandro Schiavi; Nicola Paone; Gianluca Rossi,2024,article,Sensors,1,Q12,no
10.3390/s25020332,10.3390/s25020332,https://openalex.org/W4406169020,Piezoresistive Cantilever Microprobe with Integrated Actuator for Contact Resonance Imaging,Tianran Ma; Michael Fahrbach; Erwin Peiner,2025,article,Sensors,2,Q03,no
10.3390/s25041113,10.3390/s25041113,https://openalex.org/W4407391941,Laser Stripe Centerline Extraction Method for Deep-Hole Inner Surfaces Based on Line-Structured Light Vision Sensing,Huifu Du; Daguo Yu; Xiaowei Zhao; Ziyang Zhou,2025,article,Sensors,8,Q02;Q05,yes
10.3390/s25092843,10.3390/s25092843,https://openalex.org/W4410001315,A Full-Profile Measurement Method for an Inner Wall with Narrow-Aperture and Large-Cavity Parts Based on Line-Structured Light Rotary Scanning,Zhengwen Li; Changshuai Fang; Xiaodong Zhang,2025,article,Sensors,4,Q05,yes
10.3390/s25092860,10.3390/s25092860,https://openalex.org/W4410001057,Rotary Panoramic and Full-Depth-of-Field Imaging System for Pipeline Inspection,Qiang Xing; Xueqin Zhao; Kun Song; Jiawen Jiang; Xinhao Wang; Yuanyuan Huang; Haodong Wei,2025,article,Sensors,0,Q05,yes
10.3390/s25103059,10.3390/s25103059,https://openalex.org/W4410300644,Gap Measurements in Aerospace Engineering,Xinyuan Zhao; Chao Zhang; Long Xu; Tao Wang; Pei Li; Heng Zhang; Jun Yang,2025,article,Sensors,3,Q12,no
10.3390/s25103145,10.3390/s25103145,https://openalex.org/W4410446333,Experimental Verification of High-Temperature Resistance and High Resolution of Inductive Tip Clearance Measurement System,Ziyu Zhao; Lingqiang Zhao; Yaguo Lyu; Zhenxia Liu,2025,article,Sensors,1,Q12,yes
10.3390/s25123745,10.3390/s25123745,https://openalex.org/W4411340186,Research on a Multi-Dimensional Information Fusion Mechanical Wear Fault-Diagnosis Algorithm Based on Data Regeneration,Qifan Zhou; Bosong Chai; Kunwen Ran; Yingqing Guo; Shan Zhou; Wangyu Wu; Kun Wang; Yao Ni,2025,article,Sensors,1,Q08,no
10.3390/s25154631,10.3390/s25154631,https://openalex.org/W4412692701,"Crack Detection in Civil Infrastructure Using Autonomous Robotic Systems: A Synergistic Review of Platforms, Cognition, and Autonomous Action",Rong Dai; Rui Wang; Chang Shu; Jianming Li; Zhe Wei,2025,article,Sensors,5,Q05,no
10.3390/s25154873,10.3390/s25154873,https://openalex.org/W4413115494,A Review on Pipeline In-Line Inspection Technologies,Qinghua Ma; Weige Liang; Peiyi Zhou,2025,article,Sensors,12,Q05,yes
10.3390/s25185855,10.3390/s25185855,https://openalex.org/W4414356945,Application of Optical Measurements to Assess Form Deviations of Cylindrical Parts Made Using FDM Additive Technology,Anna Bujarska; Paweł Zmarzły; Paweł Szczygieł,2025,article,Sensors,1,Q11,no
10.3390/s25206407,10.3390/s25206407,https://openalex.org/W4415299709,"Measurement of Strain and Vibration, at Ambient Conditions, on a Dynamically Pressurised Aircraft Fuel Pump Using Optical Fibre Sensors",Edmon Chehura; Stephen W. James; Jarryd Braithwaite; James H. Barrington; Stephen E. Staines; Andrew Keil; M.K. Yates; Nicholas J. Lawson; Ralph P. Tatam,2025,article,Sensors,1,Q12,no
10.3390/s25226863,10.3390/s25226863,https://openalex.org/W4416088453,Measurement of Form and Position Error of Small-Diameter Deep Holes Based on Collaboration Between a Lateral Confocal Displacement Sensor and Helical Scanning,Yao Liu; Daguo Yu; Huifu Du; Tong Chen,2025,article,Sensors,4,Q02;Q09,yes
10.3390/s26020600,10.3390/s26020600,https://openalex.org/W7124338245,Multi-Scale Adaptive Light Stripe Center Extraction for Line-Structured Light Vision Based Online Wheelset Measurement,Saisai Liu; Qixin He; Wenjie Fu; Boshi Du; Qibo Feng,2026,article,Sensors,1,Q05,no
10.3390/s26103101,10.3390/s26103101,https://openalex.org/W7161140644,Ceramic-Integrated Eddy Current Sensor for Blade Tip Clearance Measurement: Design and Performance Evaluation,Qiang Miao; Zhichun Liu; Q Liu,2026,article,Sensors,0,Q12,yes
10.3390/s26113384,10.3390/s26113384,https://openalex.org/W7162570098,A Spectral Confocal Measurement Method for High-Aspect-Ratio Deep Holes Based on Stepped Ring Gauge and Hierarchical Error Compensation,Yao Liu; Gui Wang; Daguo Yu; Huifu Du,2026,article,Sensors,0,Q02;Q09,yes
10.3390/s6111440,10.3390/s6111440,https://openalex.org/W2148068557,Volatile Organic Compound Optical Fiber Sensors: A Review,César Elosúa; Ignacio R. Matı́as; Cándido Bariáin; Francisco J. Arregui,2006,article,Sensors,199,Q04,no
10.3390/s7123489,10.3390/s7123489,https://openalex.org/W2089929822,Optical Fiber Sensing Using Quantum Dots,P. A. S. Jorge; Manuel A. Martins; Tito Trindade; J. L. Santos; Faramarz Farahi,2007,article,Sensors,128,Q04,no
10.3390/s90907021,10.3390/s90907021,https://openalex.org/W1964055865,On-Line Metrology with Conoscopic Holography: Beyond Triangulation,Ignacio Álvarez; José M. Enguita; María Frade; Jorge Marina; G. Ojea,2009,article,Sensors,37,Q11,no
10.3390/su10093145,10.3390/su10093145,https://openalex.org/W2890520504,"Railway Freight Transport and Logistics: Methods for Relief, Algorithms for Verification and Proposals for the Adjustment of Tunnel Inner Surfaces",Giuseppe Loprencipe; Laura Moretti; Tiziana Pestillo; Ricardo Ferraro,2018,article,Sustainability,11,Q05,no
10.3390/su15076074,10.3390/su15076074,https://openalex.org/W4362465381,The Floor Heave Mechanism and Control Technology of Gob-Side Entry Retaining of Soft Rock Floor,Zexin Li; Yidong Zhang; Yidong Zhang; Qi Ma; Yu Zheng; Guangyuan Song; Wanzi Yan; Yu Zhang; Yu Zhang; Lei Hu,2023,article,Sustainability,19,Q02,no
10.3390/su151914490,10.3390/su151914490,https://openalex.org/W4387370683,Estimating Groundwater Flow Velocity in Shallow Volcanic Aquifers of the Ethiopian Highlands Using a Geospatial Technique,Hassen Shube; Seifu Kebede; Tilahun Azagegn; Dessie Nedaw; Muhammed Haji; Shankar Karuppannan,2023,article,Sustainability,11,Q08,no
10.3390/sym15061255,10.3390/sym15061255,https://openalex.org/W4380684327,Research on Visual Measurement of Aperture and Hole Group Center Distance Based on Geometric Constraint,Chunfeng Li; Xiping Xu; Zhen Ren; Siyuan Liu,2023,article,Symmetry,4,Q02,yes
10.3390/sym15081570,10.3390/sym15081570,https://openalex.org/W4385769483,A Decision-Making Method for Design Schemes Based on Intuitionistic Fuzzy Sets and Prospect Theory,Juan Hao; Xinqin Gao; Xueqi Yang; Yong Liu; Zhoupeng Han,2023,article,Symmetry,7,Q02,no
10.3390/w13050700,10.3390/w13050700,https://openalex.org/W3133759897,Application of Flow Velocity and Direction Measurement System in Slope Stability Analysis,Qi Ge; Jingjing Zhang; Zhongxuan Chen; Jin Li,2021,article,Water,4,Q08,no
10.3390/w18030437,10.3390/w18030437,https://openalex.org/W7128163343,Influence of Blade Tip Clearance on External Characteristics and Internal Flow Pattern of Axial Flow Pumps,Ling Bai; Jie Zhang; Cheng Li; Hong Xu; Ling Zhou,2026,article,Water,0,Q12,no
10.34429/0002000001,10.34429/0002000001,https://openalex.org/W7143718651,Non-contact micro-deformation detection based on optical phase-diversity digital coherent technology,XIAOYAN WANG,,dissertation,Institutional Repositories DataBase (IRDB),0,Q12,no
10.36227/techrxiv.22771271,10.36227/techrxiv.22771271,https://openalex.org/W4376129544,Transduction in MEMS/NEMS Based Actuation and Sensing,Vinayak Pachkawade,2023,preprint,,1,Q12,no
10.37099/mtu.dc.etds/379,10.37099/mtu.dc.etds/379,https://openalex.org/W2057072359,"Experimental results on gravity driven fully condensing flows in vertical tubes, their agreement with theory, and their differences with shear driven flows' boundary-condition sensitivities",Jorge Kurita,2011,dissertation,,10,Q08,no
10.37188/lam.2021.009,10.37188/lam.2021.009,https://openalex.org/W3135357148,Physics-based virtual coherence scanning interferometer for surface measurement,Rong Su; Richard Leach,2021,article,Light Advanced Manufacturing,60,Q09,no
10.37188/ope.20243224.3545,10.37188/ope.20243224.3545,https://openalex.org/W4407921059,Sensing properties of ellipsoidal extrinsic Fabry-Perot fiber probe,Guixin Li; Shenghui Shi; Binbin Luo; Xue Zou; Jian Chen; Mingfu Zhao,2024,article,Optics and Precision Engineering,0,Q04,no
10.37188/ope.20253323.3672,10.37188/ope.20253323.3672,https://openalex.org/W7131257181,微纳米三坐标测量机的技术进展,HE Yaxiong; LI Ruijun; HUANG Qiangxian; CHENG Zhenying; FAN Guangzhao,2025,article,Optics and Precision Engineering,0,Q03,no
10.37394/232013.2025.20.4,10.37394/232013.2025.20.4,https://openalex.org/W4407332276,Incidence Angle Effect on the Behaviour of a Flow around the Turbine Blades,Merouane Habib; Ismail Drai; Rachid Sahnoun,2025,article,WSEAS TRANSACTIONS ON FLUID MECHANICS,1,Q12,no
10.3788/col201109.071202,10.3788/col201109.071202,https://openalex.org/W2012573526,利用微小光纤光学探针对喷射喷嘴的干涉测量,Tilo Pfeifer; Robert Schmitt; Niels König; Guilherme Mallmann,2011,article,Chinese Optics Letters,13,Q03;Q04,no
10.3788/col202119.091404,10.3788/col202119.091404,https://openalex.org/W3172551720,Enhanced optical absorption surface of titanium fabricated by a femtosecond laser assisted with airflow pressure,Xun Li; Ming Li; Hongjun Liu,2021,article,Chinese Optics Letters,1,Q09,no
10.3788/col202523.063601,10.3788/col202523.063601,https://openalex.org/W4410610157,Compact nanohole/disk array-based plasmonic fiber-optic end-facet sensing probe: batch preparation and performance determination,Yijin He; Yuzhang Liang; Xinran Wei; Yuqi Du; Lanlan Shen; Jingyuan Zhao; Cheng Yang; Yurui Fang; Wei Peng,2025,article,Chinese Optics Letters,2,Q04,yes
10.3788/irla201746.1217008,10.3788/irla201746.1217008,https://openalex.org/W2790886588,Image distortion correction algorithm for complicated deep-hole profile using structured-light,丁 超 Ding Chao; 唐力伟 Tang Liwei; 曹立军 Cao Lijun; 邵新杰 Shao Xinjie; 邓士杰 Deng Shijie,2017,article,Infrared and Laser Engineering,2,Q02,yes
10.3788/irla201847.1117004,10.3788/irla201847.1117004,https://openalex.org/W2907975471,3D reconstruction of deep-hole inner surface using structured light,丁 超 Ding Chao; 唐力伟 Tang Liwei; 曹立军 Cao Lijun; 邵新杰 Shao Xinjie; 邓士杰 Deng Shijie,2018,article,Infrared and Laser Engineering,2,Q05,yes
10.3788/ope.20182607.1578,10.3788/ope.20182607.1578,https://openalex.org/W2897469414,Optical fiber measurement system for 3-D variation of turbine blade tip clearance,张小栋 ZHANG Xiao-dong; 吴 冰 WU Bing; 谢思莹 XIE Si-ying,2018,article,Optics and Precision Engineering,4,Q12,yes
10.37904/metal.2020.3568,10.37904/metal.2020.3568,https://openalex.org/W3104587806,THE INFLUENCE OF NITRIDING ON THE GEOMETRIC ACCURACY OF PARTS OF SPECIAL TECHNOLOGY,David Dobrocký; Zdeněk Pokorný; Zbyněk Studený; Zdeněk Joska; Jiří Procházka; Emil Svoboda,2020,conference-paper,Metal ...,3,Q02,no
10.3791/54889-v,10.3791/54889-v,https://openalex.org/W4205175309,A Novel Technique for Raman Analysis of Highly Radioactive Samples Using Any Standard Micro-Raman Spectrometer,Jean-Yves Colle; Mohammed Amine Naji; Mark Sierig; D. Manara,2017,article,Journal of Visualized Experiments,4,Q09,no
10.38036/jgpp.11.2_27,10.38036/jgpp.11.2_27,https://openalex.org/W3108581273,Development of an Air Cooled Borescope for Infrared Thermal Load Monitoring in Industrial Gas Turbine Combustors and Operational Experience,Jens Dickhoff; Karsten Kusterer; Atsushi Horikawa; Dieter Bohn,2020,article,International Journal of Gas Turbine Propulsion and Power Systems,4,Q08,yes
10.3837/tiis.2019.08.019,10.3837/tiis.2019.08.019,https://openalex.org/W2974830292,Object Dimension Estimation for Remote Visual Inspection in Borescope Systems,Hyun‐Sik Kim; Yong-Suk Park,2019,article,KSII Transactions on Internet and Information Systems,4,Q08,yes
10.3901/jme.2021.10.001,10.3901/jme.2021.10.001,https://openalex.org/W4250945288,Principle and Method for In-situ Measurement of Micro-scale Worn Surface Morphology Based on 3D Reconstruction with Photometric Stereo Vision Algorithm,Ke Zhu; Huo Yanwen; Tonghai Wu; CHEN Zhixiong,2021,article,Journal of Mechanical Engineering,4,Q08,no
10.3901/jme.2022.08.027,10.3901/jme.2022.08.027,https://openalex.org/W4381940444,Recent Advances and Tendency of Optical Fiber Sensing Technology for Equipment Manufacturing and Operating States Monitoring in Extreme Environments,Tianliang Li; GUO Jinxiu; WU Dongjian; TAN Yuegang; ZHOU Zude,2022,article,Journal of Mechanical Engineering,13,Q03;Q12,no
10.3901/jme.2023.05.011,10.3901/jme.2023.05.011,https://openalex.org/W4375843804,Research Status and Development Trend of Wall Climbing Robot,MA Jiliang; 提出基于比黏附能密度的机器人整体黏附性能分析方法; GUO Yanjie; CHEN Xuefeng,2023,article,Journal of Mechanical Engineering,12,Q08,no
10.3929/ethz-a-010737539,10.3929/ethz-a-010737539,https://openalex.org/W2537940295,Thermomechanical analysis of machining and brazing,Mansur Akbari,2016,dissertation,Repository for Publications and Research Data (ETH Zurich),1,Q09,no
10.3929/ethz-b-000350134,10.3929/ethz-b-000350134,https://openalex.org/W2954364653,EDM Drilling and Milling of Aerospace Materials,Mikhail Kliuev,2019,dissertation,Repository for Publications and Research Data (ETH Zurich),5,Q09,no
10.3990/1.9789036537261,10.3990/1.9789036537261,https://openalex.org/W2168562063,Picosecond pulsed laser microstructuring of metals for microfluidics,Daniel Arnaldo del Cerro,2014,dissertation,,3,Q09,no
10.4028/p-k81788,10.4028/p-k81788,https://openalex.org/W4286697520,&lt;i&gt;In Situ&lt;/i&gt; Wear Measurement of Hot Forging Dies Using Robot Aided Endoscopic Fringe Projection,Philipp Middendorf; Marcel Rothgänger; Julius Peddinghaus; Kai Brunotte; Johanna Uhe; Bernd‐Arno Behrens; Lorenz Quentin; Markus Kästner; Eduard Reithmeier,2022,article,Key engineering materials,2,Q07;Q08,no
10.4028/www.scientific.net/amr.891-892.1225,10.4028/www.scientific.net/amr.891-892.1225,https://openalex.org/W2006469740,Proposal of an Eigen-Strain Estimation for Determination of Residual Stresses Considering the Influence of Machining,M. Ogawa,2014,article,Advanced materials research,1,Q02,no
10.4047/jap.2025.17.4.224,10.4047/jap.2025.17.4.224,https://openalex.org/W4413769955,Fit accuracy of complete crowns fabricated by generative artificial intelligence design: a comparative clinical study,Thaw Thaw Win; Hang‐Nga Mai; So-Yeun Kim; Seok‐Hwan Cho; Jong‐Eun Kim; Viritpon Srimaneepong; Jekita Kaenploy; Du‐Hyeong Lee,2025,article,The Journal of Advanced Prosthodontics,11,Q05,no
10.4050/f-0072-2016-11425,10.4050/f-0072-2016-11425,https://openalex.org/W2620647743,Performance and Loads of a Model Coaxial Rotor Part I: Wind Tunnel Measurements,Christopher Cameron; Jayant Sirohi,2016,conference-paper,,3,Q12,no
10.4050/jahs.64.042003,10.4050/jahs.64.042003,https://openalex.org/W2972684143,Performance and Loads of a Reduced-Scale Coaxial Counterrotating Rotor,Christopher Cameron; Jayant Sirohi; Joseph Schmaus; Inderjit Chopra,2019,article,Journal of the American Helicopter Society,10,Q12,no
10.4061/2011/952470,10.4061/2011/952470,https://openalex.org/W2146686699,Scanning Electrochemical Microscopy as a Tool for the Characterization of Dental Erosion,Pollyana Souza Castro; Alex S. Lima; Tiago Luiz Ferreira; Mauro Bertotti,2011,article,International Journal of Electrochemistry,6,Q09,no
10.4108/ew.9387,10.4108/ew.9387,https://openalex.org/W4415503339,Consistency Monitoring of Wind Turbine Blade Loads Based on MEMS Optical Fiber Sensing,Yong Xue; Li Yang; Xiangye Fan; Binshan Xie; Zhiyuan Ma; 林林 Lin Lin; Mengnan Cao,2025,article,EAI Endorsed Transactions on Energy Web,1,Q12,no
10.4149/km_2012_3_209,10.4149/km_2012_3_209,https://openalex.org/W2325770752,Characteristics of plasma nitrided layers in deep holes,Zdeněk Pokorný; Oto Barborák; Vojtěch Hrubý,2012,article,Kovove Materialy-Metallic Materials,10,Q09,no
10.4172/jbb.10000188,10.4172/jbb.10000188,https://openalex.org/W2126615452,Drug Development in Cell Culture: Crosstalk from the Industrial Prospects,Maxwell Kim Kit Lee,2014,article,Journal of Bioequivalence & Bioavailability,7,Q09,no
10.4236/eng.2020.124020,10.4236/eng.2020.124020,https://openalex.org/W3019212614,Magnitude and Direction of Groundwater Seepage Velocity in Different Soil and Rock Materials,Twana O. Abdullah; Salahalddin S. Ali; Nadhir Al‐Ansari; Sven Knutsson; Jan Laue,2020,article,Engineering,7,Q08,no
10.4236/opj.2013.34a002,10.4236/opj.2013.34a002,https://openalex.org/W2013480118,Mid-Infrared Pulsed Laser Lithotripsy with a Tunable Laser Using Difference-Frequency Generation,Hisanao Hazama; Hiromu Kutsumi; Kunio Awazu,2013,article,Optics and Photonics Journal,2,Q04,no
10.4236/wjm.2017.78018,10.4236/wjm.2017.78018,https://openalex.org/W2747430769,Stress Evaluation at the Maximum Strained State by EBSD and Several Residual Stress Measurements for Plastic Deformed Austenitic Stainless Steel,Yohei Sakakibara; Keiji Kubushiro,2017,article,World Journal of Mechanics,24,Q02,no
10.4271/03-14-01-0009,10.4271/03-14-01-0009,https://openalex.org/W3109097698,Near-TDC Flow-Field Analysis in a High-Tumble Production Spark-Ignition Engine Using Endoscopic High-Speed Particle Image Velocimetry,Lingzhe Rao; Dongchan Kim; Heechang Oh; Sanghoon Kook,2020,article,SAE International Journal of Engines,7,Q08,no
10.4271/2018-01-0632,10.4271/2018-01-0632,https://openalex.org/W2796375707,Infrared Borescopic Analysis of Ignition and Combustion Variability in a Heavy-Duty Natural-Gas Engine,Michael Groß; Ahmet Mazacioglu; Justin Kern; Volker Sick,2018,conference-paper,SAE technical papers on CD-ROM/SAE technical paper series,3,Q08,no
10.4274/turkjorthod.2025.2025.16,10.4274/turkjorthod.2025.2025.16,https://openalex.org/W7117562364,Measurement of Aligner Thickness and Gap Width in Two Types of Clear Aligner Sheets Manufactured Using Two Different Thermoforming Machines - A Nano-CT Pilot Study,Gowardhan S; Mahalakshmi Krishnakumaran; Balaji Krishnan; Shanthini Priya Arumugam; Aswini Soundharya Sekar; Subashree R,2025,article,Turkish Journal of Orthodontics,0,Q05,no
10.4313/teem.2010.11.1.037,10.4313/teem.2010.11.1.037,https://openalex.org/W2111219652,Mg Delta-Doping Effect on a Deep Hole Center Related to Electrical Activation of a p-Type GaN Thin Film,Hyo-Yeol Park; Kyoung-Nam Jeon; Keunjoo Kim,2010,article,Transactions on Electrical and Electronic Materials,4,Q02,no
10.4435/bspi.2017.24,10.4435/bspi.2017.24,https://openalex.org/W3039195095,"Imaging Bioturbation in Supratidal Carbonates: Non-Invasive Field Techniques Enhance Neoichnological and Zoogeomorphological Research, San Salvador, The Bahamas",Karen A. Kopcznski; Ilya V. Buynevich; H. Allen Curran; Jon Caris; Jonathan E. Nyquist,2017,article,Smith ScholarWorks (Smith College),4,Q08,no
10.46254/in02.20220559,10.46254/in02.20220559,https://openalex.org/W4386128989,Evaluation of SS 316L TPMS Lattice Structures Manufactured Using SLM Process,Shaikh Faisal; A. V. Mulay; Mayur Sawant,2022,conference-paper,,5,Q05,no
10.48550/arxiv.2103.00491,10.48550/arxiv.2103.00491,https://openalex.org/W3134766052,"Femtosecond laser micromachining of diamond: current research status, applications and challenges",Bakhtiar Ali Khan; I. V. Litvinyuk; Maksym Rybachuk,2021,preprint,arXiv (Cornell University),1,Q09,no
10.48550/arxiv.2208.07196,10.48550/arxiv.2208.07196,https://openalex.org/W4292122162,Determining HEDP Foams' Quality with Multi-View Deep Learning Classification,Nadav Schneider; Matan Rusanovsky; Raz Gvishi; Gal Oren,2022,preprint,arXiv (Cornell University),0,Q09,no
10.48550/arxiv.2305.14390,10.48550/arxiv.2305.14390,https://openalex.org/W4378468561,Needle guidance with Doppler-tracked polarization-sensitive optical coherence tomography,Danielle J. Harper; Yongjoo Kim; Alejandra Gómez-Ramírez; Benjamin J. Vakoc,2023,preprint,arXiv (Cornell University),0,Q10,no
10.48550/arxiv.2309.08649,10.48550/arxiv.2309.08649,https://openalex.org/W4386874869,An inspection technology of inner surface of the fine hole based on machine vision,Rongfang He; Weibin Zhang; Guofang Gao,2023,preprint,arXiv (Cornell University),0,Q05,yes
10.48550/arxiv.2311.15636,10.48550/arxiv.2311.15636,https://openalex.org/W4389116193,Liquid-shaped microlens for scalable production of ultrahigh-resolution OCT microendoscope,Chao Xu; Xin Guan; Syeda Aimen Abbasi; Neng Xia; To Ngai; Li Zhang; Ho‐Pui Ho; Sze Hang Calvin Ng; Wu Yuan,2023,preprint,arXiv (Cornell University),1,Q04,no
10.5038/9780991000982.1008,10.5038/9780991000982.1008,https://openalex.org/W2890010496,Remedial Investigation of Large Scale Karstic Flow Conduits with Brine-Enhanced Resistivity Imaging and Downhole Colloidal Borescope Methods,James Lolcama,2018,conference-paper,,0,Q08,yes
10.5075/epfl-thesis-5493,10.5075/epfl-thesis-5493,https://openalex.org/W1779415636,Miniaturized Microwave Cavities for Industrial Applications,Maddalena Violetti,2012,dissertation,Infoscience (Ecole Polytechnique Fédérale de Lausanne),1,Q12,no
10.5075/epfl-thesis-8202,10.5075/epfl-thesis-8202,https://openalex.org/W2774717482,Coherent Imaging of Cellular Dynamics,Miguel Sison,2017,dissertation,Infoscience (Ecole Polytechnique Fédérale de Lausanne),0,Q10,no
10.5098/fhp.v2.1.3003,10.5098/fhp.v2.1.3003,https://openalex.org/W2086096195,STATE-OF-THE-ART EXPERIMENTAL STUDIES ON LOOP HEAT PIPES,Stéphane Launay; Martial Vallée,2011,article,Frontiers in Heat Pipes,35,Q08,no
10.5162/12dss2015/p3.9,10.5162/12dss2015/p3.9,https://openalex.org/W2253539101,P3.9 - Taktile und optische Sensoren für die Inline-Prozessüberwachung bei der spanenden Fertigung,Th. Frank; Michael Fiedler; St. Völlmeke; A. T. Winzer; St. Görlandt; G. H. Ortlepp; A. Steinke; H.-W. Lahmann; Stefan Reich; L. Döring,2015,conference-paper,Tagungsband,0,Q03,no
10.5162/opto11/o2.2,10.5162/opto11/o2.2,https://openalex.org/W1829810856,2.2 - Robust and Miniaturized Non-Incremental Fiber-Optic Distance Sensor for Turbo Machine Rotor Deformation and Vibration Monitoring,P. Dreier; Thorsten Pfister; J. Czarske,2011,conference-paper,,0,Q12,no
10.5162/sensor09/v2/b8.2,10.5162/sensor09/v2/b8.2,https://openalex.org/W821700516,B8.2 - Three dimensional tactile-optical probing for the measurement of microparts,Rainer Tutsch; Markus Petz; Matthias Andraes; Thomas Wiedenhoefer; Ulrich Neuschaefer-Rube; Mark Wissmann,2009,conference-paper,,2,Q04,no
10.5194/bg-10-5681-2013,10.5194/bg-10-5681-2013,https://openalex.org/W2138591405,"Dynamics in mangroves assessed by high-resolution and multi-temporal satellite data: a case study in Zhanjiang Mangrove National Nature Reserve (ZMNNR), P. R. China",Kevin Leempoel; B. Satyaranayana; Carine Bourgeois; J. Zhang; M. Chen; J. Wang; Jan Bogaert; Farid Dahdouh‐Guebas,2013,article,Biogeosciences,27,Q02,no
10.5194/gi-9-79-2020,10.5194/gi-9-79-2020,https://openalex.org/W2991458747,Design and applications of drilling trajectory measurement instrumentation in an ultra-deep borehole based on a fiber-optic gyro,Yimin Liu; Chenghu Wang; Guangqiang Luo; Weifeng Ji,2020,article,"Geoscientific instrumentation, methods and data systems",5,Q02,yes
10.5194/isprs-archives-xlii-2-w13-1221-2019,10.5194/isprs-archives-xlii-2-w13-1221-2019,https://openalex.org/W2948817530,A SYNTHETIC 3D SCENE FOR THE VALIDATION OF PHOTOGRAMMETRIC ALGORITHMS,Dirk Frommholz,2019,article,"The international archives of the photogrammetry, remote sensing and spatial information sciences/International archives of the photogrammetry, remote sensing and spatial information sciences",1,Q05,no
10.5194/isprs-archives-xlii-2-w4-33-2017,10.5194/isprs-archives-xlii-2-w4-33-2017,https://openalex.org/W2613081019,OVERVIEW OF PHOTOGRAMMETRIC MEASUREMENT TECHNIQUES IN MINIMALLY INVASIVE SURGERY USING ENDOSCOPES,N. Conen; Thomas Lühmann,2017,article,"The international archives of the photogrammetry, remote sensing and spatial information sciences/International archives of the photogrammetry, remote sensing and spatial information sciences",7,Q05,no
10.5194/isprs-archives-xlviii-2-w2-2022-111-2022,10.5194/isprs-archives-xlviii-2-w2-2022-111-2022,https://openalex.org/W4311937466,SINGLE IMAGE LASER TRIANGULATION SYSTEM FOR 360° EXTERNAL INSPECTION OF CYLINDRICAL SHAPED OBJECTS USING INVERSE TRIANGULATION ALGORITHM,S. A. B. Petrovcic; Pedro D. V. Buschinelli; Marco Antônio Martins Cavaco; TIAGO LOUREIRO FIGARO DA COSTA PINTO,2022,article,"The international archives of the photogrammetry, remote sensing and spatial information sciences/International archives of the photogrammetry, remote sensing and spatial information sciences",0,Q05,no
10.5194/isprs-archives-xlviii-2-w8-2024-357-2024,10.5194/isprs-archives-xlviii-2-w8-2024-357-2024,https://openalex.org/W4405409473,Photogrammetric digitisation of a bronze head – Surveying inside and outside for thickness measurement,L. Perfetti; G. Vassena; Francesca Morandini; Francesco Fassi,2024,article,"The international archives of the photogrammetry, remote sensing and spatial information sciences/International archives of the photogrammetry, remote sensing and spatial information sciences",2,Q05,no
10.5194/isprs-archives-xlviii-m-2-2023-1379-2023,10.5194/isprs-archives-xlviii-m-2-2023-1379-2023,https://openalex.org/W4382140383,INTEGRATED 3D ACQUISITION OF COMPLEX WOODEN ARTEFACTS: THE PIFFETTI'S LIBRARY IN QUIRINALE PALACE (ROME),Michele Russo; Roberta Spallone; Luca James Senatore; Giulia Flenghi; L. Morozzi,2023,article,"The international archives of the photogrammetry, remote sensing and spatial information sciences/International archives of the photogrammetry, remote sensing and spatial information sciences",0,Q11,no
10.5194/jsss-9-179-2020,10.5194/jsss-9-179-2020,https://openalex.org/W3041281075,Calibrating a high-speed contact-resonance profilometer,Michael Fahrbach; Sebastian Friedrich; Brunero Cappella; Erwin Peiner,2020,article,Journal of sensors and sensor systems,2,Q03,no
10.5194/ms-8-289-2017,10.5194/ms-8-289-2017,https://openalex.org/W2755311691,Comparative experimental investigation and gap flow simulation in electrical discharge drilling using new electrode geometry,Ali Tolga Bozdana; Nazar Kais AL-Karkhi,2017,article,Mechanical sciences,12,Q02,no
10.5194/tc-16-2617-2022,10.5194/tc-16-2617-2022,https://openalex.org/W4283688628,Formation of glacier tables caused by differential ice melting: field observation and modelling,Marceau Hénot; Vincent Langlois; Jérémy Vessaire; Nicolas Plihon; Nicolas Taberlet,2022,article,The cryosphere,2,Q02,no
10.5194/wes-10-193-2025,10.5194/wes-10-193-2025,https://openalex.org/W4406694286,Dynamic displacement measurement of a wind turbine tower using accelerometers: tilt error compensation and validation,Clemens Jonscher; Paula Helming; David Märtins; Andreas Fischer; David Bonilla; Benedikt Hofmeister; Tanja Grießmann; Raimund Rolfes,2025,article,Wind energy science,9,Q12,no
10.5194/wes-8-421-2023,10.5194/wes-8-421-2023,https://openalex.org/W4361009263,Assessing the rotor blade deformation and tower–blade tip clearance of a 3.4 MW wind turbine with terrestrial laser scanning,Paula Helming; Alex Intemann; Klaus-Peter Webersinke; Axel von Freyberg; Michael Sorg; Andreas Fischer,2023,article,Wind energy science,8,Q12,no
10.52209/2706-977x_2024_1_21,10.52209/2706-977x_2024_1_21,https://openalex.org/W4394787514,Processing of a Part Such as a Composite Bearing Housing on a Milling Machine With a Digital Control Program,Tatyana Nikonova; D Kabidenov; Г. Б. Абдугалиева; Alex Berg; K.I. Imasheva,2024,article,Material and Mechanical Engineering Technology,0,Q11,no
10.52209/2706-977x_2024_1_29,10.52209/2706-977x_2024_1_29,https://openalex.org/W4394784508,Design of Scrubber for Sedimentation and Dissolution of Milk Dust,G Raitsky; Yu Drobyazgo,2024,article,Material and Mechanical Engineering Technology,0,Q11,no
10.52209/2706-977x_2024_1_3,10.52209/2706-977x_2024_1_3,https://openalex.org/W4394784528,Features of Engineering Methods of Research Results on Butt Welding on Metal Pipelines,Bakhtiyor Mardonov; Карибек Шеров; Murtoza Shavkidinovich Toirov; Lutfiddin Makhmudov; Sherali Yakhshiev; A Kongkybayeva,2024,article,Material and Mechanical Engineering Technology,4,Q11,no
10.52209/2706-977x_2024_1_35,10.52209/2706-977x_2024_1_35,https://openalex.org/W4394787509,Ways to Optimize the Kinetic Parameters of Tricone Drill Bits,J.B. Toshov; Bakhtiyor Baratov; Карибек Шеров; Medgat Mussayev; B Baymirzaev; A. Esirkepov; Г. М. Исмаилов; Gulnur Abdugaliyeva; G Burieva,2024,article,Material and Mechanical Engineering Technology,12,Q11,no
10.52209/2706-977x_2024_1_46,10.52209/2706-977x_2024_1_46,https://openalex.org/W4394787520,Bench Studies of Sound Insulation Materials and Vacuum Sound Insulation Panel,M A Lemeshko; Irina Zanina; Eugenia Kostromina; N Salikova,2024,article,Material and Mechanical Engineering Technology,0,Q11,no
10.52209/2706-977x_2024_1_53,10.52209/2706-977x_2024_1_53,https://openalex.org/W4394787511,Investigating the Time Spent on Manufacturing Parts of Complex Geometry Using Additive and Traditional Technologies,Gulnara Zhetessova; Je. Skamat; Г. Б. Таттимбетова; Arman Mateshov,2024,article,Material and Mechanical Engineering Technology,0,Q11,no
10.5226/jabmech.4.25,10.5226/jabmech.4.25,https://openalex.org/W1935846545,Noninvasive 3D geometry extraction of a Sea lion foreflipper,Chen Friedman; Bryan W. Joel; Allen R. Schult; Megan C. Leftwich,2015,article,Journal of Aero Aqua Bio-mechanisms,12,Q05,no
10.5281/zenodo.1062912,10.5281/zenodo.1062912,https://openalex.org/W1824766253,Real-Time Laser Monitoring Based On Pipe Detective Operation,Mongkorn Klingajay; Tawatchai Jitson,2008,article,Zenodo (CERN European Organization for Nuclear Research),16,Q05,no
10.5281/zenodo.6572563,10.5281/zenodo.6572563,https://openalex.org/W4281297932,Neurophotonic tools for microscopic measurements and manipulation: status report,Abdelfattah Abdelfattah; Ahuja; Akkin; Allu; Boas; Brake; Buckley; Campbell; Chen; Cheng; Cižmár; Costantini Costantini; De Vittorio; Devor; Doran; El Khatib; Emiliani; Fomin-Thunemann; Fainman; Fernández Alfonso; Ferri; Gilad; Han .; Harris; Hillman; Hochgeschwender; Holt; Ji; Kılıç; Lake; Li; Li; Mächler; Mesquita; Richard C. Miller; Nadella; Nägerl; Nasu; Nimmerjahn; Ondrácková; Pavone; Perez Campos; Peterka; Pisano; Pisanello; Puppo; Sabatini; Sadegh; Sakadžic; Shoham; Shroff; Silver; Sims; Smith; Srinivasan; Thunemann; Tian Tian; Tian Tian; Troxler; Valera; Vaziri; Виноградов; Vitale; Wang; Uhlířová; Xu; Yang; Yang; Yellen; Yizhar; Zhao,2022,article,Zenodo (CERN European Organization for Nuclear Research),5,Q10,no
10.5402/2012/285240,10.5402/2012/285240,https://openalex.org/W2110499722,"Laser-Induced Breakdown Spectroscopy: Fundamentals, Applications, and Challenges",F. Anabitarte; Adolfo Cobo; José Miguel López Higuera,2012,article,ISRN Spectroscopy,234,Q04,no
10.5445/ksp/1000062009,10.5445/ksp/1000062009,https://openalex.org/W2743784487,Mikrofertigungstechnologien und ihre Anwendungen – ein theoretischer und praktischer Leitfaden,Adrien Brunet; Tobias Müller; Steffen Scholz,2017,book,Repository KITopen (Karlsruhe Institute of Technology),2,Q03,no
10.5451/unibas-002404763,10.5451/unibas-002404763,https://openalex.org/W1551842060,Nanometer scale friction and wear on self-assembled monolayers investigated by atomic force microscopy,Susanne Kopta,2001,dissertation,edoc (University of Basel),2,Q02,no
10.54660/.ijmrge.2020.1.5.358-374,10.54660/.ijmrge.2020.1.5.358-374,https://openalex.org/W4417070971,Framework for Evaluating the Thermodynamic Behavior of Gas Turbine Components under Variable Conditions,Augustine Tochukwu Ekechi; Semiu Temidayo Fasasi,2020,article,International Journal of Multidisciplinary Research and Growth Evaluation,16,Q08,no
10.5599/53,10.5599/53,https://openalex.org/W4300915298,External control of anodic dissolution mechanisms of 100Cr6 in nitrate/chloride mixed electrolytes,Andreas Lesch; GUNTHER WITTSTOCK; CHRIS BURGER; BENJAMIN WALTHE; JÜRGEN HACKENBERG,2011,article,Archivio istituzionale della ricerca (Alma Mater Studiorum Università di Bologna),1,Q09,no
10.5599/jese.2011.0004,10.5599/jese.2011.0004,https://openalex.org/W1973174424,External control of anodic dissolution mechanisms of 100Cr6 in nitrate/chloride mixed electrolytes,Andreas Lesch; Günther Wittstock; Chris Burger; Benjamin D. Walther; JURGEN HACKENBERG,2011,article,Journal of Electrochemical Science and Engineering,9,Q09,no
10.5772/35948,10.5772/35948,https://openalex.org/W1524349664,Machinability of Titanium Alloys in Drilling,Safian Sharif; Erween Abd; Hiroyuki Sasahar,2012,book-chapter,InTech eBooks,37,Q02,no
10.5772/55261,10.5772/55261,https://openalex.org/W2109649255,Shape Measurement of a Sewer Pipe Using a Mobile Robot with Computer Vision,Kikuhito Kawasue; Takayuki Komatsu,2013,article,International Journal of Advanced Robotic Systems,16,Q05,yes
10.5772/63339,10.5772/63339,https://openalex.org/W2478101309,Colour Image Reproduction for 3D Printing Facial Prostheses,Kaida Xiao; Sophie Wuerger; Faraedon Mostafa; Ali Sohaib; J.R. Yates,2016,book-chapter,InTech eBooks,6,Q05,no
10.5772/65570,10.5772/65570,https://openalex.org/W2888163563,Superalloys for Industry Applications,Sinem Çevik,2018,book,InTech eBooks,7,Q09,no
10.5772/65678,10.5772/65678,https://openalex.org/W2583057408,Microfluidics for Small-Angle X-ray Scattering,Serena A.J. Watkin; Timothy M. Ryan; Antonia G. Miller; Volker Nock; F. Grant Pearce; Renwick C. J. Dobson,2017,book-chapter,InTech eBooks,7,Q08,no
10.5772/6633,10.5772/6633,https://openalex.org/W1549623257,Compliant Tactile Sensors for High-Aspect-Ratio Form Metrology,Erwin Peiner,2008,book-chapter,InTech eBooks,4,Q03,no
10.5772/intechopen.75372,10.5772/intechopen.75372,https://openalex.org/W2950254430,Frontiers in Ophthalmology and Ocular Imaging,Alireza Ziaei,2019,book,IntechOpen eBooks,3,Q10,no
10.5772/intechopen.78669,10.5772/intechopen.78669,https://openalex.org/W2885700369,Dry High Speed Orthogonal Turning of Titanium Alloy Wear Evolution and Chip Morphology,Mohieddine Benghersallah; Lakhdar Boulanouar; Gautier List; G. Sutter,2018,book-chapter,InTech eBooks,2,Q09,no
10.5772/intechopen.90409,10.5772/intechopen.90409,https://openalex.org/W3044169640,Residual Stress Evaluation with Contour Method for Thick Butt Welded Joint,Qingya Zhang; Hong Zhou; Jiangchao Wang,2020,book-chapter,IntechOpen eBooks,3,Q09,no
10.5772/intechopen.90410,10.5772/intechopen.90410,https://openalex.org/W2995514284,Techno-Economic Optimization and Benchmarking of a Solar-Only Powered Combined Cycle with High-Temperature TES Upstream the Gas Turbine,Fritz Zaversky; Íñigo Les; Marcelino Sánchez; Benoît Valentin; Jean-Florian Brau; Frédéric Siros; Jonathon McGuire; Flavien Berard,2019,book-chapter,IntechOpen eBooks,8,Q12,no
10.5772/intechopen.97962,10.5772/intechopen.97962,https://openalex.org/W4213455079,Trends and Opportunities of Rapid Prototyping Technologies,Răzvan Păcurar,2022,book,IntechOpen eBooks,3,Q09;Q11,no
10.5772/intechopen.97986,10.5772/intechopen.97986,https://openalex.org/W4210715050,Recent Advances in Biometrics,Muhammad Sarfraz,2022,book,IntechOpen eBooks,10,Q05,no
10.5937/imk2002035s,10.5937/imk2002035s,https://openalex.org/W3112895143,Comparison of measurement using optical measuring systems and coordinate measuring machine,Milan Simonović; Dragan Lazarević; Marko Simonović; Bogdan Nedić,2020,article,IMK-14 - Istrazivanje i razvoj,0,Q11,no
10.6028/jres.093.010,10.6028/jres.093.010,https://openalex.org/W4297835540,Measurement of the universal gas-constant R using a spherical acoustic resonator,Michael R. Moldover; J. P. Martin Trusler; T.J. Edwards; James B. Mehl; Richard Davis,1988,article,Journal of Research of the National Bureau of Standards,253,Q08,no
10.6028/jres.099.059,10.6028/jres.099.059,https://openalex.org/W2328824931,Critical issues in scanning electron microscope metrology,Michael T. Postek,1994,article,Journal of Research of the National Institute of Standards and Technology,72,Q09,no
10.6028/jres.116.006,10.6028/jres.116.006,https://openalex.org/W2330118079,Geometric effects when measuring small holes with micro contact probes,Jack Stone; Bala Muralikrishnan; Chittaranjan Sahay,2011,article,Journal of Research of the National Institute of Standards and Technology,30,Q04,yes
10.6028/nist.ir.7844,10.6028/nist.ir.7844,https://openalex.org/W4254087182,Survey of industrial manipulation technologies for autonomous assembly applications,Roger Bostelman; Joe Falco,2012,report,,13,Q11,no
10.6028/nist.sp.858,10.6028/nist.sp.858,https://openalex.org/W4232672430,Guide to NIST,Gail Porter; Gail Porter,1993,report,,0,Q11,no
10.6028/nist.sp.953,10.6028/nist.sp.953,https://openalex.org/W2726599177,"Technical digest -- Symposium on optical fiber measurements, 2000",P A Williams; P A Williams; G W Day,2000,report,,0,Q09,no
10.61091/jcmcc127a-184,10.61091/jcmcc127a-184,https://openalex.org/W4409793594,Research on point cloud data optimization and feature extraction during 3D reconstruction of high-speed rail wheelsets,"Ma, Jun; Zhang,  Chunguang; Chen,  Bingzhi",2025,article,Journal of Combinatorial Mathematics and Combinatorial Computing,0,Q05,no
10.7250/9789934371400,10.7250/9789934371400,https://openalex.org/W4405637599,Research on the Novel Manufacturing Technology for Compact Radio Frequency Quadrupole Design and Production,Guntis Pikurs,2024,dissertation,,0,Q11,no
10.7463/1115.0827133,10.7463/1115.0827133,https://openalex.org/W4248666128,Manufacturing Research of Surface Quality and Working Deep Hole Accuracy in the Camshaft,Alexander Solov'ev; Sh. I. Djafarova,2014,article,Science and Education of the Bauman MSTU,0,Q02,no
10.7759/cureus.10364,10.7759/cureus.10364,https://openalex.org/W3086588596,Immersive Surgical Anatomy of the Craniocervical Junction,Vera Vigo; Ankit Hirpara; Mohamed Yassin; Minghao Wang; Dean Chou; Pasquale De Bonis; Adib A. Abla; Roberto Rodriguez Rubio,2020,article,Cureus,10,Q05,no
10.7862/tiam.2023.1.6,10.7862/tiam.2023.1.6,https://openalex.org/W4362647614,Selected case studies regarding research-based education in the area of machine and civil assemblies,Roman Wdowik; Paweł Litwin; Artur Bełzo; Artur Borowiec; Marek Magdziak; Barbara Ciecińska; Angelos P. Markopoulos; Bahman Azarhoushang; Faramarz Hojati,2023,article,Technologia i Automatyzacja Montażu,0,Q03,no
10.7862/tiam.2026.2.2,10.7862/tiam.2026.2.2,https://openalex.org/W7166711062,Method and device for monitoring residual stress in glass products,Piotr Czajka; Roman Pniewski; Jordan Mężyk; T. Samborski,2026,article,Technologia i Automatyzacja Montażu,0,Q11,no
10.7907/cmn0-qk37,10.7907/cmn0-qk37,https://openalex.org/W1528702245,Experimental Study of Unsteady Hydrodynamic Force Matrices on Whirling Centrifugal Pump Impellers,Jery Belgacem,2007,dissertation,CaltechTHESIS (California Institute of Technology),37,Q12,no
10.7936/k7833q3x,10.7936/k7833q3x,https://openalex.org/W1572270835,Optical Measurements in Gas-Liquid Stirred Tanks,Sean G. Mueller,2009,article,Open Scholarship Institutional Repository (Washington University in St. Louis),13,Q08,no
10.7939/r31c1tm7q,10.7939/r31c1tm7q,https://openalex.org/W2805882595,Involvement of acid-sensing ion channels in Na+ uptake in freshwater fish,Agnieszka K. Dymowska,2015,dissertation,University of Alberta Library,0,Q09,no
10.82308/40434,10.82308/40434,https://openalex.org/W1616526195,Shear-induced crystallization of nucleated polymers,Jen Shueng Tiang,2010,dissertation,eScholarship@McGill (McGill),1,Q04,no
https://openalex.org/W10232996,,https://openalex.org/W10232996,[Directives from the commander of the Main Military Medical Administration of the Ministry of Defense of the Russian Federation].,E.M. Woodruff,1999,article,OSTI OAI (U.S. Department of Energy Office of Scientific and Technical Information),1,Q08,no
https://openalex.org/W109252100,,https://openalex.org/W109252100,Experimental and Numerical Analysis of Different Volutes in a Centrifugal Compressor,Arttu Reunanen,2001,dissertation,LUTPub (LUT University),28,Q08,no
https://openalex.org/W115520241,,https://openalex.org/W115520241,Performance deterioration based on existing (historical) data; JT9D jet engine diagnostics program,G. P. Sallee,1978,other,NASA STI Repository (National Aeronautics and Space Administration),47,Q12,no
https://openalex.org/W1238407127,,https://openalex.org/W1238407127,The influence of scatter and beam hardening in X-ray computed tomography for dimensional metrology,Joseph Lifton,2015,dissertation,ePrints Soton (University of Southampton),10,Q01,no
https://openalex.org/W123997511,,https://openalex.org/W123997511,Multi-contrast optical coherence tomography for brain imaging and mapping,Hui Wang,2014,dissertation,University of Minnesota Digital Conservancy (University of Minnesota),0,Q10,no
https://openalex.org/W136379305,,https://openalex.org/W136379305,PIV Application for Investigation of the Rotor Blade Tip Interaction with a Casing Treatment in a Transonic Compressor Stage,Melanie Voges; Christian Willert; Rainer Schnell; Martin W. Müller; Carsten Zscherp,2008,conference-paper,elib (German Aerospace Center),4,Q12,no
https://openalex.org/W1432702298,,https://openalex.org/W1432702298,Insights into the Mechanism of Memory Allocation Through the Trapping and Activating of Emotional Memories,Thomas Rogerson,2013,dissertation,eScholarship (California Digital Library),0,Q10,no
https://openalex.org/W1512479829,,https://openalex.org/W1512479829,Non-contact ultrasonic study on thixotropic alloys,Azmi Idris,1995,dissertation,Warwick Research Archive Portal (University of Warwick),0,Q09,no
https://openalex.org/W1525380230,,https://openalex.org/W1525380230,An optical smart needle : point-of-care technologies for integrated needle guidance using optical frequency domain ranging,Brian Goldberg,2009,dissertation,DSpace@MIT (Massachusetts Institute of Technology),0,Q10,no
https://openalex.org/W1530864887,,https://openalex.org/W1530864887,Characterisation of Implant Supported Soft Tissue Prostheses Produced with 3D Colour Printing Technology,Faraedon Zardawi,2013,dissertation,UPT. Syiah Kuala University Library (Syiah Kuala University),13,Q05,no
https://openalex.org/W1533103258,,https://openalex.org/W1533103258,Resonant Blade Response in Turbine Rotor Spin Tests Using a Laser-Light Probe Non-Intrusive Measurement System,Michael R. Mansisidor,2002,dissertation,Calhoun: The Naval Postgraduate School Institutional Archive (Naval Postgraduate School),2,Q12,no
https://openalex.org/W1541905432,,https://openalex.org/W1541905432,In-Situ Continuous Detonation Velocity Measurements Using Fiber-optic Bragg Grating Sensors,Jerry Benterou; Eric Udd; Paul R. Wilkins; F. Roeske; E. Roos; David G. Jackson,2007,article,University of North Texas Digital Library (University of North Texas),21,Q04,no
https://openalex.org/W1557404273,,https://openalex.org/W1557404273,"Fan Performance from Duct Rake Instrumentation on a 1.294 Pressure Ratio, 725 FT/SEC Tip Speed Turbofan Simulator Using Vaned Passage Casing Treatment",E. Brian Fite,2013,other,NASA Technical Reports Server (NASA),7,Q12,no
https://openalex.org/W1581086007,,https://openalex.org/W1581086007,"Damage, contamination and surface treatment of electrical discharge machined materials",James W. Murray,2014,dissertation,Nottingham ePrints (University of Nottingham),1,Q09,no
https://openalex.org/W1582437235,,https://openalex.org/W1582437235,Inspection automatique et sans contact de la rugosité des pièces usinées,René Kamguem,2013,dissertation,Espace École de technologie supérieure (École de technologie supérieure),0,Q09,no
https://openalex.org/W1591995880,,https://openalex.org/W1591995880,APPLICATION OF THE EMBEDDED FIBER OPTIC PROBE IN HIGH EXPLOSIVE DETONATION STUDIES: PBX-9502 AND LX-17,David E. Hare; D. R. Goosman; K. Thomas Lorenz; E Lee,2006,conference-paper,University of North Texas Digital Library (University of North Texas),2,Q04,no
https://openalex.org/W1646579793,,https://openalex.org/W1646579793,Hover and wind-tunnel testing of shrouded rotors for improved micro air vehicle design,Jason Louie Pereira,2008,dissertation,University Libraries (University of Maryland),89,Q12,no
https://openalex.org/W184725282,,https://openalex.org/W184725282,Development and Testing of Propulsion Health Management,Gary W. Hunter; John Lekki; Donald L. Simon,2012,other,NASA STI Repository (National Aeronautics and Space Administration),5,Q12,no
https://openalex.org/W1885105690,,https://openalex.org/W1885105690,"Imaging, characterization and processing with axicon derivatives.",Andrew Saikaley,2013,dissertation,Lu Zone Ul (Laurentian University),1,Q08,no
https://openalex.org/W1895803877,,https://openalex.org/W1895803877,Automated Measurement of Bolometer Line of Sight Alignment and Characteristics for Application in ITER,F. Penzel,2015,report,MPG.PuRe (Max Planck Society),0,Q11,no
https://openalex.org/W1899431877,,https://openalex.org/W1899431877,Mapping and Localization from a Panoramic Vision Sensor,R. Bunschoten,2003,other,UvA-DARE (University of Amsterdam),12,Q11,no
https://openalex.org/W205788135,,https://openalex.org/W205788135,Development of dynamic pressure sensor for high temperature applications,Alfin Leo,2010,dissertation,Spectrum Research Repository (Concordia University),1,Q12,no
https://openalex.org/W207820046,,https://openalex.org/W207820046,remote visual inspection for NDE in power plants,Peter Samsonov,1993,article,Materials Evaluation,1,Q08,no
https://openalex.org/W2175019265,,https://openalex.org/W2175019265,Residual stress estimation of welded tubular K-joints under fatigue loads,Claire Acevedo; Alain Nussbaumer,2009,conference-paper,Infoscience (Ecole Polytechnique Fédérale de Lausanne),3,Q02,no
https://openalex.org/W2198194843,,https://openalex.org/W2198194843,"Multidimensional modeling of the thermal and flow regime in the western part of the Molasse Basin, Southern Germany",Wolfram Rühaak; Christoph Clauser,2009,dissertation,RWTH Publications (RWTH Aachen),3,Q02,no
https://openalex.org/W2207483579,,https://openalex.org/W2207483579,In-situ measurement and formability improvement in stamping of high strength steel and titanium alloy sheets,Hamedon Zamzuri,2014,dissertation,UMP Institutional Repository (Universiti Malaysia Pahang),0,Q08,no
https://openalex.org/W2220206880,,https://openalex.org/W2220206880,The roughness and imaging characterisation of different pharmaceutical surfaces,Paulus Seitavuopio,2006,dissertation,Työväentutkimus Vuosikirja,13,Q09,no
https://openalex.org/W2221105842,,https://openalex.org/W2221105842,Investigation of a fibre-optic Fizeau interferometer configuration and coherent fibre-optic imaging bundles for optical coherence tomography,Georgios Sarantavgas,2008,dissertation,CERES (Cranfield University),0,Q10,no
https://openalex.org/W2249625216,,https://openalex.org/W2249625216,Effects of ultraviolet radiation on early life stages of cold temperate and Arctic macroalgae: Implications for recruitment and vertical depth distribution,Michael Y. Roleda,2006,dissertation,Helmholtz-Zentrum für Polar-und Meeresforschung (Alfred-Wegener-Institut),7,Q09,no
https://openalex.org/W2252857348,,https://openalex.org/W2252857348,Variations on the Kalman filter for enhanced performance monitoring of gas turbine engines,S. Borguet,2012,dissertation,Open Repository and Bibliography (University of Liège),9,Q08,no
https://openalex.org/W2259078220,,https://openalex.org/W2259078220,Topographic characterization of polymer materials at different length scales and the mechanistic understanding of wetting phenomena,Alfredo Calvimontes,2009,dissertation,Qucosa (Saxon State and University Library Dresden),13,Q11,no
https://openalex.org/W2279612562,,https://openalex.org/W2279612562,Geometrical metrology at micro scale: new approach and application to microfluidic devices,M Balcon,2013,dissertation,Padua@research (University of Padova),0,Q09,no
https://openalex.org/W2292549941,,https://openalex.org/W2292549941,Image guided interaction in minimally invasive surgery,Xiaochuan Sun,2012,dissertation,Summit (Simon Fraser University),1,Q07,no
https://openalex.org/W2309324167,,https://openalex.org/W2309324167,Measurements of Frost Growth on Louvered Folded Fins of Microchannel Heat Exchangers,Tommy Hong,2011,article,SHAREOK (University of Oklahoma),3,Q08,no
https://openalex.org/W2358008516,,https://openalex.org/W2358008516,A Method for Measuring Complicated Deep-hole Profile Based on Ring-structured-light,Huiwen Leng,2010,article,,1,Q05,yes
https://openalex.org/W2361311729,,https://openalex.org/W2361311729,3D detecting technique for the inner surface of the pipe,Wenjuan Zhu,2009,article,Optical Technique,0,Q05,yes
https://openalex.org/W2361983667,,https://openalex.org/W2361983667,A blade tip-timing measurement study based on eddy current technology,Wang Wei,2014,article,Journal of Beijing University of Chemical Technology,0,Q12,no
https://openalex.org/W2362896450,,https://openalex.org/W2362896450,Blade tip clearance measurement using tip timing of multi-beam,LI Meng-lin,2011,article,Journal of Optoelectronics·laser,1,Q12,yes
https://openalex.org/W2364319471,,https://openalex.org/W2364319471,Optical Fiber Sensor Used in Measurement of Aero-engine Blade Tip Clearance,Yang Xun,2012,article,Science Technology and Engineering,1,Q12,yes
https://openalex.org/W2367591610,,https://openalex.org/W2367591610,Research on optical fiber sensor for blade-tip clearance measurement,Zheng Yi-zhong,2008,article,Transducer and Microsystem Technologies,0,Q12,yes
https://openalex.org/W2368562588,,https://openalex.org/W2368562588,Application of Optical Fiber Sensor in Tip Clearance Measurement,Shenghua Ye,2007,article,Chuangan jishu xuebao,0,Q12,yes
https://openalex.org/W2373224313,,https://openalex.org/W2373224313,Measurement of micro-hole with high aspect ratio based on double optical fiber coupling,Haotuo Liu,2009,article,Infrared and Laser Engineering,0,Q04,yes
https://openalex.org/W2381123608,,https://openalex.org/W2381123608,Optical fiber sensor for blade tip clearance measurement,Ma Yuzhen,2005,article,Guangdian gongcheng,2,Q12,yes
https://openalex.org/W2389566283,,https://openalex.org/W2389566283,Blade tip clearance measurement using dual frequency laser with large frequency difference,Kai Wang,2013,article,Journal of Optoelectronics·laser,0,Q12,yes
https://openalex.org/W2423782064,,https://openalex.org/W2423782064,Electron beam welding process for joining thick gage section of martensitic stainless steels,Sheida Sarafan,2016,dissertation,Espace École de technologie supérieure (École de technologie supérieure),0,Q09,no
https://openalex.org/W2425857569,,https://openalex.org/W2425857569,High-sensitivity eddy-current testing technology for defect detection in aerospace superalloys,Robert R. Hughes,2015,dissertation,Warwick Research Archive Portal (University of Warwick),14,Q08,no
https://openalex.org/W2514731224,,https://openalex.org/W2514731224,Probing the Electronic Properties of Materials that Self-Assemble,Ryan R. Fuierer,2004,other,NCSU Libraries Repository (North Carolina State University Libraries),0,Q09,no
https://openalex.org/W2518880952,,https://openalex.org/W2518880952,Determination of the largest clasts of tephra deposits for the characterization of explosive volcanic eruptions: report of the IAVCEI Commission on Tephra Hazard Modelling,Costanza Bonadonna; Simona Scollo; Raffaello Cioni; L. Pioli; Marco Pistolesi,2011,report,Archive ouverte UNIGE (University of Geneva),8,Q02,no
https://openalex.org/W2519889619,,https://openalex.org/W2519889619,Reed-Solomon Codes and the Deep Hole Problem,Matt Keti,2015,dissertation,eScholarship (California Digital Library),0,Q02,no
https://openalex.org/W2528611534,,https://openalex.org/W2528611534,3D time-of-flight distance measurement with custom solid-state image sensors in CMOS/CCD-technology,Robert Tjarko Lange,2006,dissertation,Recherche und Kataloge (Universitätsbibliothek Siegen),299,Q02,no
https://openalex.org/W2530290777,,https://openalex.org/W2530290777,"Measurement, Estimation and Modelling of Groundwater Flow Velocity at Krauthausen Test Site",Andreas Englert; Harry Vereecken,2003,dissertation,JuSER (Forschungszentrum Jülich),16,Q08,no
https://openalex.org/W2530815012,,https://openalex.org/W2530815012,Analysis of spatial filtering in phase-based microwave measurements of turbine blade tips,Thomas Holst,2005,dissertation,UPT. Syiah Kuala University Library (Syiah Kuala University),12,Q12,no
https://openalex.org/W2555040391,,https://openalex.org/W2555040391,Design and Analysis of Optical Fiber Probes for Glucose Sensing in the Peritoneal Cavity,Per Magnus Walmsness,2016,dissertation,BIBSYS Brage (BIBSYS (Norway)),0,Q04,yes
https://openalex.org/W2587277715,,https://openalex.org/W2587277715,Defect tolerance assessment of silicon nitride in rolling contact,Abdul Waheed Awan,2015,dissertation,Bournemouth University Research Online (Bournemouth University),1,Q09,no
https://openalex.org/W260396768,,https://openalex.org/W260396768,Axial Compressor Performance Deterioration and Recovery through Online Washing,Elisabet Syverud,2007,dissertation,BIBSYS Brage (BIBSYS (Norway)),18,Q08,no
https://openalex.org/W2605646524,,https://openalex.org/W2605646524,Reverse engineering of obsolete components for realisation using additive manufacturing,Craig McAlister,2015,dissertation,Lancaster EPrints (Lancaster University),0,Q11,no
https://openalex.org/W2605694966,,https://openalex.org/W2605694966,Enabling freehand scanning of optical coherence tomography needle probes using a magnetic tracking system,Boon Y. Yeo,2012,dissertation,UWA Profiles and Research Repository (University of Western Australia),0,Q10,no
https://openalex.org/W2615264521,,https://openalex.org/W2615264521,Digitization protocols and applications for laser scanning human bone in forensic anthropology,Matthew Filiault,2012,article,Journal of International Crisis and Risk Communication Research,2,Q05,no
https://openalex.org/W2615812400,,https://openalex.org/W2615812400,Manufacture and utilization of a biodegradable sensor platform from gold coated zein nanophotonic films to detect acrylamide and Ara-h1 using SERS,P. Gizem Gezer,2015,dissertation,IDEALS (University of Illinois Urbana-Champaign),0,Q09,no
https://openalex.org/W2620458872,,https://openalex.org/W2620458872,Plastic based microfluidic systems and their applications in biology.,Palaniappan Sethu,2002,dissertation,Deep Blue (University of Michigan),2,Q09,no
https://openalex.org/W2732074685,,https://openalex.org/W2732074685,Fabrication and In Vitro Testing of Synthetic Arterial Grafts,Ya Gao,2017,article,D-Scholarship@Pitt (University of Pittsburgh),1,Q10,no
https://openalex.org/W2772429230,,https://openalex.org/W2772429230,Design and Validation of an Experimental Setup to Study Single Phase Heat Transfer Enhancement of Femtosecond Laser Processed Metallic Surfaces,Sarah Jane Wallis,2017,article,Lincoln (University of Nebraska),0,Q09,no
https://openalex.org/W2775549163,,https://openalex.org/W2775549163,Development and characterisation of next generation stylus for micro coordinate measuring machine.,Mohd Ismail,2017,dissertation,Warwick Research Archive Portal (University of Warwick),1,Q03,no
https://openalex.org/W2780295167,,https://openalex.org/W2780295167,Blade Tip Timing and Blade Tip Clearance Measurement System Based on Magnetoresistive Sensors,R. Tomassini,2016,dissertation,Padua Research Archive (University of Padova),4,Q12,yes
https://openalex.org/W2782922687,,https://openalex.org/W2782922687,Integrated deposition and machining of aluminium alloy using WAAM,Liuping Qiao,2013,dissertation,CERES (Cranfield University),1,Q02;Q09,no
https://openalex.org/W2784538268,,https://openalex.org/W2784538268,Tip timing techniques for turbomachinery HCF condition monitoring,P. C. Ivey; Kelly Grant; Craig Lawson,2002,conference-paper,CERES (Cranfield University),2,Q12,no
https://openalex.org/W2785257747,,https://openalex.org/W2785257747,Lutte contre les pathogènes telluriques en contexte horticole : cas du pathosystème Choisya ternata/ Phytophthora spp.,Youssef Manasfi,2017,dissertation,HAL (Le Centre pour la Communication Scientifique Directe),1,Q09,no
https://openalex.org/W2791096446,,https://openalex.org/W2791096446,Experimental Study of Multi-phase Flow Hydrodynamics in Stirring Tanks,Yihong Yang,2011,dissertation,VTechWorks (Virginia Tech),3,Q08,no
https://openalex.org/W281605353,,https://openalex.org/W281605353,Development of planar patch clamp with potentiometric calcium ion-selective electrode,Kul Inn,2014,article,Purdue e-Pubs (Purdue University System),0,Q09,no
https://openalex.org/W2883868980,,https://openalex.org/W2883868980,"Modelling, inspection, and post-processing of layer-based additive manufacturing surfaces to maintain product quality",Amirali Lalehpour,2017,dissertation,e-scholar@UOIT (University of Ontario Institute of Technology),2,Q11,no
https://openalex.org/W2888223293,,https://openalex.org/W2888223293,On the full scale and model scale cavitation comparisons of a Deep-V catamaran research vessel,Rod Sampson; Serkan Türkmen; Batuhan Aktaş; Weichao Shi; Patrick Fitzsimmons; Mehmet Atlar,2015,book-chapter,Strathprints: The University of Strathclyde institutional repository (University of Strathclyde),6,Q08,no
https://openalex.org/W2890139810,,https://openalex.org/W2890139810,Gene-environment interactions in myopia,Yu Huang,2018,dissertation,ORCA Online Research @Cardiff (Cardiff University),0,Q10,no
https://openalex.org/W2892246688,,https://openalex.org/W2892246688,A laboratory study of the meandering of alluvial rivers,Joseph F. Friedkin; Max C. Tyler,1945,other,US Army Corps of Engineers: Engineer Research and Development Center (Knowledge Core),318,Q02,no
https://openalex.org/W2895744455,,https://openalex.org/W2895744455,New Sensors and Techniques for Aircraft Engine Health Monitoring,Mark R. Woike,2018,other,NASA STI Repository (National Aeronautics and Space Administration),2,Q12,no
https://openalex.org/W2901113368,,https://openalex.org/W2901113368,Packaging Technologies for Millimeter Scale Microsystems in Harsh Environment Applications,Yushu Ma,2016,dissertation,Deep Blue (University of Michigan),2,Q09,no
https://openalex.org/W2904126594,,https://openalex.org/W2904126594,Process and machine improvements and process condition monitoring for a deep-hole internal milling machine,Wessley Jack Wilmot,2017,dissertation,Research Portal (King's College London),0,Q02,no
https://openalex.org/W2917761810,,https://openalex.org/W2917761810,"Studio, ingegnerizzazione, implementazione e validazione di un sistema di misura basato su di un sensore laser a triangolazione per la lavorazione adattativa di componenti freeform",M. Antonietta Confalonieri,2018,dissertation,DSpasce-unipr,0,Q03,no
https://openalex.org/W2944165523,,https://openalex.org/W2944165523,The Experimental evaluation of a mixed-flow compressor impeller and cross-over diffuser.,Pieter Coenraad Swanepoel,2018,dissertation,SUNScholar (Stellenbosch University),0,Q12,no
https://openalex.org/W2945168602,,https://openalex.org/W2945168602,Time-resolved infrared imaging and spectroscopy for engine diagnostics,Volker Sick; Lucca Henrion; Ahmet Mazacioglu; Michael Groß,2018,conference-paper,Deep Blue (University of Michigan),2,Q08,no
https://openalex.org/W2948530475,,https://openalex.org/W2948530475,Development and Testing of an In-well Point Velocity Probe for Preliminary Site Characterization,Trevor C. Osorno,2016,dissertation,KU ScholarWorks (University of Kansas),3,Q08,no
https://openalex.org/W2948939369,,https://openalex.org/W2948939369,Experimental Investigations on the Instantaneous Flow Structure in Circulating Fluidized Beds,Xiaoyang Wei,2019,article,Scholarship@Western (Western University),6,Q04,no
https://openalex.org/W2953485554,,https://openalex.org/W2953485554,Opto-Mechanical Analysis of a Harsh Environment MEMS Fabry-Perot Pressure Sensor,Eric Brace,2019,dissertation,UWSpace (University of Waterloo),1,Q10,no
https://openalex.org/W2981153098,,https://openalex.org/W2981153098,CHARACTERIZING DISSOLVED GASES IN CRYOGENIC LIQUID FUELS,Ian Richardson,2017,dissertation,Research Exchange (Washington State University),2,Q08,no
https://openalex.org/W3009029852,,https://openalex.org/W3009029852,Development of Molecular Contrast-enhanced Imaging for Optical Coherence Tomography,Wihan Kim,2017,dissertation,OakTrust (Texas A&M University Libraries),0,Q10,no
https://openalex.org/W3013194036,,https://openalex.org/W3013194036,"A basis for the representation, manufacturing tool path generation and scanning measurement of smooth freeform surfaces",Paul Morantz,2017,dissertation,CERES (Cranfield University),0,Q11,no
https://openalex.org/W3026398632,,https://openalex.org/W3026398632,Tailoring biodegradable and bioactive polymer/Mg composites for additive manufacturing,Ana Ferrández-Montero; M. Lieblich; J.L. González‐Carrasco; Rosario Benavente; B. Ferrari,2019,other,DIGITAL.CSIC (Spanish National Research Council (CSIC)),2,Q09,no
https://openalex.org/W305803998,,https://openalex.org/W305803998,Advanced optical blade tip clearance measurement system,Maureen Ford; R. E. Honeycutt; R. E. Nordlund; W. W. Robinson,1978,other,NASA STI Repository (National Aeronautics and Space Administration),0,Q12,yes
https://openalex.org/W3084349113,,https://openalex.org/W3084349113,RE&AM-based methods and tools for biomedical engineering,Michaela Servi,2020,dissertation,Florence Research (University of Florence),0,Q11,no
https://openalex.org/W3091067228,,https://openalex.org/W3091067228,Towards Topography Characterization of Additive Manufacturing Surfaces,Amogh Vedantha Krishna,2020,other,Chalmers Research (Chalmers University of Technology),2,Q11,no
https://openalex.org/W3100301420,,https://openalex.org/W3100301420,Active manipulation of the g-tensor in semiconductor nanostructures,H. M. G. A. Tholen,2020,other,TU/e Research Portal,0,Q09,no
https://openalex.org/W3115216675,,https://openalex.org/W3115216675,Caractérisation ultrasonore intégrée pour traitement in-vitro du sang,Baptiste Pialot,2020,dissertation,HAL (Le Centre pour la Communication Scientifique Directe),0,Q10,no
https://openalex.org/W3118838212,,https://openalex.org/W3118838212,Acoustic Waveguides and Sensors for High Temperature and Gamma Radiation Environment,Jiaji He,2021,dissertation,VTechWorks (Virginia Tech),0,Q10,no
https://openalex.org/W3151270729,,https://openalex.org/W3151270729,Biocapteur SERS actif basé sur les fibres optiques spéciales pour le diagnostic médical,Flavien Beffara,2021,dissertation,HAL (Le Centre pour la Communication Scientifique Directe),1,Q04,no
https://openalex.org/W3176175835,,https://openalex.org/W3176175835,Effect of Minimum Quantity Lubrication Aerosol Temperature on Surface Roughness in Machining AISI P20 and D2 Steels using Coated Tungsten Carbide Tool Inserts,S. W. M. A. Ishantha Senevirathne; H. K. G. Punchihewa,2016,conference-paper,QUT ePrints (Queensland University of Technology),0,Q03,no
https://openalex.org/W3184693145,,https://openalex.org/W3184693145,Laser-optical blade tip clearance measurement system,Maureen Ford; J. P. Barranger,,other,NASA STI Repository (National Aeronautics and Space Administration),19,Q12,yes
https://openalex.org/W3213135460,,https://openalex.org/W3213135460,Structured light patterns in active stereo vision systemfor the PIRATE robot,M.P. Bastiaens,2018,dissertation,,0,Q05,no
https://openalex.org/W40340181,,https://openalex.org/W40340181,Fabrication of Sub-Wavelength Photonic Structures by Nanoimprint Lithography,Juha Kontio,2013,dissertation,Tampere University Institutional Repository (Tampere University),1,Q09,no
https://openalex.org/W43107761,,https://openalex.org/W43107761,Reverse engineering of a centrifugal turbine housing,Marius Christiaan Rossouw,2003,dissertation,Boloka Institutional Repository (North-west University),0,Q11,no
https://openalex.org/W4395485293,,https://openalex.org/W4395485293,Optimisation et analyse de fiabilité des machines électriques modélisées par la méthode des éléments finis,Reda El Bechari,2020,dissertation,HAL (Le Centre pour la Communication Scientifique Directe),0,Q11,no
https://openalex.org/W54214992,,https://openalex.org/W54214992,Flow and heat transfer measurements inside a heated multiple rotating cavity with axial throughflow,Nicolas Miché,2009,dissertation,UPT. Syiah Kuala University Library (Syiah Kuala University),12,Q12,yes
https://openalex.org/W581185109,,https://openalex.org/W581185109,Gas turbine engine and sensor fault diagnosis,Marco Zedda,1999,dissertation,CERES (Cranfield University),14,Q08,no
https://openalex.org/W586006816,,https://openalex.org/W586006816,The Ontogeny of Osmoregulation in the Nile Tilapia (Oreochromis niloticus L.),Sophie Fridman,2011,dissertation,Stirling Online Research Repository (University of Stirling),1,Q09,no
https://openalex.org/W603782319,,https://openalex.org/W603782319,A steady state tip control strategy for long reach robots,J. L. Lewis,1996,dissertation,Middlesex University Research Repository (Middlesex University Of London),0,Q11,no
https://openalex.org/W6115719,,https://openalex.org/W6115719,Fatigue Life Prediction of an Aluminium Alloy Automotive Component Using Finite Element Analysis of Surface Topography,Sigmund K. Ås,2006,dissertation,Československá gastroenterologie a výživa,15,Q05,no
https://openalex.org/W624652195,,https://openalex.org/W624652195,Fundamental study of magnetic field-assisted micro-EDM for non-magnetic materials,Kenneth G. Heinz,2010,other,Illinois Digital Environment for Access to Learning and Scholarship (University of Illinois at Urbana-Champaign),17,Q09,no
https://openalex.org/W65759024,,https://openalex.org/W65759024,"Epidemiology and management of Sclerotinia sclerotiorum (Lib.) de Bary in kiwifruit (Actinidia deliciosa (A. Chev.)) : this thesis is presented in partial fulfilment of the requirements for the degree of Doctor of Philosophy in Plant Science at Massey University, Palmerston North, New Zealand",Stephen Hoyte,2001,dissertation,Massey Research Online (Massey University),4,Q09,no
https://openalex.org/W7111777899,,https://openalex.org/W7111777899,Fatigue life of electrodischarge drilled Inconel 718,bassoli,2017,article,Iris Unimore (University of Modena and Reggio Emilia),0,Q09,no
https://openalex.org/W7115430237,,https://openalex.org/W7115430237,Applying electrochemistry in re-passivation of medical instruments,"Alvarez Paguay, Jocelyne Carolina",2025,dissertation,Doria (University of Helsinki),0,Q09,no
https://openalex.org/W7120277650,,https://openalex.org/W7120277650,Influence of cutting-edge preparation on the drilling process of gray cast iron FC300,Evandro Rafael Wendler,2023,dissertation,LA Referencia (Red Federada de Repositorios Institucionales de Publicaciones Científicas),0,Q09,no
https://openalex.org/W7132870549,,https://openalex.org/W7132870549,Dynamic Interaction of a Marine Hydrokinetic Turbine with Its Surrounding Environment,Nitin Kolekar,2015,dissertation,Lehigh Preserve,0,Q12,no
https://openalex.org/W7133021127,,https://openalex.org/W7133021127,Observing and Describing the Sigmoidal Growth of Bone Anchorage from Endosseous Healing with Empirical Models,Robert Sean Liddell,2022,dissertation,TSpace (University of Toronto),0,Q09,no
https://openalex.org/W7137442865,,https://openalex.org/W7137442865,Measurement and prediction of draft force for a HSD implement,Leonid Reznik,2025,other,Mspace (University of Manitoba),0,Q05,no
https://openalex.org/W7139548052,,https://openalex.org/W7139548052,Point-of-care technologies for integrated needle guidance using optical frequency domain ranging,Brian D. Goldberg,2009,dissertation,DSpace@MIT (Massachusetts Institute of Technology),0,Q10,no
https://openalex.org/W7145112381,,https://openalex.org/W7145112381,Characterization of ikaite (CaCO3·6H2O) crystals in first-year Arctic sea ice north of Svalbard,Daiki Nomura; Philipp Assmy; Gernot Nehrke; Mats A. Granskog; Michael Fischer; Gerhard Dieckmann; Agneta Fransson; Yubin Hu; Bernhard Schnetger,2013,article,Institutional Repositories DataBase (IRDB),0,Q09,no
https://openalex.org/W7145372872,,https://openalex.org/W7145372872,Study on single-shot ultrafast burst imaging utilizing frequency-to-time encoding of an ultrashort kaser pulse (本文),敬和 鈴木,,dissertation,Institutional Repositories DataBase (IRDB),0,Q09,no
https://openalex.org/W7150388864,,https://openalex.org/W7150388864,Hipofiz Tümörü Ameliyatı için Güvenlik Özellikleri Temel Alınarak Robot Yardımlı Bir Minimal İnvaziv Ameliyat Sistemi Tasarımı,Omar W. Maaroof,2020,dissertation,İYTE (İZMİR YÜKSEK TEKNOLOJİ ENSTİTÜSÜ),0,Q07,no
https://openalex.org/W7155250636,,https://openalex.org/W7155250636,Data extraction from 3D scanning: post-processing filtering for analytic and informative models of small archaeological finds,Filippo Diara,2024,article,CNR SOLAR (Scientific Open-access Literature Archive and Repository) (University of Southampton),0,Q05,no
https://openalex.org/W7164717283,,https://openalex.org/W7164717283,Comparison of the Accuracy and Complexity of Selected 3D Scanning Methods,Sviatlana Yarmalinskaya,2026,dissertation,Brno University of Technology Digital Library (Brno University of Technology),0,Q11,no
https://openalex.org/W7166253694,,https://openalex.org/W7166253694,Sensing Characteristics Of Plasmonics Integrated In Various Configurations Of Plastic Optical Fiber Probe,Farah Wardina S. Fendi,2025,dissertation,Universiti Sains Malaysia Institutional Repository (Universiti Sains Malaysia),0,Q04,no
https://openalex.org/W73044354,,https://openalex.org/W73044354,EFFECTS OF LEAFLET STIFFNESS ON THE DYNAMIC MOTION OF THE AORTIC HEART VALVE,H. Sugimoto,2003,article,D-Scholarship@Pitt (University of Pittsburgh),1,Q08,no
https://openalex.org/W758538702,,https://openalex.org/W758538702,Vibration-Based Data Used to Detect Cracks in Rotating Disks,Andrew L. Gyekenyesi; Jerzy T. Sawicki; Richard E. Martin; George Y. Baaklini,2004,other,NASA Technical Reports Server (NASA),0,Q12,no
https://openalex.org/W794454000,,https://openalex.org/W794454000,Fibre optic fizeau intererometer for optical coherence tomography,P. Casaubieilh,2006,dissertation,CERES (Cranfield University),0,Q10,no
https://openalex.org/W804494663,,https://openalex.org/W804494663,Dual-Laser Probe for Measuring Blade-Tip Clearance Tested,Harbans S. Dhadwal; Anatole P. Kurkov,1999,article,Research and Technology 1998,0,Q12,yes
https://openalex.org/W805484783,,https://openalex.org/W805484783,Monitoring of forest ecosystems in Ireland : FOREM 9 project : final report,Gillian M. Boyle; E. P. Farrell,2004,other,Arrow@dit (Dublin Institute of Technology),6,Q05,no
https://openalex.org/W818304277,,https://openalex.org/W818304277,Capacitance tip timing techniques in gas turbines,Craig Lawson,2003,dissertation,CERES (Cranfield University),6,Q12,no
https://openalex.org/W819276577,,https://openalex.org/W819276577,Overview of Supersonic Aerodynamics Measurement Techniques in the NASA Langley Unitary Plan Wind Tunnel,Gary E. Erickson,2013,other,NASA STI Repository (National Aeronautics and Space Administration),3,Q08,no
https://openalex.org/W821041781,,https://openalex.org/W821041781,Quantitative assessment of elasticity properties of skin using surface acoustic wave (SAW) method,Chunhui Li,2014,dissertation,Discovery Research Portal (University of Dundee),0,Q10,no
https://openalex.org/W821600063,,https://openalex.org/W821600063,Assessment of residual stress using thermoelastic stress analysis,Andrew Robinson,2011,dissertation,ePrints Soton (University of Southampton),3,Q09,no
https://openalex.org/W847382871,,https://openalex.org/W847382871,Diesel low temperature combustion: an experimental study,Asish Kumar Sarangi,2012,article,Figshare,13,Q08,no
https://openalex.org/W848600043,,https://openalex.org/W848600043,Energy efficient engine: High pressure turbine uncooled rig technology report,W. B. Gardner,1979,other,NASA STI Repository (National Aeronautics and Space Administration),8,Q12,no
https://openalex.org/W848805088,,https://openalex.org/W848805088,"Expanded study of feasibility of measuring in-flight 747/JT9D loads, performance, clearance, and thermal data",G. P. Sallee; R. L. Martin,1980,other,NASA STI Repository (National Aeronautics and Space Administration),1,Q12,yes
